Merged motif (Total sequences: 1752)	5% stats	Median stats	95% stats	5% p-val	Median p-val	95% p-val	All mutation	Pos mutation	Neg mutation	Median score difference	Mean score difference
ARNT::HIF1A$MA0259.1|MAX$MA0058.1|TFEB$MA0692.1|MAX::MYC$MA0059.1|CLOCK$MA0819.1|Mycn$MA0104.3|Arnt$MA0004.1|USF1$MA0093.1|Npas2$MA0626.1|HES1$MA1099.2|MAX$MA0058.3|MXI1$MA1108.1|Mycn$MA0104.1|SOHLH2$MA1560.1|Myc$MA0147.1|USF2$MA0526.2|TFEC$MA0871.1|ARNT2$MA1464.1|TFE3$MA0831.1|MYC$MA0147.3|BHLHE40$MA0464.2|Bhlhe40$MA0464.1|MLX$MA0663.1|MNT$MA0825.1|HES2$MA0616.2|MLXIPL$MA0664.1|TFEC$MA0871.2|Mlxip$MA0622.1|HIF1A$MA1106.1|MAX$MA0058.2|Mycn$MA0104.2|Hes1$MA1099.1|MYCN$MA0104.4|Myc$MA0147.2|USF2$MA0526.1|Mitf$MA0620.1|TFE3$MA0831.2|MITF$MA0620.3|MXI1$MA1108.2|MITF$MA0620.2|USF1$MA0093.2|BHLHE41$MA0636.1|HEY1$MA0823.1|Arntl$MA0603.1|USF1$MA0093.3|HES6$MA1493.1|USF2$MA0526.3|Creb3l2$MA0608.1|SREBF1(var.2)$MA0829.2|SREBF2(var.2)$MA0828.1|HEY2$MA0649.1|Srebf1(var.2)$MA0829.1	15697.92	19768.72	23363.26	-0.63	0.35	1.81	273	153	120	0.119	0.165
RARA::RXRG$MA1149.1|RARA::RXRA$MA0159.1|RARA(var.2)$MA0730.1|Rarb(var.2)$MA0858.1	28270.52	33937.25	39556.75	-0.38	0.79	2.47	478	258	220	0.143	0.183
MAZ$MA1522.1|SP4$MA0685.1|KLF10$MA1511.1|SP3$MA0746.2|KLF4$MA0039.3|SP9$MA1564.1|SP3$MA0746.1|SP1$MA0079.3|KLF14$MA0740.1|SP1$MA0079.2|SP1$MA0079.4|Klf12$MA0742.1|KLF5$MA0599.1|ZNF148$MA1653.1|KLF16$MA0741.1|Klf1$MA0493.1|KLF4$MA0039.4|KLF9$MA1107.1|Klf4$MA0039.2|KLF3$MA1516.1|SP2$MA0516.1|KLF9$MA1107.2|SP8$MA0747.1|KLF2$MA1515.1|KLF6$MA1517.1|KLF11$MA1512.1	18297.22	22975.62	26666.97	-1.45	-0.2	0.82	270	119	151	-0.213	-0.319
GATA6$MA1104.2|Gata1$MA0035.2|GATA3$MA0037.2|GATA6$MA1104.1|Gata4$MA0482.1|Gata1$MA0035.3|GATA2$MA0036.2|GATA2$MA0036.3|GATA3$MA0037.3|GATA5$MA0766.1|GATA4$MA0482.2|GATA5$MA0766.2	15257.27	19243.29	22885.43	-1.98	-0.47	0.53	347	160	187	-0.13	-0.168
BATF::JUN$MA0462.2|BATF$MA1634.1|BATF::JUN$MA0462.1|BATF3$MA0835.2|FOS::JUN$MA0099.2|JUNB$MA0490.1|FOSL2$MA0478.1|FOSL1$MA0477.2|FOSL1$MA0477.1|JUN::JUNB$MA1132.1|JDP2$MA0655.1|JUN::FOS$MA0099.1|FOS$MA0476.1|FOS::JUND$MA1141.1|JUND$MA0491.2|FOSL1::JUND$MA1142.1|JUND$MA0491.1|FOS::JUNB$MA1134.1|Smad2::Smad3$MA1622.1|JUN(var.2)$MA0489.1|JUNB$MA0490.2|FOSL2::JUN$MA1130.1|FOSL1::JUN$MA1128.1|FOSL2::JUND$MA1144.1|FOSB::JUNB$MA1135.1|FOSL2::JUNB$MA1138.1|NFE2$MA0841.1|FOSL1::JUNB$MA1137.1|FOS::JUN$MA0099.3|BACH2$MA1101.2	15105.47	18956.33	22966.48	-0.06	1.34	3.49	295	169	126	0.153	0.348
CEBPB$MA0466.2|CEBPD$MA0836.1|CEBPE$MA0837.1|CEBPG$MA0838.1|CEBPA$MA0102.2|Cebpa$MA0102.1	13461.38	17415.0	20596.93	-0.63	0.31	1.67	271	142	129	0.065	0.109
TBP$MA0108.2|TBP$MA0108.1	26345.2	32019.5	37520.2	-2.41	-0.67	0.21	372	175	197	-0.079	-0.068
MEIS1$MA0498.2|MEIS2$MA0774.1|MEIS3$MA0775.1	9092.67	12182.17	14414.0	-1.3	-0.07	0.76	198	94	104	-0.046	-0.016
HAND2$MA1638.1|NHLH1$MA0048.2|ATOH1(var.2)$MA1467.1|MYOD1$MA0499.2|MSC$MA0665.1|SNAI2$MA0745.1|NHLH1$MA0048.1|MYF5$MA1641.1|TAL1::TCF3$MA0091.1|OLIG2$MA0678.1|MYF6$MA0667.1|SNAI3$MA1559.1|SNAI1$MA1558.1|Ascl2$MA0816.1|Ptf1a(var.2)$MA1619.1|Myod1$MA0499.1|OLIG3$MA0827.1|Tcf21$MA0832.1|Ptf1a$MA1618.1|NEUROD2$MA0668.1|BHLHE22$MA0818.1|Tcf12$MA0521.1|MYOG$MA0500.2|TFAP4$MA0691.1|Myog$MA0500.1|Twist2$MA0633.1|BHLHA15(var.2)$MA1472.1|Neurog1$MA0623.1|TCF21(var.2)$MA1568.1|SNAI2$MA0745.2|NEUROG2$MA0669.1|NEUROG1$MA0623.2|ASCL1(var.2)$MA1631.1|Tcf3$MA0522.1|NEUROG2(var.2)$MA1642.1|ZEB1$MA0103.3|BHLHE22(var.2)$MA1635.1|ZEB1$MA0103.2|OLIG1$MA0826.1|ASCL1$MA1100.1|TFAP4(var.2)$MA1570.1|TCF4$MA0830.2|Atoh1$MA0461.2|ASCL1$MA1100.2|FIGLA$MA0820.1|BHLHE23$MA0817.1|TCF4$MA0830.1|ATOH7$MA1468.1|TCF3$MA0522.2|TWIST1$MA1123.1|NEUROD1$MA1109.1|TWIST1$MA1123.2|Bhlha15$MA0607.1|TCF3$MA0522.3|Rbpjl$MA1621.1|ZBTB18$MA0698.1|Ptf1a(var.3)$MA1620.1|TCF12(var.2)$MA1648.1	14347.99	18297.65	21552.84	-0.75	0.25	1.56	266	152	114	0.121	0.16
TFAP2C$MA0524.1|TFAP2A$MA0003.2|TFAP2C(var.2)$MA0814.1|TFAP2A$MA0003.3|TFAP2B(var.2)$MA0812.1|TFAP2C(var.2)$MA0814.2|TFAP2A(var.2)$MA0810.1|TFAP2E$MA1569.1|TFAP2B$MA0811.1|TFAP2A$MA0003.4|TFAP2C$MA0524.2	14648.24	18514.27	22125.06	-1.84	-0.42	0.97	305	135	170	-0.213	-0.213
HOXA1$MA1495.1|Lhx8$MA0705.1|HOXA4$MA1496.1|HOXD4$MA1507.1|HOXC4$MA1504.1|HOXC8$MA1505.1|MEOX2$MA0706.1|Hoxb5$MA0904.1|LHX5$MA1519.1|LBX2$MA0699.1|LHX6$MA0658.1|Arx$MA0874.1|HOXB4$MA1499.1|PRRX1$MA0716.1|LHX1$MA1518.1|EN2$MA0642.1|NKX6-2$MA0675.1|LHX9$MA0701.2|MSX1$MA0666.1|HOXB6$MA1500.1|LHX2$MA0700.1|HOXA6$MA1497.1|GBX1$MA0889.1|Isl1$MA1608.1|Lhx4$MA0704.1|EVX1$MA0887.1|LHX9$MA0701.1|GSX2$MA0893.2|HOXA7$MA1498.1|ISX$MA0654.1|VAX1$MA0722.1|MSX2$MA0708.1|Dlx2$MA0885.1|HOXD8$MA0910.2|VAX2$MA0723.1|EN1$MA0027.2|HOXB8$MA1502.1|DRGX$MA1481.1|HOXB5$MA0904.2|EVX2$MA0888.1|NKX6-1$MA0674.1|HOXB7$MA1501.1|GBX2$MA0890.1|MNX1$MA0707.1|EMX1$MA0612.2|Nobox$MA0125.1|SHOX$MA0630.1|Msx3$MA0709.1|MIXL1$MA0662.1|HESX1$MA0894.1|DLX6$MA0882.1|UNCX$MA0721.1|RAX$MA0718.1|Dlx4$MA0881.1|Shox2$MA0720.1|EMX2$MA0886.1|ESX1$MA0644.1|HOXB2$MA0902.2|Dlx3$MA0880.1|ARGFX$MA1463.1|Pdx1$MA0132.1|RAX2$MA0717.1|PRRX2$MA0075.3|Prrx2$MA0075.2|mix-a$MA0621.1|Barhl1$MA0877.1|LMX1A$MA0702.2|PDX1$MA0132.2|HOXA2$MA0900.1|HOXB2$MA0902.1|TLX2$MA1577.1|GSX2$MA0893.1|MEOX1$MA0661.1|LMX1A$MA0702.1|LHX2$MA0700.2|BARX1$MA0875.1|Alx1$MA0854.1|HOXA5$MA0158.2|HOXB3$MA0903.1|DLX5$MA1476.1|VSX2$MA0726.1|BSX$MA0876.1|EMX1$MA0612.1|VSX1$MA0725.1|VENTX$MA0724.1|GSX1$MA0892.1|ALX3$MA0634.1|NOTO$MA0710.1|HOXD3$MA0912.2|Prrx2$MA0075.1|Alx4$MA0853.1|PAX4$MA0068.2|LMX1B$MA0703.1|Hoxd3$MA0912.1|LBX1$MA0618.1|POU6F1$MA0628.1|HOXA2$MA0900.2|Arid3b$MA0601.1|Dlx1$MA0879.1|LMX1B$MA0703.2	8689.73	11281.03	14064.58	-3.44	-1.26	0.05	190	72	118	-0.335	-0.414
Foxj2$MA0614.1|FOXO3$MA0157.2|FOXG1$MA0613.1|FOXN3$MA1489.1|FOXI1$MA0042.2|FOXA2$MA0047.3|FOXK2$MA1103.1|FOXD2$MA0847.1|FOXK2$MA1103.2|FOXO6$MA0849.1|Foxj3$MA0851.1|FOXP1$MA0481.1|FOXL1$MA0033.2|FOXF2$MA0030.1|FOXP1$MA0481.3|Foxk1$MA0852.1|FOXD1$MA0031.1|FOXA3$MA1683.1|Foxo1$MA0480.1|FOXO4$MA0848.1|FOXD2$MA0847.2|Foxf1$MA1606.1|FOXK1$MA0852.2|FOXA1$MA0148.4|FOXA1$MA0148.2|FOXA1$MA0148.3|FOXA1$MA0148.1|FOXP3$MA0850.1|Foxl2$MA1607.1|FOXC2$MA0846.1|FOXB1$MA0845.1|FOXP2$MA0593.1|FOXC1$MA0032.2|Foxa2$MA0047.2|FOXP1$MA0481.2	14815.52	18607.89	21899.99	-1.65	-0.27	0.68	201	92	109	-0.203	-0.254
TBX3$MA1566.1|TBX4$MA0806.1|TBX6$MA1567.1|MGA$MA0801.1|TBX2$MA0688.1|TBX5$MA0807.1|TBR1$MA0802.1|TBX15$MA0803.1|EOMES$MA0800.1|TBX21$MA0690.1|TBX18$MA1565.1|TBX1$MA0805.1|TBX20$MA0689.1	15735.63	19808.73	23444.43	-0.58	0.4	1.85	296	164	132	0.115	0.16
ZBTB7B$MA0694.1|ZBTB7A$MA0750.1|ZBTB7C$MA0695.1	21840.17	27091.0	30985.97	-0.67	0.07	1.49	331	171	160	0.024	0.071
ELK3$MA0759.1|ETV1$MA0761.1|Gabpa$MA0062.2|ETS2$MA1484.1|ETV4$MA0764.1|ELK1$MA0028.2|ETV5$MA0765.1|FEV$MA0156.2|FLI1$MA0475.2|ELK4$MA0076.2|ERG$MA0474.2|ERF$MA0760.1|ELK4$MA0076.1|ELF1$MA0473.2|ETV2$MA0762.1|ETS1$MA0098.3|ELF1$MA0473.1|ELF2$MA1483.1|ELF4$MA0641.1|ETV5$MA0765.2|FLI1$MA0475.1|ETV3$MA0763.1|ZBTB7A$MA0750.2|EHF$MA0598.3|ELF5$MA0136.2|IKZF1$MA1508.1|ETV1$MA0761.2|GABPA$MA0062.3|ETV6$MA0645.1|Ets1$MA0098.2|ELF1$MA0473.3|EHF$MA0598.2|Spi1$MA0080.3|Erg$MA0474.1|SPIB$MA0081.2|GABPA$MA0062.1|ELK1$MA0028.1|SPI1$MA0080.5|ELF3$MA0640.1|ELF3$MA0640.2|FEV$MA0156.1|ELF5$MA0136.1|ETV4$MA0764.2|SPI1$MA0080.2|ETS1$MA0098.1|EHF$MA0598.1	17500.12	21766.28	26450.37	13.82	18.93	24.63	407	301	106	0.896	1.126
NFIC$MA0161.1|NFIX$MA0671.1|NFIA$MA0670.1|NFIC$MA0161.2	7721.52	9994.62	12756.92	-6.83	-3.79	-1.67	168	54	114	-0.468	-0.581
THAP11$MA1573.1	27135.8	33585.5	39685.5	-3.19	-1.06	0.0	386	177	209	-0.066	-0.176
BARHL2$MA0635.1|BARHL1$MA0877.2	12163.15	15668.5	18731.5	-0.55	0.24	1.51	264	141	123	0.044	0.072
NR2F2$MA1111.1|Esrra$MA0592.2|NR4A1$MA1112.2|NR4A1$MA1112.1|ESRRB$MA0141.3|ESRRA$MA0592.1|ESRRA$MA0592.3|Esrrg$MA0643.1|NR5A1$MA1540.1|Esrrb$MA0141.2|Esrrb$MA0141.1	17123.9	21498.64	25263.95	-1.88	-0.42	0.49	319	133	186	-0.105	-0.127
Rxra$MA0512.1	12605.2	16238.5	18763.5	-0.88	-0.07	1.07	256	126	130	-0.066	0.04
NFIX(var.2)$MA1528.1|NFIC(var.2)$MA1527.1|NFIC::TLX1$MA0119.1|NFIB$MA1643.1	22852.52	28072.38	32620.98	-1.82	-0.35	0.41	374	171	203	-0.219	-0.073
E2F6$MA0471.1|TFDP1$MA1122.1|E2F3$MA0469.1|E2F4$MA0470.1|E2F1$MA0024.2|E2F6$MA0471.2	22272.97	27588.67	31949.73	-0.8	0.08	1.17	319	169	150	0.107	0.042
CREB3$MA0638.1|CREB3L4$MA1474.1|CREB3L1$MA0839.1|ATF6$MA1466.1|XBP1$MA0844.1	29140.72	35086.8	41246.0	-0.12	1.06	3.11	415	229	186	0.155	0.195
ONECUT3$MA0757.1|ONECUT1$MA0679.2|ONECUT2$MA0756.1|ONECUT1$MA0679.1	19259.38	23750.5	28473.28	-2.61	-0.58	0.26	300	135	165	-0.201	-0.215
IRF3$MA1418.1|IRF8$MA0652.1|IRF9$MA0653.1|IRF4$MA1419.1|IRF1$MA0050.2|IRF5$MA1420.1|STAT1$MA0137.1|IRF7$MA0772.1|STAT1::STAT2$MA0517.1|IRF1$MA0050.1|IRF2$MA0051.1|PRDM1$MA0508.1	18714.93	23134.83	28070.2	13.52	18.62	24.37	523	363	160	0.78	0.986
Egr1$MA0162.1|EGR2$MA0472.2|EGR4$MA0733.1|EGR1$MA0162.2|EGR3$MA0732.1|EGR1$MA0162.3|EGR2$MA0472.1|EGR1$MA0162.4	20767.06	25536.56	30300.99	-0.3	1.04	3.16	313	186	127	0.36	0.418
TGIF2$MA0797.1|TGIF2LY$MA1572.1|TGIF2LX$MA1571.1|TGIF1$MA0796.1|PKNOX2$MA0783.1|PKNOX1$MA0782.1	12164.05	15747.08	18352.42	-0.89	-0.02	1.12	263	127	136	-0.035	0.107
TEAD1$MA0090.1	19052.8	23716.5	27903.4	-1.77	0.38	0.68	316	159	157	0.033	-0.143
TFCP2$MA0145.3|GRHL1$MA0647.1|GRHL2$MA1105.1	18194.0	22508.5	27062.2	0.37	2.16	4.74	306	186	120	0.374	0.365
PAX1$MA0779.1|PAX9$MA0781.1	27969.55	33714.5	39456.45	-0.37	0.78	2.6	419	220	199	0.037	0.214
FOXC1$MA0032.1	8809.8	11421.5	13973.3	-0.33	0.36	1.83	220	119	101	0.128	0.023
RUNX2$MA0511.2|RUNX3$MA0684.1	10202.6	13063.5	16265.65	2.07	4.63	8.17	254	158	96	0.622	0.588
BACH1$MA1633.1|BACH2$MA1101.1|MAFK$MA0496.3|NFE2L2$MA0150.1|MAF::NFE2$MA0501.1|NFE2L1$MA0089.2|Bach1::Mafk$MA0591.1|Nfe2l2$MA0150.2	22429.66	27453.44	32540.05	-0.1	1.49	3.66	343	191	152	0.137	0.33
ATF4$MA0833.1|CEBPA$MA0102.3|CEBPB$MA0466.1|CEBPA$MA0102.4|CEBPG(var.2)$MA1636.1|ATF4$MA0833.2|CEBPD$MA0836.2	21796.49	27106.29	31195.13	-1.23	-0.07	1.03	349	168	181	-0.163	-0.166
NR2F1(var.2)$MA1537.1|THRB$MA1574.1|Nr2f6$MA0677.1|PPARD$MA1550.1|PPARG::RXRA$MA0065.1|NR1H2::RXRA$MA0115.1|Rxra$MA0512.2|RXRG$MA0856.1|RXRB$MA0855.1|NR2C2$MA0504.1	18646.27	23025.5	27487.06	-2.65	-0.69	0.42	328	155	173	-0.096	-0.266
TEAD1$MA0090.2|TEAD1$MA0090.3|TEAD4$MA0809.2|TEAD3$MA0808.1|TEAD4$MA0809.1|TEAD2$MA1121.1	19437.63	23955.25	28496.88	-2.68	-0.78	0.17	303	125	178	-0.155	-0.183
Stat5b$MA1625.1|STAT1$MA0137.3|Stat4$MA0518.1|Stat5a$MA1624.1|Stat5a::Stat5b$MA0519.1|STAT1$MA0137.2|Stat3$MA0144.1|STAT3$MA0144.2	18754.75	23177.44	27604.01	-1.41	-0.08	1.31	379	177	202	-0.058	-0.126
NR1D2$MA1532.1|NR1D1$MA1531.1	27941.2	34049.75	39497.55	-2.08	-0.5	0.44	402	190	212	-0.112	-0.086
CUX1$MA0754.1|CUX2$MA0755.1	12625.0	16091.25	19706.1	-2.89	-0.95	0.42	261	122	139	-0.086	-0.223
RXRB(var.2)$MA1555.1|RARG(var.3)$MA1553.1|RXRG(var.2)$MA1556.1|RARB(var.3)$MA1552.1	21328.7	26490.38	30790.82	-0.86	0.13	1.31	333	182	151	0.092	0.058
Zfx$MA0146.2|Zfx$MA0146.1	12845.4	16291.5	19703.55	-2.22	-0.62	0.38	267	128	139	-0.096	-0.111
ISL2$MA0914.1|Nkx3-1$MA0124.2|NKX2-8$MA0673.1|NKX3-2$MA0122.2|Nkx3-2$MA0122.3|NKX2-3$MA0672.1	16149.18	20300.92	23936.43	-0.76	0.17	1.54	247	116	131	-0.072	-0.155
MEF2B$MA0660.1|MEF2A$MA0052.3|MEF2D$MA0773.1|MEF2A$MA0052.2|MEF2A$MA0052.4|MEF2C$MA0497.1|MEF2A$MA0052.1	14826.56	18544.21	22653.81	-0.37	1.61	3.96	252	140	112	0.245	0.437
JUN$MA0488.1|JUND(var.2)$MA0492.1|Gmeb1$MA0615.1|Creb5$MA0840.1|FOSB::JUN$MA1127.1|ATF3$MA0605.2|JDP2(var.2)$MA0656.1|CREB1$MA0018.4|GMEB2$MA0862.1|CREM$MA0609.2|CREB3L4(var.2)$MA1475.1|FOS::JUN(var.2)$MA1126.1|Atf1$MA0604.1|JUN::JUNB(var.2)$MA1133.1|CREB1$MA0018.3|JUNB(var.2)$MA1140.2|FOSL1::JUND(var.2)$MA1143.1|FOSB::JUNB(var.2)$MA1136.1|FOSL2::JUNB(var.2)$MA1139.1|Crem$MA0609.1|FOSL2::JUN(var.2)$MA1131.1|ATF7$MA0834.1|ATF2$MA1632.1|CREB1$MA0018.2|Atf3$MA0605.1|FOSL1::JUN(var.2)$MA1129.1|JUNB(var.2)$MA1140.1|FOSL2::JUND(var.2)$MA1145.1	19826.28	24570.09	28675.21	-0.98	0.1	1.43	350	148	202	-0.368	-0.231
ZBTB32$MA1580.1	11065.4	14329.0	16674.1	-0.75	-0.14	1.26	242	121	121	-0.001	0.028
Sox6$MA0515.1|SOX13$MA1120.1|SOX4$MA0867.2|SOX2$MA0143.4|SOX8$MA0868.2|SOX9$MA0077.1|SOX15$MA1152.1|Sox3$MA0514.1|SOX10$MA0442.2	11592.51	14803.5	18322.9	-3.82	-1.55	-0.13	262	105	157	-0.312	-0.363
PBX3$MA1114.1|PKNOX1$MA0782.2|PBX2$MA1113.1	29869.73	36032.33	41815.23	-0.61	0.41	1.75	426	224	202	0.048	0.117
Hmx1$MA0896.1|Hmx3$MA0898.1|Hmx2$MA0897.1	31825.6	38250.67	44684.8	-2.79	-0.87	0.29	418	196	222	-0.114	-0.17
MEIS1(var.2)$MA1639.1|PBX1$MA0070.1|Hoxc9$MA0485.1|Hoxa9$MA0594.1|MEIS2(var.2)$MA1640.1|PBX2$MA1113.2	17846.68	22115.83	26642.67	-4.21	-1.79	-0.17	316	135	181	-0.138	-0.304
OTX2$MA0712.2|PITX2$MA1547.1|PITX1$MA0682.2|Pitx1$MA0682.1|GSC2$MA0891.1|GSC$MA0648.1|OTX2$MA0712.1|PITX3$MA0714.1|OTX1$MA0711.1	10886.38	14213.61	17042.71	-2.29	-0.65	0.3	312	132	180	-0.17	-0.213
SMAD5$MA1557.1|SMAD3$MA0795.1	9862.1	13149.0	15372.6	-0.84	-0.08	1.12	238	117	121	-0.014	0.109
DMRTA2$MA1478.1|DMRTC2$MA1479.1|DMRT3$MA0610.1	18043.77	22632.0	27115.53	-0.78	0.38	1.77	328	177	151	0.089	0.132
HNF4G$MA0484.2|HNF4A$MA0114.4	22352.05	28002.5	31760.8	-1.25	0.11	0.78	337	171	166	0.008	-0.036
EBF1$MA0154.4|EBF1$MA0154.3|EBF3$MA1637.1|Ebf2$MA1604.1|EBF1$MA0154.2|EBF1$MA0154.1	18757.17	23148.42	27424.97	-2.3	-0.72	0.47	357	162	195	-0.108	-0.213
Tcfcp2l1$MA0145.1|Tcfcp2l1$MA0145.2	25029.35	30734.5	35743.65	-1.66	-0.32	0.62	359	179	180	-0.012	-0.031
TFAP2B(var.3)$MA0813.1|TFAP2A(var.3)$MA0872.1|TFAP2C(var.3)$MA0815.1	13468.2	17290.67	20150.57	-0.98	0.03	1.11	276	142	134	0.09	0.055
HOXB13$MA0901.2|HOXD13$MA0909.1|CDX1$MA0878.1|Hoxd9$MA0913.1|HOXB13$MA0901.1|CDX1$MA0878.2|CDX2$MA0465.2|CDX2$MA0465.1|HOXA10$MA0899.1|HOXA13$MA0650.1|CDX4$MA1473.1|HOXA13$MA0650.2|HOXD9$MA0913.2|HOXD13$MA0909.2	12665.99	16148.68	19476.44	-2.31	-0.61	0.44	323	144	179	-0.133	-0.127
MSGN1$MA1524.1	21272.7	26072.5	30157.0	-1.46	-0.18	0.61	327	162	165	-0.001	-0.027
Meis1$MA0498.1	29609.4	35921.0	42775.5	0.37	1.82	4.63	408	231	177	0.189	0.153
GATA3$MA0037.1	6215.8	8216.5	10544.1	-4.39	-1.97	-0.48	203	86	117	-0.226	-0.238
HOXC12$MA0906.1|HOXD10$MA1506.1|HOXC11$MA0651.1|HOXC9$MA0485.2|HOXD12$MA0873.1|HOXB9$MA1503.1|HOXD11$MA0908.1|Hoxa11$MA0911.1|HOXC10$MA0905.1	12017.21	15372.11	19109.28	0.62	2.58	5.42	289	174	115	0.389	0.37
TCF7$MA0769.2|TCF7L2$MA0523.1|Tcf7$MA0769.1|LEF1$MA0768.1|TCF7L1$MA1421.1	20871.96	25666.7	30518.14	-2.83	-0.97	0.08	258	114	144	-0.148	-0.248
HSF2$MA0770.1|HSF4$MA0771.1|HSF1$MA0486.2|HSF1$MA0486.1	19974.0	24856.62	29483.88	-2.23	-0.7	0.42	299	131	168	-0.142	-0.142
SCRT2$MA0744.1|SCRT1$MA0743.1|SCRT2$MA0744.2|SCRT1$MA0743.2	27374.1	33040.12	38901.07	-0.01	1.38	3.55	331	193	138	0.141	0.28
NR4A2::RXRA$MA1147.1|NR2F6(var.3)$MA1539.1|NR2F1(var.3)$MA1538.1|NR1H4::RXRA$MA1146.1	21934.82	26826.12	31926.4	-3.33	-1.21	-0.04	389	175	214	-0.193	-0.187
Klf4$MA0039.1	16956.0	21431.5	25389.4	-0.41	0.3	1.6	299	160	139	0.146	0.021
PAX7$MA0680.1|PAX3$MA0780.1	4990.6	6823.5	8919.5	-5.16	-2.38	-0.67	195	79	116	-0.184	-0.379
ESR2$MA0258.2|ESR1$MA0112.2|ESR2$MA0258.1	40377.5	48088.17	54665.23	-1.64	-0.27	0.54	385	184	201	-0.128	-0.029
Wt1$MA1627.1|Znf281$MA1630.1	17485.3	21881.25	25723.85	-1.04	0.01	1.12	339	173	166	0.032	0.068
RORA(var.2)$MA0072.1|RORA$MA0071.1|RORC$MA1151.1|RORB$MA1150.1	18114.35	22619.75	26522.9	-0.88	0.19	1.47	309	160	149	0.085	0.14
HLF$MA0043.3|NFIL3$MA0025.2	20909.55	25943.5	30330.0	-0.58	0.29	1.61	345	180	165	0.051	0.125
RFX4$MA0799.1|RFX3$MA0798.2|RFX3$MA0798.1|RFX2$MA0600.1|RFX2$MA0600.2|RFX1$MA0509.2|RFX5$MA0510.2|Rfx1$MA0509.1	26148.12	32166.88	36698.37	-1.36	-0.18	0.88	381	185	196	-0.08	-0.13
TP53$MA0106.1|TP63$MA0525.1|TP53$MA0106.3|TP53$MA0106.2|TP73$MA0861.1	27631.56	33536.6	38496.78	-1.82	-0.44	0.36	255	120	135	-0.191	-0.197
Nr2e1$MA0676.1	13043.8	16980.5	19619.1	-0.82	0.08	1.22	262	132	130	0.014	0.047
E2F2$MA0864.2|E2F1$MA0024.3|E2F4$MA0470.2	29599.37	35676.5	40869.03	-1.4	-0.17	0.65	459	219	240	-0.042	-0.053
NFYC$MA1644.1|NFYA$MA0060.3|NFYA$MA0060.1|NFYB$MA0502.1	20452.35	25118.75	29786.48	-2.74	-0.88	0.26	278	117	161	-0.132	-0.193
SPIC$MA0687.1|SPI1$MA0080.4	20715.05	25515.0	31001.1	12.91	17.98	23.74	451	312	139	0.731	0.845
Vdr$MA0693.1|NR1I2$MA1533.1	25929.95	31623.5	37217.7	-2.56	-0.8	0.09	315	137	178	-0.19	-0.135
NFATC4$MA1525.1|NFATC1$MA0624.1|NFATC3$MA0625.1	24341.0	29740.33	35295.3	0.01	1.21	3.29	351	194	157	0.259	0.185
Zic1::Zic2$MA1628.1|Zic2$MA1629.1	21617.05	26907.0	31089.8	-0.71	-0.01	1.38	286	142	144	-0.024	0.136
Sox11$MA0869.1|SOX21$MA0866.1|Sox1$MA0870.1|SOX4$MA0867.1	13788.38	17827.12	20731.22	-0.99	-0.01	1.09	246	128	118	0.081	0.089
ZNF740$MA0753.2|VEZF1$MA1578.1|ZNF740$MA0753.1	13781.1	17420.33	20723.13	-1.24	-0.11	0.79	282	125	157	-0.144	-0.083
E2F7$MA0758.1|E2F8$MA0865.1	14965.8	19315.5	22562.65	-1.51	-0.2	0.57	266	120	146	-0.231	-0.086
MAFA$MA1521.1|MAFK$MA0496.2|MAFG$MA0659.1|MAF$MA1520.1|MAFF$MA0495.2	35892.5	43572.4	48806.78	-0.97	0.05	1.04	347	183	164	0.102	0.091
REST$MA0138.1|REST$MA0138.2	24969.75	30206.0	36136.4	-3.11	-1.12	0.04	348	159	189	-0.298	-0.207
YY2$MA0748.1|YY2$MA0748.2	19282.3	23958.0	28467.0	-2.92	-0.99	0.25	320	147	173	-0.188	-0.162
SREBF1$MA0595.1|SREBF2$MA0596.1	11673.65	14935.5	17955.8	-1.98	-0.44	0.51	247	118	129	-0.067	-0.169
CTCFL$MA1102.2|CTCFL$MA1102.1	19178.9	24132.5	28094.35	-1.96	-0.45	0.57	303	137	166	-0.091	-0.109
RUNX1$MA0002.1	15641.4	19480.5	23652.1	0.03	1.22	3.31	298	162	136	0.146	0.243
Nkx3-2$MA0122.1	10730.6	13413.5	16788.7	0.07	1.13	3.06	248	141	107	0.241	0.138
ZBTB12$MA1649.1	15987.9	20777.5	23807.4	-1.04	-0.01	0.97	288	144	144	-0.0	0.019
DPRX$MA1480.1	13414.8	17075.5	20237.7	-1.83	-0.34	0.29	268	124	144	-0.111	-0.066
HNF1A$MA0046.2|HNF1B$MA0153.2	13495.9	17513.5	20297.7	-1.16	-0.1	0.8	291	137	154	-0.068	-0.026
RARA$MA0729.1|Rarb$MA0857.1|Rarg$MA0859.1|Nr2f6(var.2)$MA0728.1	15958.9	19925.0	23846.72	-2.38	-0.6	0.24	281	121	160	-0.168	-0.281
Pou2f3$MA0627.1|POU2F2$MA0507.1|POU3F3$MA0788.1|POU2F3$MA0627.2|POU3F4$MA0789.1|POU5F1B$MA0792.1|POU3F2$MA0787.1|POU3F1$MA0786.1|POU1F1$MA0784.1|POU5F1$MA1115.1|POU2F1$MA0785.1	19192.36	24169.5	28091.31	-0.89	0.19	1.39	367	205	162	0.231	0.171
Tbxt$MA0009.1	13191.6	16637.0	20512.6	-0.35	0.78	2.45	271	143	128	0.222	0.193
Stat6$MA0520.1	23005.9	28844.5	33041.2	-0.58	0.23	1.54	345	182	163	0.088	-0.014
PROX1$MA0794.1	15265.9	19180.0	22822.4	-1.9	-0.47	0.47	286	138	148	-0.013	-0.184
TBX19$MA0804.1|TBXT$MA0009.2	33524.05	40723.5	46987.0	-0.3	0.45	2.02	472	261	211	0.085	0.082
E2F3$MA0469.2|E2F2$MA0864.1	12731.05	16440.25	19199.15	-0.94	0.03	1.06	289	146	143	0.027	0.014
HNF4A$MA0114.1|HNF4G$MA0484.1|HNF4A$MA0114.2	22715.17	27604.67	33184.8	-5.16	-2.43	-0.71	354	148	206	-0.192	-0.247
SRF$MA0083.3|SRF$MA0083.1	13639.1	17757.75	20562.9	-0.96	-0.04	1.14	262	126	136	-0.033	0.086
MAFF$MA0495.3|NRL$MA0842.1|MAFG$MA0659.2|NRL$MA0842.2|Mafb$MA0117.2|MAFK$MA0496.1|MAFF$MA0495.1	23951.19	29294.29	34188.94	-2.23	-0.63	0.41	398	181	217	-0.134	-0.166
PHOX2B$MA0681.2|Phox2b$MA0681.1|PHOX2A$MA0713.1|PROP1$MA0715.1	13554.48	17036.25	20806.95	-3.1	-0.69	0.38	320	133	187	-0.211	-0.204
NKX2-2$MA1645.1|Nkx2-5(var.2)$MA0503.1	19575.35	24127.25	28830.55	-0.31	0.67	2.41	361	188	173	0.031	0.147
SP1$MA0079.1	11360.0	14588.0	17674.2	-3.04	-0.93	-0.06	256	110	146	-0.27	-0.124
GLI2$MA0734.1	20383.2	25748.5	28632.7	-1.0	-0.02	1.09	321	159	162	-0.03	-0.007
HLF$MA0043.2|DBP$MA0639.1|NFIL3$MA0025.1|TEF$MA0843.1	13722.92	17520.25	20691.08	-1.48	-0.24	0.53	286	128	158	-0.164	-0.009
GLI3$MA1491.1|GLI2$MA0734.2	24751.85	31143.25	34896.8	-1.0	0.0	0.98	362	184	178	0.018	-0.025
Gata1$MA0035.1|GATA2$MA0036.1	4396.6	6117.25	8048.45	-5.58	-2.7	-0.92	195	77	118	-0.199	-0.284
ZFP57$MA1583.1	21235.5	26095.5	31508.7	0.17	1.28	3.49	344	192	152	0.044	0.222
Ddit3::Cebpa$MA0019.1	20683.3	25415.5	30329.8	-2.42	-0.76	0.39	333	160	173	-0.051	-0.13
ZIC1$MA0696.1|ZIC5$MA1584.1|ZIC3$MA0697.1|ZIC4$MA0751.1	19791.82	24668.12	29127.48	-0.36	0.54	2.21	301	168	133	0.266	0.262
NR3C1$MA0113.3|NR3C2$MA0727.1|Ar$MA0007.3	19077.43	23452.0	28325.67	-3.58	-1.35	0.04	330	148	182	-0.052	-0.265
SIX1$MA1118.1|SIX2$MA1119.1	27789.9	33620.5	40008.8	0.86	2.75	5.86	340	198	142	0.305	0.281
RELA$MA0107.1|NFKB1$MA0105.3|NFKB1$MA0105.1|REL$MA0101.1	15237.08	19214.0	23243.05	-0.29	1.14	3.21	286	165	121	0.37	0.393
RUNX1$MA0002.2|RUNX2$MA0511.1	18292.45	22731.5	27477.85	-0.35	2.14	4.8	279	149	130	0.138	0.374
YY1$MA0095.2|ZFP42$MA1651.1	38852.0	45853.5	53020.8	-3.14	-1.03	0.31	329	149	180	-0.156	-0.23
FOXH1$MA0479.1	14018.6	17612.0	21403.7	0.02	0.97	2.94	281	155	126	0.092	0.128
Sox2$MA0143.2|Sox2$MA0143.1	25866.5	31430.75	37682.25	-3.12	-1.08	0.07	374	173	201	-0.097	-0.153
Gfi1b$MA0483.1|GFI1$MA0038.2	17463.05	22000.0	25821.15	-1.74	-0.34	0.55	286	136	150	-0.068	-0.129
ESR1$MA0112.1	25550.6	31600.0	35765.2	-0.87	-0.07	1.26	357	178	179	-0.019	0.031
Hnf4a$MA0114.3	22439.9	27526.0	32958.4	-4.87	-2.12	-0.51	362	156	206	-0.085	-0.284
HES7$MA0822.1|HES5$MA0821.1	7286.7	9489.25	11801.65	-0.27	0.46	2.12	179	97	82	0.095	0.135
THRB(var.2)$MA1575.1	31597.6	38451.0	43017.1	0.01	0.08	1.26	394	215	179	0.052	-0.045
POU4F1$MA0790.1|POU4F2$MA0683.1|POU4F3$MA0791.1	21462.1	26638.5	30861.97	-1.82	-0.41	0.52	329	148	181	-0.099	-0.165
NFATC2$MA0152.1|NFAT5$MA0606.1	13139.05	16677.0	20406.3	-3.59	-1.4	0.51	249	118	131	-0.123	-0.279
OVOL2$MA1545.1|OVOL1$MA1544.1	23158.25	28458.75	34243.15	1.14	3.33	6.44	383	229	154	0.154	0.311
Nr2e3$MA0164.1	3097.9	4375.5	5485.2	-1.43	-0.2	0.55	135	63	72	-0.061	-0.111
MYBL1$MA0776.1	16650.2	20651.0	25317.2	0.38	1.95	4.55	314	175	139	0.174	0.236
SOX14$MA1562.1|SOX12$MA1561.1	14881.85	18961.0	22286.35	-1.84	-0.42	0.55	261	116	145	-0.169	-0.175
SP2$MA0516.2	28240.1	34099.5	39893.2	-2.15	-0.54	0.6	381	189	192	-0.004	-0.177
PAX5$MA0014.2	37943.8	44973.5	52521.0	1.8	4.19	7.46	477	276	201	0.305	0.313
RREB1$MA0073.1	22556.8	27579.5	32317.9	-2.07	-0.53	0.29	343	162	181	-0.282	-0.117
DUXA$MA0884.1|DUX4$MA0468.1	13471.9	16964.25	20612.8	-4.21	-1.8	-0.06	310	139	171	-0.124	-0.244
ZBED1$MA0749.1	13051.9	16307.0	19425.5	-0.31	0.6	2.32	266	140	126	0.021	0.134
NR2C2(var.2)$MA1536.1|NR2C1$MA1535.1	11519.0	15115.0	17704.2	-0.92	0.06	1.18	240	123	117	0.036	0.051
ZNF684$MA1600.1	32626.9	39316.5	44709.8	-1.5	0.21	0.76	402	205	197	0.055	-0.075
CTCF$MA0139.1	40621.2	49774.0	55444.1	-1.06	-0.04	0.86	447	220	227	-0.036	0.045
GLIS3$MA0737.1|GLIS1$MA0735.1	14672.65	18690.75	22025.9	-0.53	0.2	1.66	313	167	146	0.124	0.11
Sox2$MA0143.3	4202.7	5720.5	7490.0	-3.0	-1.18	0.0	165	72	93	-0.246	-0.389
MZF1$MA0056.1	4897.9	6974.0	8361.6	-0.96	-0.02	0.94	167	78	89	-0.263	0.063
NR1I3$MA1534.1	11555.8	14592.0	17924.1	-0.05	0.85	2.93	255	140	115	0.179	0.146
NFKB1$MA0105.2|NFKB2$MA0778.1|NFKB1$MA0105.4	12079.9	15553.5	18259.17	-0.87	0.13	1.19	228	118	110	0.114	0.117
POU6F1(var.2)$MA1549.1|POU6F2$MA0793.1	11018.25	14544.25	17102.6	-1.48	-0.22	0.48	241	106	135	-0.183	-0.027
RBPJ$MA1116.1	14802.6	18467.5	22652.2	-3.68	-1.46	0.51	293	137	156	-0.068	-0.327
NR2F1$MA0017.1	16419.4	20751.5	25298.0	-3.83	-1.47	-0.23	310	137	173	-0.239	-0.205
Lhx3$MA0135.1	11242.0	14574.5	17400.5	-1.72	-0.24	0.53	246	117	129	-0.132	-0.065
Sox17$MA0078.1	7254.3	9405.0	12023.2	-5.1	-2.44	-0.53	220	97	123	-0.223	-0.316
NHLH2$MA1529.1	25343.7	30769.5	35985.4	-0.41	0.36	1.81	359	185	174	0.014	0.08
GCM1$MA0646.1|GCM2$MA0767.1	18425.2	22801.75	27011.95	-2.09	-0.55	0.34	319	153	166	-0.043	-0.13
HINFP$MA0131.1	23329.3	28430.0	33947.7	1.33	3.66	6.77	381	229	152	0.292	0.365
Hic1$MA0739.1|HIC2$MA0738.1	11050.25	14272.75	17977.15	-5.2	-2.44	-0.71	260	107	153	-0.233	-0.333
KLF17$MA1514.1	26893.2	32465.0	36645.0	-0.78	0.11	1.16	363	184	179	0.005	0.061
Pparg::Rxra$MA0065.2	27428.9	33483.0	39285.2	-2.52	-0.75	0.29	381	182	199	-0.026	-0.137
Tal1::Gata1$MA0140.1	43317.6	51341.0	59621.9	-4.25	-1.77	-0.15	484	223	261	-0.051	-0.144
SPDEF$MA0686.1	21040.8	25878.5	31045.6	6.31	9.98	14.89	405	264	141	0.601	0.698
Rhox11$MA0629.1	27695.1	33735.0	39228.6	-1.5	-0.23	0.33	373	172	201	-0.088	-0.03
Pou5f1::Sox2$MA0142.1	27106.6	33150.0	38169.1	-1.5	0.24	0.73	370	189	181	0.046	-0.09
ZNF274$MA1592.1	36955.5	45399.5	50805.0	-1.21	0.07	0.76	428	217	211	0.004	-0.047
Hand1::Tcf3$MA0092.1	14324.0	17974.5	22037.7	-3.39	-1.25	-0.19	287	115	172	-0.188	-0.156
THAP1$MA0597.1	9625.2	12329.5	15452.8	-5.53	-2.74	-0.86	252	98	154	-0.22	-0.195
HOXA5$MA0158.1	10836.0	14172.5	16771.5	-0.87	0.1	1.25	240	120	120	0.0	0.063
Myb$MA0100.2	13388.2	17382.0	20520.2	-0.64	0.16	1.49	267	135	132	0.029	0.036
NR4A2$MA0160.1	7329.4	9988.5	11861.0	-1.43	-0.18	0.52	203	94	109	-0.143	-0.052
RHOXF1$MA0719.1	6834.4	9319.5	11949.8	-4.3	-1.79	-0.34	214	85	129	-0.226	-0.122
Ahr::Arnt$MA0006.1	5344.4	7206.0	9277.4	-0.44	0.94	2.94	182	97	85	0.341	0.27
AR$MA0007.2	24114.1	29852.5	34396.9	-0.61	0.28	1.72	352	177	175	0.007	0.108
Tcfl5$MA0632.1	15965.0	19790.5	23877.4	0.02	0.51	2.13	291	162	129	0.129	0.055
HLTF$MA0109.1	13476.5	16901.0	20860.6	-3.64	-1.48	-0.21	281	118	163	-0.21	-0.158
YY1$MA0095.1	3034.3	4461.0	5911.6	-11.51	-7.66	-4.39	184	61	123	-0.856	-0.826
CREB1$MA0018.1	23320.6	29231.5	32469.1	-1.14	0.02	0.95	342	172	170	0.04	0.001
Dmbx1$MA0883.1	35563.2	43709.0	48420.0	-0.91	0.01	1.02	418	212	206	0.029	-0.005
Arid3a$MA0151.1	2235.8	3225.0	4471.6	-5.13	-2.4	-0.69	134	54	80	-0.67	-0.546
ZSCAN29$MA1602.1	16160.2	20060.5	24510.6	-3.02	-1.11	0.03	301	136	165	-0.158	-0.18
EWSR1-FLI1$MA0149.1	4493.3	6154.5	7880.7	-2.37	-0.68	0.0	166	72	94	-0.244	-0.254
MZF1$MA0056.2	25240.8	30630.0	35890.6	-1.9	-0.41	0.26	359	167	192	-0.076	-0.044
ZNF16$MA1654.1	34364.0	41494.0	47968.2	-2.0	-0.45	0.45	418	204	214	-0.042	-0.078
BARX2$MA1471.1	15617.6	19660.0	23426.2	-1.96	-0.5	0.37	290	138	152	-0.039	-0.086
MTF1$MA0863.1	18680.1	23280.5	27084.9	-1.46	-0.22	0.5	310	147	163	-0.147	-0.088
Nr1h3::Rxra$MA0494.1	50233.2	60000.5	66379.0	-0.8	0.08	1.23	492	252	240	0.052	0.02
KLF15$MA1513.1	8943.6	11594.5	14290.1	-2.82	-0.84	0.0	228	102	126	-0.208	-0.191
Sox5$MA0087.1	2814.9	3936.0	5262.0	-2.4	-0.82	0.0	135	57	78	-0.071	-0.18
ZNF135$MA1587.1	25807.4	32305.0	36732.9	-1.09	0.07	0.85	361	181	180	0.003	-0.037
NFYB$MA0502.2	13903.6	17472.5	21621.8	-2.83	-0.9	0.51	279	134	145	-0.051	-0.186
znf143$MA0088.1	47056.9	55864.0	62260.0	-1.33	-0.12	0.67	476	230	246	-0.071	-0.041
BCL6$MA0463.2	32472.8	38582.0	44849.2	-0.41	0.44	1.89	403	212	191	0.102	0.026
ZNF528$MA1597.1	26592.4	33214.5	37285.2	-0.9	0.03	1.02	365	185	180	0.029	0.019
Nr5a2$MA0505.1	20342.4	25161.0	29926.9	-2.53	-0.73	0.08	331	151	180	-0.068	-0.178
ZNF652$MA1657.1	16605.6	20584.0	24650.4	-0.15	0.59	2.21	298	163	135	0.054	0.109
Gfi1$MA0038.1	13551.6	17371.5	20789.8	-1.65	-0.32	0.58	270	135	135	-0.003	-0.126
ZNF449$MA1656.1	18877.6	23057.5	27228.9	-2.26	-0.59	0.21	315	145	170	-0.049	-0.091
Prdm15$MA1616.1	39994.1	48951.5	54531.7	-0.88	-0.03	1.11	443	218	225	-0.021	0.026
ZKSCAN1$MA1585.1	14069.7	17639.0	20773.2	-1.56	-0.27	0.38	271	124	147	-0.068	-0.021
FOXO3$MA0157.1	6463.3	8782.0	10839.0	-2.12	-0.56	0.22	196	90	106	-0.248	-0.176
Six3$MA0631.1	34407.9	41812.5	49761.4	-4.19	-1.65	-0.28	437	189	248	-0.245	-0.191
NR6A1$MA1541.1	40193.5	47715.5	54502.0	-1.53	-0.32	0.53	445	221	224	-0.016	-0.06
GLIS2$MA0736.1	17998.2	22515.5	26867.4	-2.05	-0.44	0.27	309	145	164	-0.093	-0.101
SRY$MA0084.1	8510.9	11262.5	13821.7	-2.17	-0.61	0.15	222	101	121	-0.086	-0.165
ESR1$MA0112.3	14201.7	17872.5	21434.8	-1.85	-0.39	0.23	275	127	148	-0.106	-0.077
BCL6B$MA0731.1	5270.0	7319.5	9069.2	-1.88	-0.31	0.54	176	85	91	-0.064	-0.134
Atoh1$MA0461.1	5556.3	7578.0	9655.7	0.05	0.8	2.74	185	107	78	0.608	0.196
GRHL2$MA1105.2	15691.7	19659.0	23920.6	-0.23	1.37	3.7	301	161	140	0.105	0.258
RXRA::VDR$MA0074.1	13588.6	17655.5	20893.8	-0.91	-0.16	1.4	269	129	140	-0.049	0.076
ZNF682$MA1599.1	25659.2	32070.0	36182.7	-0.91	0.04	1.21	359	186	173	0.043	-0.044
Mafb$MA0117.1	9973.0	12787.0	15449.3	-0.39	0.26	1.63	231	125	106	0.057	0.063
FERD3L$MA1485.1	11896.2	15109.0	18660.8	0.5	2.11	4.79	272	161	111	0.27	0.31
PLAGL2$MA1548.1	5494.8	7363.0	9524.7	-4.0	-1.61	-0.13	190	83	107	-0.252	-0.341
ZKSCAN5$MA1652.1	30711.0	37561.5	44569.5	1.28	3.52	6.73	433	240	193	0.116	0.395
ZSCAN4$MA1155.1	29255.5	36187.5	40772.2	-1.03	0.0	1.02	380	193	187	0.017	0.023
MYBL2$MA0777.1	19360.6	24592.5	29464.6	0.17	1.62	4.12	338	186	152	0.209	0.193
NR3C1$MA0113.2	28360.4	34838.0	39696.1	-0.66	0.19	1.52	378	196	182	0.033	0.069
PRDM4$MA1647.1	11272.2	14381.0	18318.1	3.93	7.65	11.92	302	194	108	0.333	0.569
Crx$MA0467.1	13999.9	17640.0	21090.9	-1.97	-0.38	0.21	273	124	149	-0.106	-0.064
MZF1(var.2)$MA0057.1	15070.6	19719.0	22417.6	-1.06	-0.02	0.96	281	134	147	-0.066	-0.007
Ar$MA0007.1	52578.1	61769.0	70720.6	-0.21	0.84	2.71	516	272	244	0.123	0.051
HNF1A$MA0046.1	15730.9	19717.0	24214.2	0.77	2.49	5.17	312	181	131	0.504	0.302
Smad4$MA1153.1	5423.7	7293.5	9172.5	-2.25	-0.56	0.13	179	80	99	-0.254	-0.119
NRF1$MA0506.1	11109.9	14356.5	17069.4	-0.62	0.23	1.52	244	123	121	0.017	0.121
RFX5$MA0510.1	28147.8	34466.5	39626.2	-1.58	-0.23	0.5	377	176	201	-0.12	-0.027
SPI1$MA0080.1	7341.7	9531.5	12125.8	4.04	7.31	11.14	251	160	91	0.434	0.656
NR2F1$MA0017.2	16566.4	21332.5	25748.1	-2.89	-0.94	-0.06	308	135	173	-0.142	-0.078
ZNF143$MA0088.2	20534.9	25055.5	29200.2	-1.49	-0.29	0.53	323	153	170	-0.047	-0.03
OSR2$MA1646.1	15825.3	19848.0	24065.2	0.42	1.93	4.46	308	175	133	0.128	0.218
PPARG$MA0066.1	33222.6	40096.0	45818.6	-0.56	0.3	1.7	408	205	203	0.041	0.082
INSM1$MA0155.1	18218.9	23007.0	26733.0	-1.47	-0.12	0.71	306	147	159	-0.065	0.008
ZNF263$MA0528.1	47690.3	56674.0	63360.5	-1.23	-0.1	0.75	479	239	240	-0.001	-0.038
HOXA9$MA0594.2	14524.8	18521.5	22688.0	-0.69	1.33	3.39	292	153	139	0.039	0.159
SMAD2::SMAD3::SMAD4$MA0513.1	20239.9	25129.0	29135.6	-1.82	-0.32	0.53	324	159	165	-0.014	-0.092
ZNF263$MA0528.2	16172.3	20014.0	23996.2	-2.02	-0.47	0.44	292	142	150	-0.022	-0.121
VDR$MA0693.2	6470.0	8611.0	11045.3	0.54	2.16	4.72	209	126	83	0.183	0.253
NFYA$MA0060.2	35603.1	42003.0	49174.8	-3.15	-1.1	-0.08	431	194	237	-0.136	-0.124
TFAP2A$MA0003.1	7797.2	10358.5	12513.2	-0.66	0.14	1.39	206	106	100	0.101	-0.025
ZBTB33$MA0527.1	28460.3	34424.0	40113.6	-1.79	-0.39	0.5	380	186	194	-0.03	-0.079
PAX6$MA0069.1	28753.3	34703.0	40865.6	2.19	4.64	8.1	426	249	177	0.353	0.369
Dux$MA0611.1	4106.4	5668.0	7463.4	-5.36	-2.61	-0.71	175	68	107	-0.254	-0.452
FOXE1$MA1487.1	18606.0	23533.0	27031.0	-0.73	-0.1	1.25	309	152	157	-0.022	0.045
THRB(var.3)$MA1576.1	30023.2	36994.0	42041.2	-1.15	0.09	0.86	387	202	185	0.116	-0.035
CENPB$MA0637.1	36617.8	43810.5	51830.8	-0.11	0.97	2.94	438	233	205	0.151	0.107
Dmrt1$MA1603.1	17523.2	22221.0	26101.9	-0.29	0.33	1.74	305	164	141	0.106	0.039
ZBTB26$MA1579.1	22843.8	28116.0	33777.9	-6.34	-3.29	-1.21	376	159	217	-0.065	-0.264
PPARA::RXRA$MA1148.1	41243.5	49091.0	56679.0	-2.89	-0.96	0.07	463	215	248	-0.088	-0.119
ZNF140$MA1589.1	47844.2	56191.5	63660.6	-1.82	-0.33	0.53	483	236	247	-0.041	-0.068
Plagl1$MA1615.1	16241.8	20117.5	24554.9	-3.74	-1.53	-0.22	306	130	176	-0.126	-0.199
HNF1B$MA0153.1	11457.9	14968.5	17607.8	-1.29	0.12	0.72	247	124	123	0.002	-0.052
PAX5$MA0014.3	19856.4	24756.5	29316.0	-0.5	0.64	2.33	327	168	159	0.05	0.122
OSR1$MA1542.1	12279.3	15715.5	19578.3	0.26	1.55	3.8	272	153	119	0.166	0.261
Bcl6$MA0463.1	20731.9	25405.0	30347.4	-2.17	-0.63	0.65	331	164	167	-0.069	-0.148
HINFP$MA0131.2	20938.6	26147.0	31582.3	1.14	3.24	6.5	363	217	146	0.296	0.317
ZNF282$MA1154.1	35686.2	43288.5	48937.3	-1.32	0.15	0.69	420	210	210	0.001	-0.018
En1$MA0027.1	14518.4	18654.0	21698.0	-1.46	-0.18	0.65	277	136	141	-0.06	-0.065
ZNF317$MA1593.1	15930.3	20782.0	23491.7	-1.15	-0.01	0.99	288	141	147	-0.044	0.008
Hes2$MA0616.1	23355.2	28571.5	33921.1	0.04	0.65	2.36	351	197	154	0.199	0.053
NR3C1$MA0113.1	34959.9	42325.5	48435.0	-0.45	0.3	1.67	419	216	203	0.062	0.039
SPIB$MA0081.1	5406.0	7395.5	9702.7	8.06	12.15	16.61	249	172	77	0.935	0.958
TP63$MA0525.2	10374.8	13573.0	16321.8	-1.37	0.21	0.75	237	122	115	0.167	-0.113
SOX8$MA0868.1	5629.6	7511.5	9836.7	-4.03	-1.76	-0.29	193	77	116	-0.618	-0.411
HNF4A(var.2)$MA1494.1	18900.0	23366.5	28102.4	-5.02	-2.37	-0.71	337	148	189	-0.197	-0.315
Mecom$MA0029.1	19852.0	24590.0	29134.7	-2.61	-0.86	-0.04	329	146	183	-0.302	-0.166
HMBOX1$MA0895.1	10289.0	13292.5	16557.3	0.31	1.76	4.0	253	142	111	0.165	0.191
SRF$MA0083.2	40819.6	48272.0	55199.6	-0.42	0.34	1.65	448	231	217	0.081	0.066
NR1H4$MA1110.1	16137.0	20327.5	23837.2	-1.72	-0.34	0.48	292	140	152	-0.027	-0.051
PLAG1$MA0163.1	12883.8	16359.0	19811.7	-2.16	-0.51	0.31	265	123	142	-0.228	-0.159
Pax5$MA0014.1	44548.5	52405.5	61547.8	1.05	3.01	6.04	502	290	212	0.258	0.211
RELB$MA1117.1	21243.5	26222.0	30384.3	-1.56	-0.23	0.45	329	157	172	-0.083	-0.002
Foxa2$MA0047.1	17953.2	22302.0	26499.3	-1.75	-0.35	0.46	306	148	158	-0.091	-0.092
SOX10$MA0442.1	3559.6	5264.5	6422.5	-0.83	0.02	0.98	145	74	71	0.071	-0.017
FOXL1$MA0033.1	9632.2	12584.0	15221.3	-1.68	-0.31	0.48	230	108	122	-0.1	-0.087
HOXC13$MA0907.1	14552.0	18246.5	21573.0	-0.55	0.29	1.67	276	139	137	0.008	0.08
ZNF460$MA1596.1	19072.9	24596.0	28034.6	-1.07	0.07	0.92	315	163	152	0.053	-0.046
NKX2-5$MA0063.2	15665.1	19549.0	23004.0	-0.71	-0.37	1.84	287	142	145	-0.006	0.118
NKX3-1$MA0124.1	4454.0	6400.0	7734.9	-1.18	-0.08	0.87	161	80	81	-0.07	-0.071
PAX3(var.2)$MA1546.1	38173.2	45968.0	51661.5	-0.68	0.16	1.32	433	224	209	0.05	0.033
ZNF354C$MA0130.1	5454.0	7459.0	9448.5	-0.57	0.27	1.57	177	91	86	0.089	0.136
Spz1$MA0111.1	16382.6	20572.0	24376.7	-2.19	-0.53	-0.03	297	129	168	-0.222	-0.08
PRDM1$MA0508.3	16529.8	20673.5	24941.9	-0.18	2.37	5.06	318	173	145	0.165	0.275
MAFG::NFE2L1$MA0089.1	5036.4	6971.5	8480.1	-0.76	-0.19	1.51	170	83	87	-0.078	0.089
ZNF136$MA1588.1	24035.9	29601.0	35211.8	-2.96	-0.99	0.16	362	169	193	-0.117	-0.184
MSANTD3$MA1523.1	16908.7	21309.0	25089.1	-0.45	0.29	1.63	298	159	139	0.073	0.046
HLF$MA0043.1	19933.6	24380.0	29197.7	-0.23	0.96	2.8	329	174	155	0.138	0.141
Hoxd8$MA0910.1	25012.9	30678.5	36561.8	-3.05	-0.96	-0.03	368	166	202	-0.173	-0.128
ZNF384$MA1125.1	12385.0	15932.0	19160.9	-0.5	0.34	1.7	259	132	127	0.043	0.033
Foxq1$MA0040.1	9791.6	12704.0	15714.2	-2.67	-0.73	0.16	237	109	128	-0.113	-0.13
Znf423$MA0116.1	18774.7	23161.0	27738.4	-2.48	-0.74	0.33	318	151	167	-0.08	-0.177
ZNF410$MA0752.1	9725.4	12683.5	15764.6	-6.68	-3.38	-1.3	260	103	157	-0.231	-0.474
Nkx2-5$MA0063.1	5561.0	7570.5	9632.2	-2.23	-0.62	0.2	183	84	99	-0.199	-0.149
PRDM1$MA0508.2	13990.6	17773.5	21598.1	2.87	5.58	9.48	319	190	129	0.344	0.622
KLF13$MA0657.1	39721.4	47600.0	55016.8	-2.52	-0.77	0.09	453	211	242	-0.101	-0.095
Stat2$MA1623.1	13116.7	16477.5	20354.8	10.33	14.86	20.2	358	241	117	0.73	0.87
ZBTB6$MA1581.1	16127.1	20149.5	23289.0	-1.4	-0.19	0.68	288	144	144	-0.001	-0.051
BACH2(var.2)$MA1470.1	18173.4	22576.0	26722.3	-0.39	0.48	1.97	310	161	149	0.091	0.146
ZNF24$MA1124.1	22174.1	27594.0	31580.2	-0.75	0.08	1.18	334	171	163	0.022	0.045
NKX6-3$MA1530.1	7839.0	10313.0	13054.6	-4.51	-1.97	-0.35	226	99	127	-0.171	-0.255
SOX18$MA1563.1	8710.9	11418.0	13951.8	-1.84	-0.36	0.39	220	105	115	-0.109	-0.084
ZEB1$MA0103.1	6648.0	8837.5	10966.5	-1.75	-0.37	0.51	194	95	99	-0.07	-0.074
ZBTB14$MA1650.1	15469.2	19663.5	23173.3	-0.54	0.27	1.57	286	146	140	0.064	0.091
Arid5a$MA0602.1	21260.9	26121.0	31037.0	-0.42	0.87	2.85	339	177	162	0.071	0.135
IRF6$MA1509.1	10346.4	13521.5	16934.8	7.07	11.07	15.9	312	222	90	0.466	0.746
Myb$MA0100.1	6141.8	8295.5	10513.0	-0.41	0.51	2.04	190	100	90	0.07	0.142
Foxd3$MA0041.1	16635.6	20860.5	24779.7	-1.66	-0.35	0.34	296	137	159	-0.143	-0.064
E2F3$MA0469.3	8391.6	11484.5	13679.5	-1.05	0.05	0.81	215	111	104	0.006	-0.019
RUNX3$MA0684.2	16740.6	21046.5	25811.2	0.42	1.96	4.42	317	184	133	0.092	0.204
FOXI1$MA0042.1	12423.3	15586.0	19016.9	-0.16	0.9	2.61	264	143	121	0.085	0.161
MYB$MA0100.3	9979.0	12734.0	15903.5	0.33	1.77	4.14	248	139	109	0.054	0.231
RFX7$MA1554.1	14137.3	17985.5	21401.9	-0.46	0.34	1.89	275	141	134	0.037	0.04
E2F1$MA0024.1	10935.0	13942.0	16991.4	-1.84	-0.37	0.46	243	117	126	-0.181	-0.109
Rarg(var.2)$MA0860.1	13740.9	17695.5	21721.8	-3.37	-1.18	-0.03	284	128	156	-0.138	-0.241
Pax4$MA0068.1	133394.5	152071.0	162914.5	-0.91	-0.04	1.1	781	385	396	-0.037	0.01
ZNF75D$MA1601.1	16204.7	20070.5	23785.8	-0.53	0.27	1.57	289	147	142	0.008	0.094
Pax2$MA0067.1	11132.1	14259.0	17718.4	0.33	1.81	4.38	262	151	111	0.202	0.171
ZNF382$MA1594.1	28404.4	34846.5	40947.5	-2.11	-0.48	0.27	384	178	206	-0.121	-0.082
GATA1::TAL1$MA0140.2	44618.1	52628.0	59526.2	-1.71	-0.27	0.51	466	229	237	-0.038	-0.05
GATA1$MA0035.4	14367.8	18302.0	22297.1	-2.19	-0.57	0.0	281	126	155	-0.105	-0.097
TCFL5$MA0632.2	12491.9	15932.0	19316.6	-0.15	0.61	2.26	263	143	120	0.203	0.127
LIN54$MA0619.1	5783.4	7810.5	9820.1	0.17	1.34	3.53	193	114	79	0.372	0.232
ZNF341$MA1655.1	15445.7	20042.5	22711.7	-1.07	0.01	0.98	283	147	136	0.019	-0.026
