Merged motif (Total sequences: 1212)	5% stats	Median stats	95% stats	5% p-val	Median p-val	95% p-val	All mutation	Pos mutation	Neg mutation	Median score difference	Mean score difference
TFEC$MA0871.1|TFE3$MA0831.1|MLXIPL$MA0664.1|TFE3$MA0831.2|TFEB$MA0692.1|MITF$MA0620.2|HIF1A$MA1106.1|Arntl$MA0603.1|USF1$MA0093.2|USF2$MA0526.1|MITF$MA0620.3|Bhlhe40$MA0464.1|TFEC$MA0871.2|MAX$MA0058.1|ARNT2$MA1464.1|MAX$MA0058.3|BHLHE40$MA0464.2|USF2$MA0526.3|SOHLH2$MA1560.1|Srebf1(var.2)$MA0829.1|HES2$MA0616.2|USF1$MA0093.1|MLX$MA0663.1|USF1$MA0093.3|HES5$MA0821.1|HEY2$MA0649.1|MAX::MYC$MA0059.1|Tcfl5$MA0632.1|HES6$MA1493.1|Mitf$MA0620.1|SREBF2(var.2)$MA0828.1|Npas2$MA0626.1|Mycn$MA0104.3|Mycn$MA0104.1|MAX$MA0058.2|Mycn$MA0104.2|HES1$MA1099.2|Hes1$MA1099.1|MYCN$MA0104.4|HEY1$MA0823.1|Arnt$MA0004.1|USF2$MA0526.2|MNT$MA0825.1|SREBF1(var.2)$MA0829.2|BHLHE41$MA0636.1|MXI1$MA1108.2|Creb3l2$MA0608.1|Myc$MA0147.2|HES7$MA0822.1|Mlxip$MA0622.1|Myc$MA0147.1|MYC$MA0147.3|MXI1$MA1108.1|ARNT::HIF1A$MA0259.1|CLOCK$MA0819.1	6194.39	8322.51	10208.27	-0.73	0.3	1.62	161	99	62	0.306	0.284
RARA(var.2)$MA0730.1|Rarb(var.2)$MA0858.1	6374.9	8689.25	10326.15	-0.91	-0.08	1.11	204	100	104	-0.025	0.058
SP8$MA0747.1|KLF5$MA0599.1|KLF3$MA1516.1|SP1$MA0079.4|KLF16$MA0741.1|KLF4$MA0039.4|SP3$MA0746.2|KLF11$MA1512.1|KLF9$MA1107.2|Klf4$MA0039.2|KLF9$MA1107.1|SP4$MA0685.1|KLF2$MA1515.1|KLF14$MA0740.1|SP3$MA0746.1|KLF6$MA1517.1|Klf1$MA0493.1|Klf12$MA0742.1|SP9$MA1564.1|KLF10$MA1511.1	8834.42	11512.88	13804.28	-1.31	-0.08	0.84	234	105	129	-0.186	-0.132
GATA5$MA0766.2|Gata1$MA0035.3|GATA2$MA0036.3|GATA6$MA1104.1|GATA3$MA0037.2|GATA4$MA0482.2|Gata4$MA0482.1|Gata1$MA0035.2|GATA6$MA1104.2|GATA3$MA0037.3|GATA5$MA0766.1|GATA2$MA0036.2	8094.02	10716.79	12831.77	-0.86	0.09	1.3	197	102	95	0.055	0.167
FOS::JUN$MA0099.2|BATF::JUN$MA0462.1|JUN::FOS$MA0099.1|NFE2L2$MA0150.1|FOSL1::JUND$MA1142.1|BATF3$MA0835.2|NFE2$MA0841.1|JDP2$MA0655.1|BATF$MA1634.1|BATF::JUN$MA0462.2|MAF::NFE2$MA0501.1|FOS$MA0476.1|NFE2L1$MA0089.2|JUNB$MA0490.2|BACH2$MA1101.1|FOSL1$MA0477.2|JUND$MA0491.2|JUN(var.2)$MA0489.1|Nfe2l2$MA0150.2|JUN::JUNB$MA1132.1|BACH1$MA1633.1|Smad2::Smad3$MA1622.1|JUND$MA0491.1|FOSL1$MA0477.1|FOSL1::JUN$MA1128.1|MAFK$MA0496.3|FOSL2::JUN$MA1130.1|Bach1::Mafk$MA0591.1|FOSL2$MA0478.1|JUNB$MA0490.1|FOSL1::JUNB$MA1137.1|FOS::JUND$MA1141.1|FOS::JUN$MA0099.3|FOSL2::JUND$MA1144.1|FOS::JUNB$MA1134.1|BACH2$MA1101.2|NRL$MA0842.2|FOSL2::JUNB$MA1138.1|Mafb$MA0117.2|MAFF$MA0495.3|FOSB::JUNB$MA1135.1|MAFG$MA0659.2|NRL$MA0842.1|MAFF$MA0495.1|MAFG$MA0659.1|MAFF$MA0495.2|MAFK$MA0496.2|MAFA$MA1521.1|MAF$MA1520.1|MAFK$MA0496.1	9809.53	12591.1	15273.04	-0.55	0.72	2.56	118	79	39	0.66	0.685
CEBPA$MA0102.2|Cebpa$MA0102.1	4789.5	6590.75	8091.4	-0.55	0.21	1.46	152	83	69	0.199	0.074
TBP$MA0108.1|TBP$MA0108.2	12741.8	16178.75	18993.3	-1.45	-0.2	0.62	259	127	132	-0.016	-0.038
MEIS3$MA0775.1|MEIS2$MA0774.1|MEIS1$MA0498.2	4041.73	5659.5	6946.57	-0.71	0.14	1.25	157	79	78	0.001	0.11
ATOH1(var.2)$MA1467.1|BHLHA15(var.2)$MA1472.1|MYF6$MA0667.1|TAL1::TCF3$MA0091.1|NEUROD1$MA1109.1|TWIST1$MA1123.1|HAND2$MA1638.1|TWIST1$MA1123.2|ZBTB18$MA0698.1|Ptf1a$MA1618.1|Ascl2$MA0816.1|Atoh1$MA0461.1|TCF21(var.2)$MA1568.1|NEUROD2$MA0668.1|Rbpjl$MA1621.1|Bhlha15$MA0607.1|NEUROG2(var.2)$MA1642.1|MYOD1$MA0499.2|NHLH1$MA0048.1|SNAI2$MA0745.1|Atoh1$MA0461.2|TFAP4$MA0691.1|OLIG1$MA0826.1|NEUROG2$MA0669.1|MYOG$MA0500.2|BHLHE22(var.2)$MA1635.1|BHLHE23$MA0817.1|ZEB1$MA0103.2|TFAP4(var.2)$MA1570.1|ATOH7$MA1468.1|Ptf1a(var.2)$MA1619.1|TCF3$MA0522.2|SNAI1$MA1558.1|Tcf21$MA0832.1|Tcf12$MA0521.1|TCF3$MA0522.3|Twist2$MA0633.1|Myod1$MA0499.1|MYF5$MA1641.1|ASCL1$MA1100.1|Ptf1a(var.3)$MA1620.1|ASCL1(var.2)$MA1631.1|NHLH1$MA0048.2|MSC$MA0665.1|TCF12(var.2)$MA1648.1|TCF4$MA0830.1|SNAI2$MA0745.2|Myog$MA0500.1|ZEB1$MA0103.1|TCF4$MA0830.2|OLIG3$MA0827.1|ASCL1$MA1100.2|NEUROG1$MA0623.2|OLIG2$MA0678.1|SNAI3$MA1559.1|BHLHE22$MA0818.1|FIGLA$MA0820.1|Neurog1$MA0623.1|ZEB1$MA0103.3|Tcf3$MA0522.1	6148.33	8247.27	10130.97	-0.63	0.31	1.76	159	92	67	0.425	0.435
TFAP2C$MA0524.1|TFAP2A(var.2)$MA0810.1|TFAP2A$MA0003.2|TFAP2A$MA0003.4|TFAP2A$MA0003.3|TFAP2B$MA0811.1|TFAP2C(var.2)$MA0814.1|TFAP2E$MA1569.1|TFAP2B(var.2)$MA0812.1|TFAP2C$MA0524.2|TFAP2C(var.2)$MA0814.2	5923.71	7930.95	9894.85	-2.11	-0.46	0.39	203	89	114	-0.204	-0.176
Alx1$MA0854.1|Alx4$MA0853.1	11551.25	14600.25	17485.55	-1.97	-0.45	0.52	252	121	131	-0.068	-0.102
Foxj2$MA0614.1|FOXO4$MA0848.1|FOXD2$MA0847.1|FOXO6$MA0849.1|FOXK1$MA0852.2|FOXL1$MA0033.2|FOXI1$MA0042.2|FOXA1$MA0148.3|FOXG1$MA0613.1|FOXK2$MA1103.1|FOXP3$MA0850.1|FOXP1$MA0481.2|FOXP1$MA0481.1|FOXO3$MA0157.2|FOXA1$MA0148.1|FOXA1$MA0148.2|Foxa2$MA0047.2|FOXP2$MA0593.1|FOXP1$MA0481.3|FOXF2$MA0030.1|Foxj3$MA0851.1|FOXC2$MA0846.1|FOXC1$MA0032.2|FOXD2$MA0847.2|FOXA3$MA1683.1|Foxk1$MA0852.1|Foxl2$MA1607.1|FOXN3$MA1489.1|Foxo1$MA0480.1|FOXA1$MA0148.4|FOXK2$MA1103.2|FOXA2$MA0047.3|Foxf1$MA1606.1|FOXD1$MA0031.1|FOXB1$MA0845.1	7386.99	9761.81	11744.4	-1.57	-0.28	0.83	134	53	81	-0.235	-0.446
TBX2$MA0688.1|EOMES$MA0800.1|TBR1$MA0802.1|TBX4$MA0806.1|TBX21$MA0690.1|TBX18$MA1565.1|TBX5$MA0807.1|TBX3$MA1566.1|TBX6$MA1567.1|MGA$MA0801.1|TBX1$MA0805.1|TBX15$MA0803.1|TBX20$MA0689.1	6975.79	9182.58	11413.21	-0.42	0.62	2.25	220	119	101	0.166	0.22
PAX4$MA0068.2|Lhx8$MA0705.1|Hoxb5$MA0904.1|UNCX$MA0721.1|ESX1$MA0644.1|Prrx2$MA0075.2|ISX$MA0654.1|RAX2$MA0717.1|ALX3$MA0634.1|ARGFX$MA1463.1|PRRX1$MA0716.1|DLX6$MA0882.1|TLX2$MA1577.1|mix-a$MA0621.1|HESX1$MA0894.1|NKX6-2$MA0675.1|Shox2$MA0720.1|MIXL1$MA0662.1|VENTX$MA0724.1|PRRX2$MA0075.3|GSX2$MA0893.1|Dlx3$MA0880.1|LHX9$MA0701.2|LHX6$MA0658.1|MNX1$MA0707.1|Barhl1$MA0877.1|LHX2$MA0700.1|RAX$MA0718.1|EN1$MA0027.2|Nobox$MA0125.1|Dlx4$MA0881.1|SHOX$MA0630.1|GBX2$MA0890.1|LBX2$MA0699.1|DRGX$MA1481.1|HOXA6$MA1497.1|Msx3$MA0709.1|MSX2$MA0708.1|GBX1$MA0889.1|HOXA5$MA0158.2|BSX$MA0876.1|BARX1$MA0875.1|HOXB5$MA0904.2|LMX1B$MA0703.1|Dlx2$MA0885.1|LHX5$MA1519.1|Pdx1$MA0132.1|EN2$MA0642.1|LMX1A$MA0702.1|HOXA2$MA0900.2|Lhx4$MA0704.1|LHX2$MA0700.2|POU6F1$MA0628.1|HOXD4$MA1507.1|VSX2$MA0726.1|HOXB4$MA1499.1|HOXB3$MA0903.1|MSX1$MA0666.1|GSX2$MA0893.2|LHX9$MA0701.1|HOXC8$MA1505.1|LHX1$MA1518.1|PDX1$MA0132.2|LBX1$MA0618.1|GSX1$MA0892.1|EMX1$MA0612.2|VAX2$MA0723.1|Dlx1$MA0879.1|MEOX2$MA0706.1|LMX1A$MA0702.2|VSX1$MA0725.1|HOXB2$MA0902.1|HOXB7$MA1501.1|HOXA4$MA1496.1|NKX6-1$MA0674.1|DLX5$MA1476.1|HOXB8$MA1502.1|LMX1B$MA0703.2|HOXA2$MA0900.1|HOXD3$MA0912.2|HOXB6$MA1500.1|Prrx2$MA0075.1|EMX1$MA0612.1|HOXC4$MA1504.1|HOXB2$MA0902.2|EMX2$MA0886.1|VAX1$MA0722.1|HOXD8$MA0910.2|HOXA1$MA1495.1|HOXA7$MA1498.1|MEOX1$MA0661.1|EVX2$MA0888.1|NOTO$MA0710.1|EVX1$MA0887.1|Hoxd3$MA0912.1	4158.62	5734.36	7260.53	-2.12	-0.5	0.51	159	69	90	-0.178	-0.311
ZBTB7B$MA0694.1|ZBTB7A$MA0750.1|ZBTB7C$MA0695.1	10581.07	13604.83	16027.87	-1.15	-0.1	0.82	244	117	127	-0.024	-0.071
FLI1$MA0475.2|EHF$MA0598.3|FLI1$MA0475.1|ERG$MA0474.2|ETS1$MA0098.3|ETS2$MA1484.1|ERF$MA0760.1|GABPA$MA0062.3|SPIB$MA0081.2|ETV1$MA0761.2|ELF1$MA0473.3|ELF1$MA0473.1|ETV1$MA0761.1|FEV$MA0156.2|Erg$MA0474.1|ETV4$MA0764.1|ELK3$MA0759.1|ETV2$MA0762.1|Ets1$MA0098.2|ELK4$MA0076.2|Spi1$MA0080.3|ELF5$MA0136.2|ETV5$MA0765.1|Gabpa$MA0062.2|ELK4$MA0076.1|ELF3$MA0640.2|ETV5$MA0765.2|ETV6$MA0645.1|ELK1$MA0028.2|FEV$MA0156.1|ELF2$MA1483.1|SPI1$MA0080.5|IKZF1$MA1508.1|ETV3$MA0763.1|EHF$MA0598.2|SPI1$MA0080.2|ELF1$MA0473.2|ZBTB7A$MA0750.2|ELF4$MA0641.1|ELF3$MA0640.1|ELK1$MA0028.1|ETV4$MA0764.2|GABPA$MA0062.1|EHF$MA0598.1|ELF5$MA0136.1|ETS1$MA0098.1	8142.73	10587.63	13390.5	8.61	12.85	17.67	299	220	79	0.925	1.067
NFIC$MA0161.1|NFIX$MA0671.1|NFIC$MA0161.2|NFIA$MA0670.1	3821.27	5324.5	6705.75	-2.0	-0.54	0.38	116	45	71	-0.424	-0.219
BARHL1$MA0877.2|BARHL2$MA0635.1	6200.65	8239.75	10397.15	-3.05	-1.12	0.43	186	86	100	-0.145	-0.2
Esrrg$MA0643.1|Esrrb$MA0141.2|ESRRA$MA0592.3|Esrrb$MA0141.1|NR5A1$MA1540.1|ESRRB$MA0141.3|ESRRA$MA0592.1|Esrra$MA0592.2	6031.4	8075.81	10080.92	-0.43	0.76	2.48	169	95	74	0.25	0.256
Rxra$MA0512.1	3669.8	5179.0	6779.2	-0.11	0.71	2.59	153	85	68	0.077	0.223
NFIC(var.2)$MA1527.1|NFIB$MA1643.1|NFIX(var.2)$MA1528.1|NFIC::TLX1$MA0119.1	8103.58	10482.5	13043.82	-3.15	-1.14	-0.12	224	95	129	-0.16	-0.207
THAP1$MA0597.1	6211.4	8468.0	10075.7	-1.37	-0.12	0.58	186	86	100	-0.069	-0.01
E2F1$MA0024.2|E2F3$MA0469.1|E2F6$MA0471.1|E2F4$MA0470.1|TFDP1$MA1122.1|E2F6$MA0471.2	8779.92	11451.25	13723.52	-1.78	-0.38	0.54	178	75	103	-0.145	-0.305
XBP1$MA0844.1|CREB3L1$MA0839.1|ATF6$MA1466.1|CREB3$MA0638.1|CREB3L4$MA1474.1	12469.74	15748.5	18814.56	-2.16	-0.54	0.37	297	135	162	-0.081	-0.113
ONECUT3$MA0757.1|ONECUT1$MA0679.2|ONECUT1$MA0679.1|ONECUT2$MA0756.1	11393.45	14398.62	17630.65	-3.08	-1.13	0.02	248	111	137	-0.348	-0.259
IRF1$MA0050.2|STAT1$MA0137.1|IRF1$MA0050.1|STAT1::STAT2$MA0517.1|IRF2$MA0051.1	8777.86	11302.1	14135.04	9.21	13.4	18.2	401	274	127	0.571	0.78
EGR2$MA0472.2|EGR4$MA0733.1|Egr1$MA0162.1|EGR1$MA0162.2|EGR2$MA0472.1|EGR1$MA0162.3|EGR3$MA0732.1|EGR1$MA0162.4	10349.02	13237.31	16067.05	-0.43	0.5	2.21	226	125	101	0.224	0.247
TGIF2LY$MA1572.1|TGIF2$MA0797.1|TGIF1$MA0796.1|TGIF2LX$MA1571.1|PKNOX2$MA0783.1|PKNOX1$MA0782.1	5192.73	6956.0	8926.67	-0.4	1.15	3.23	195	108	87	0.181	0.303
TEAD1$MA0090.1	7910.9	10338.0	12606.8	-0.36	0.33	1.8	209	113	96	0.137	0.079
TFCP2$MA0145.3|GRHL2$MA1105.2|GRHL1$MA0647.1|GRHL2$MA1105.1	7668.7	10029.5	12294.18	-0.79	0.19	1.56	204	111	93	0.165	0.2
PAX9$MA0781.1|PAX1$MA0779.1	11195.6	14203.5	17654.8	0.49	2.09	4.69	231	135	96	0.422	0.36
RUNX1$MA0002.2|RUNX2$MA0511.2|RUNX3$MA0684.1|RUNX1$MA0002.1|RUNX2$MA0511.1	6914.18	9094.9	11516.22	0.22	1.69	3.97	185	111	74	0.358	0.492
ATF4$MA0833.2|CEBPB$MA0466.1|CEBPA$MA0102.3|CEBPD$MA0836.2|CEBPG(var.2)$MA1636.1|CEBPA$MA0102.4|ATF4$MA0833.1	8651.71	11364.21	13599.43	-0.82	0.16	1.39	253	134	119	0.072	0.094
RXRG$MA0856.1|THRB$MA1574.1|RXRB$MA0855.1|Nr2f6$MA0677.1|Rxra$MA0512.2|PPARD$MA1550.1|NR2F1(var.2)$MA1537.1|PPARG::RXRA$MA0065.1|NR2C2$MA0504.1	9153.56	11905.94	14659.28	-0.24	0.77	2.52	200	114	86	0.108	0.321
TEAD3$MA0808.1|TEAD1$MA0090.2|TEAD4$MA0809.1|TEAD1$MA0090.3|TEAD4$MA0809.2|TEAD2$MA1121.1	8915.38	11579.08	14035.73	-2.04	-0.52	0.42	180	83	97	-0.17	-0.266
STAT3$MA0144.2|Stat5a$MA1624.1|STAT1$MA0137.3|STAT1$MA0137.2|Stat5a::Stat5b$MA0519.1|Stat3$MA0144.1|Stat5b$MA1625.1|Stat4$MA0518.1	8153.01	10703.88	12921.52	-1.76	-0.4	0.66	178	81	97	-0.194	-0.323
NR1D1$MA1531.1|NR1D2$MA1532.1	12527.3	15953.0	18990.3	-0.11	0.76	2.58	248	141	107	0.089	0.143
CUX1$MA0754.1|CUX2$MA0755.1	5982.05	8068.5	10146.05	-2.5	-0.7	0.24	183	84	99	-0.086	-0.155
RELB$MA1117.1	8459.2	11163.5	13391.7	-0.52	0.26	1.58	216	115	101	0.058	0.058
RXRB(var.2)$MA1555.1|RXRG(var.2)$MA1556.1|RARB(var.3)$MA1552.1|RARG(var.3)$MA1553.1	11145.02	14470.0	17093.45	-1.54	-0.26	0.64	240	112	128	-0.092	-0.159
Zfx$MA0146.2|Zfx$MA0146.1	6553.1	8661.75	10761.75	-2.36	-0.68	0.18	196	89	107	-0.198	-0.076
Nkx3-2$MA0122.3|NKX3-2$MA0122.2|NKX2-8$MA0673.1|NKX2-3$MA0672.1|Nkx3-1$MA0124.2|ISL2$MA0914.1	6041.48	8251.83	9854.4	-1.12	-0.07	0.95	237	115	122	-0.055	-0.03
MEF2B$MA0660.1|MEF2D$MA0773.1|MEF2A$MA0052.3|MEF2C$MA0497.1|MEF2A$MA0052.1|MEF2A$MA0052.4|MEF2A$MA0052.2	7786.46	10102.0	12690.76	-0.5	1.18	3.35	177	97	80	0.201	0.564
FOSL1::JUND(var.2)$MA1143.1|GMEB2$MA0862.1|FOS::JUN(var.2)$MA1126.1|FOSB::JUN$MA1127.1|FOSL2::JUN(var.2)$MA1131.1|Atf3$MA0605.1|ATF2$MA1632.1|Crem$MA0609.1|JUNB(var.2)$MA1140.2|Gmeb1$MA0615.1|JUNB(var.2)$MA1140.1|ATF3$MA0605.2|CREB1$MA0018.4|FOSB::JUNB(var.2)$MA1136.1|CREB1$MA0018.3|JDP2(var.2)$MA0656.1|CREB3L4(var.2)$MA1475.1|CREM$MA0609.2|Atf1$MA0604.1|Creb5$MA0840.1|FOSL1::JUN(var.2)$MA1129.1|JUN::JUNB(var.2)$MA1133.1|JUND(var.2)$MA0492.1|FOSL2::JUNB(var.2)$MA1139.1|ATF7$MA0834.1|JUN$MA0488.1|CREB1$MA0018.2|FOSL2::JUND(var.2)$MA1145.1	9546.41	12359.38	14914.36	-0.38	0.61	2.2	212	120	92	0.175	0.317
IRF6$MA1509.1	4640.0	6336.5	8248.4	8.62	12.49	17.1	236	169	67	1.062	1.048
SOX13$MA1120.1|SOX2$MA0143.4|SOX8$MA0868.2|SOX9$MA0077.1|SOX15$MA1152.1	4218.02	5766.4	7485.68	-3.08	-1.09	0.04	182	74	108	-0.123	-0.254
PBX3$MA1114.1|PBX2$MA1113.1|PKNOX1$MA0782.2	14375.2	18248.17	21095.2	-0.79	0.06	1.24	301	152	149	0.02	0.04
Hmx1$MA0896.1|Hmx3$MA0898.1|Hmx2$MA0897.1	16634.8	20926.17	24224.53	-0.95	0.02	1.04	296	153	143	0.116	0.027
IRF9$MA0653.1|IRF8$MA0652.1|IRF3$MA1418.1|IRF4$MA1419.1|IRF7$MA0772.1|IRF5$MA1420.1	8689.75	11328.42	14198.78	8.65	12.94	17.76	239	177	62	1.583	1.505
Hoxa9$MA0594.1|Hoxc9$MA0485.1|PBX2$MA1113.2|MEIS2(var.2)$MA1640.1|MEIS1(var.2)$MA1639.1|PBX1$MA0070.1	10166.35	13139.83	15838.8	-2.05	-0.54	0.47	224	101	123	-0.27	-0.282
GSC2$MA0891.1|OTX2$MA0712.2|PITX1$MA0682.2|OTX1$MA0711.1|GSC$MA0648.1|PITX2$MA1547.1|Pitx1$MA0682.1|OTX2$MA0712.1|PITX3$MA0714.1	4028.22	5499.17	7146.36	-2.78	-0.93	0.3	195	88	107	-0.088	-0.247
Sox3$MA0514.1|Sox6$MA0515.1	4306.0	5758.5	7516.9	-3.08	-1.1	0.17	160	66	94	-0.31	-0.307
SMAD5$MA1557.1|SMAD3$MA0795.1	3956.4	5372.25	7098.4	-5.16	-2.62	-0.76	182	72	110	-0.312	-0.455
DMRT3$MA0610.1|DMRTC2$MA1479.1|DMRTA2$MA1478.1	9478.3	12191.5	14624.77	-1.54	-0.27	0.77	209	102	107	-0.057	-0.139
FOXL1$MA0033.1	5397.9	7466.0	9226.7	-1.67	0.33	0.7	178	90	88	0.017	-0.109
HNF4G$MA0484.2|HNF4A$MA0114.4	6184.85	8411.0	10120.4	-1.4	-0.16	0.7	186	89	97	-0.053	-0.005
EBF1$MA0154.4|EBF1$MA0154.2	7288.95	9637.5	11745.3	-1.47	-0.34	0.72	227	104	123	-0.125	-0.11
Tcfcp2l1$MA0145.2|Tcfcp2l1$MA0145.1	9903.65	13124.0	15290.45	-1.09	-0.04	0.99	230	113	117	-0.02	0.017
TFAP2A(var.3)$MA0872.1|TFAP2C(var.3)$MA0815.1|TFAP2B(var.3)$MA0813.1	4684.0	6374.67	7994.57	-1.87	-0.42	0.4	166	73	93	-0.163	-0.148
HOXA13$MA0650.1|HOXB13$MA0901.1|HOXD13$MA0909.1|HOXB13$MA0901.2|HOXA13$MA0650.2|CDX1$MA0878.1|HOXA10$MA0899.1|HOXD13$MA0909.2|Hoxd9$MA0913.1|CDX2$MA0465.2|CDX2$MA0465.1|HOXD9$MA0913.2|CDX1$MA0878.2|CDX4$MA1473.1	6402.46	8565.54	10543.81	-2.51	-0.83	0.33	175	75	100	-0.431	-0.394
NR2F2$MA1111.1|NR4A1$MA1112.2|NR4A1$MA1112.1	5883.47	7926.33	9904.67	-0.42	0.65	2.31	183	101	82	0.14	0.205
PAX6$MA0069.1	11765.0	14895.5	18236.2	1.46	3.65	6.92	282	171	111	0.374	0.346
GATA3$MA0037.1	2718.4	3939.5	4925.2	-0.64	0.18	1.56	128	64	64	0.021	0.049
HOXC12$MA0906.1|HOXD10$MA1506.1|HOXC9$MA0485.2|HOXD12$MA0873.1|HOXC10$MA0905.1|HOXD11$MA0908.1|HOXC11$MA0651.1|Hoxa11$MA0911.1|HOXB9$MA1503.1	6210.93	8295.22	10229.5	-0.8	0.29	1.58	186	102	84	0.122	0.182
Tcf7$MA0769.1|TCF7L2$MA0523.1|LEF1$MA0768.1|TCF7L1$MA1421.1	8888.75	11412.88	14063.85	-2.7	-0.63	0.16	206	89	117	-0.31	-0.251
SOX10$MA0442.2|SOX4$MA0867.2	4319.7	6047.25	7441.55	-1.57	-0.25	0.56	170	78	92	-0.088	-0.103
NKX2-2$MA1645.1|NKX2-5$MA0063.2|Nkx2-5(var.2)$MA0503.1	7234.17	9510.67	11904.43	-0.3	0.6	2.21	236	128	108	0.047	0.093
HSF1$MA0486.1|HSF4$MA0771.1|HSF2$MA0770.1|HSF1$MA0486.2	8283.15	10812.38	13391.65	0.08	1.06	3.03	242	135	107	0.143	0.223
SCRT1$MA0743.1|SCRT1$MA0743.2|SCRT2$MA0744.2|SCRT2$MA0744.1	9636.3	12349.38	15312.68	0.54	2.06	4.62	239	145	94	0.424	0.382
NR1H4::RXRA$MA1146.1|NR2F6(var.3)$MA1539.1|NR2F1(var.3)$MA1538.1|NR4A2::RXRA$MA1147.1	11949.18	15383.38	17852.68	-0.7	0.12	1.3	305	161	144	0.086	0.073
MAZ$MA1522.1|ZNF148$MA1653.1|SP2$MA0516.1|SP1$MA0079.2|SP1$MA0079.3	7510.56	10029.0	11897.74	-1.06	-0.02	1.05	175	85	90	-0.098	-0.102
Klf4$MA0039.1	5618.6	7604.5	9322.2	-1.69	0.29	0.74	179	92	87	0.087	-0.095
PAX7$MA0680.1|PAX3$MA0780.1	3155.3	4512.5	5791.1	-2.0	-0.47	0.3	143	66	77	-0.087	-0.114
ESR1$MA0112.2|ESR1$MA0112.3|ESR2$MA0258.1|ESR2$MA0258.2	14464.92	18348.38	21401.0	-1.81	-0.4	0.76	333	160	173	-0.107	-0.19
Znf281$MA1630.1|Wt1$MA1627.1	7528.2	10110.0	12266.95	-1.72	-0.28	0.77	187	92	95	-0.029	-0.231
RORA(var.2)$MA0072.1|RORC$MA1151.1|RORA$MA0071.1|RORB$MA1150.1	7617.95	10138.25	12425.32	-0.39	0.58	2.1	219	123	96	0.14	0.297
HLF$MA0043.3|NFIL3$MA0025.2	7922.4	10328.75	12841.95	-0.16	0.54	2.06	220	124	96	0.084	0.143
RFX3$MA0798.1|RFX5$MA0510.2|RFX3$MA0798.2|RFX2$MA0600.1|Rfx1$MA0509.1|RFX1$MA0509.2|RFX2$MA0600.2|RFX4$MA0799.1	11670.39	14886.81	17822.4	-2.01	-0.35	0.62	251	122	129	-0.027	-0.215
RXRA::VDR$MA0074.1	5614.5	7844.5	9393.1	-0.85	0.07	1.17	178	92	86	0.037	0.024
TP53$MA0106.3|TP53$MA0106.1|TP73$MA0861.1|TP63$MA0525.1|TP53$MA0106.2|TP63$MA0525.2	12228.68	15493.5	18248.4	-1.4	-0.18	0.71	227	106	121	-0.051	-0.112
Sox5$MA0087.1	969.4	1685.0	2187.6	-1.05	-0.03	0.91	82	39	43	-0.061	0.061
E2F4$MA0470.2|E2F2$MA0864.2|E2F1$MA0024.3	13721.73	17357.67	20173.83	-0.72	0.17	1.56	252	131	121	0.041	0.143
HOXA9$MA0594.2	8662.3	11377.0	13899.2	-0.7	0.53	2.08	222	111	111	0.0	0.076
NFYB$MA0502.1|NFYC$MA1644.1|NFYA$MA0060.3|NFYA$MA0060.1	9527.8	12298.38	14938.42	-1.91	-0.35	0.42	246	116	130	-0.066	-0.116
SPIC$MA0687.1|SPI1$MA0080.4	12737.2	16053.0	19713.8	4.47	7.86	11.99	325	207	118	0.714	0.629
NR1I2$MA1533.1|Vdr$MA0693.1	12453.65	15789.25	18855.95	-0.54	0.57	1.97	301	164	137	0.146	0.145
NFATC2$MA0152.1|NFAT5$MA0606.1|NFATC1$MA0624.1|NFATC4$MA1525.1|NFATC3$MA0625.1	9018.16	11762.8	14196.18	-2.99	-1.3	0.22	175	72	103	-0.382	-0.55
Zic1::Zic2$MA1628.1|Zic2$MA1629.1	7783.5	10497.75	12442.45	-1.1	-0.04	0.98	194	94	100	-0.034	0.008
SOX21$MA0866.1|SOX4$MA0867.1|Sox11$MA0869.1	5832.63	7985.17	9740.43	-1.45	-0.22	0.71	187	89	98	-0.009	-0.206
VEZF1$MA1578.1|ZNF740$MA0753.2|ZNF740$MA0753.1	5260.03	7151.0	8825.53	-1.78	-0.38	0.48	166	78	88	-0.08	-0.195
ZNF24$MA1124.1	11277.4	14457.5	16681.6	-1.14	-0.08	0.75	242	116	126	-0.067	-0.012
E2F8$MA0865.1|E2F7$MA0758.1	5372.3	7281.75	9176.2	-0.76	0.77	2.08	189	107	82	0.244	0.288
E2F3$MA0469.3	4202.9	5887.5	7374.1	-2.22	-0.54	0.28	161	75	86	-0.011	-0.197
PAX5$MA0014.3	11702.1	14738.0	18280.4	-1.1	1.37	3.46	262	135	127	0.036	0.229
ZNF410$MA0752.1	6397.2	8507.5	10691.4	-6.77	-3.63	-1.47	218	85	133	-0.234	-0.521
REST$MA0138.1|REST$MA0138.2	10341.7	13303.5	15715.3	-1.44	-0.2	0.61	221	107	114	-0.158	-0.104
SREBF1$MA0595.1|SREBF2$MA0596.1	5085.45	7040.75	8312.15	-1.02	-0.02	0.97	169	84	85	-0.002	-0.019
CTCFL$MA1102.2|CTCFL$MA1102.1	6959.15	9204.5	11623.15	-3.51	-1.29	-0.08	200	86	114	-0.313	-0.285
HNF1A$MA0046.1|HNF1A$MA0046.2|HNF1B$MA0153.2	8545.07	11216.0	13509.9	-0.63	0.76	2.34	236	129	107	0.575	0.364
Sox1$MA0870.1	9048.6	11861.5	14629.0	-2.4	-0.63	0.04	228	102	126	-0.103	-0.138
Rarb$MA0857.1|RARA$MA0729.1|Rarg$MA0859.1|Nr2f6(var.2)$MA0728.1	7080.4	9531.12	11406.72	-0.69	0.2	1.42	178	94	84	0.033	0.11
Pou2f3$MA0627.1|POU3F3$MA0788.1|POU3F4$MA0789.1|POU5F1$MA1115.1|POU2F2$MA0507.1|POU1F1$MA0784.1|POU2F1$MA0785.1|POU2F3$MA0627.2|POU3F2$MA0787.1|POU5F1B$MA0792.1|POU3F1$MA0786.1	10717.78	13930.32	16354.65	-1.04	0.02	1.12	274	143	131	0.14	0.13
Stat6$MA0520.1	10034.3	13274.5	15647.7	-1.18	0.09	0.83	232	119	113	0.062	-0.025
TBX19$MA0804.1|TBXT$MA0009.2	11706.5	14737.75	18225.75	0.72	2.47	5.1	316	188	128	0.299	0.295
E2F3$MA0469.2|E2F2$MA0864.1	7903.75	10540.25	12703.15	-1.5	-0.21	0.64	230	110	120	-0.134	-0.1
NR2F1$MA0017.1|HNF4G$MA0484.1|HNF4A$MA0114.2|HNF4A$MA0114.1	9962.45	12930.62	15515.7	-0.76	0.31	1.68	227	118	109	0.189	0.176
SRF$MA0083.3	8042.9	10412.5	12520.6	-1.96	-0.41	0.26	211	95	116	-0.135	-0.101
Ahr::Arnt$MA0006.1	2001.4	3049.5	3917.8	-1.41	-0.13	0.71	112	54	58	-0.334	-0.049
PHOX2A$MA0713.1|Phox2b$MA0681.1|PHOX2B$MA0681.2|PROP1$MA0715.1	7959.25	10619.5	12598.0	-1.29	0.07	0.7	203	102	101	0.002	-0.092
NR2F1$MA0017.2	7650.8	10080.0	12083.6	-0.56	0.3	1.67	206	108	98	0.019	0.091
DBP$MA0639.1|HLF$MA0043.2|TEF$MA0843.1|NFIL3$MA0025.1	6865.08	9321.0	11067.28	-0.96	0.08	1.08	189	98	91	0.007	0.102
GLI3$MA1491.1|GLI2$MA0734.2	9018.75	11677.0	14611.65	-2.8	-0.89	0.05	243	107	136	-0.294	-0.151
Gata1$MA0035.1|GATA2$MA0036.1	2578.05	3726.0	4952.7	-2.49	-0.76	-0.06	142	60	82	-0.185	-0.162
INSM1$MA0155.1	7527.1	9895.0	12192.7	-2.46	-0.75	0.5	210	101	109	-0.086	-0.224
Crx$MA0467.1	5131.0	7081.0	9179.3	-2.77	-0.89	0.38	180	85	95	-0.105	-0.26
Ddit3::Cebpa$MA0019.1	11882.9	15115.5	18079.2	-0.43	0.32	1.76	252	133	119	0.14	0.055
ZIC5$MA1584.1|ZIC4$MA0751.1|ZIC3$MA0697.1|ZIC1$MA0696.1	7977.62	10537.12	12647.42	-1.62	-0.28	0.71	214	102	112	-0.017	-0.195
RUNX3$MA0684.2	9061.0	11587.5	14230.0	-0.2	0.53	2.05	224	122	102	0.056	0.15
NR3C1$MA0113.3|Ar$MA0007.3|NR3C2$MA0727.1	10158.27	13436.67	15774.93	-1.28	-0.1	0.8	240	116	124	-0.035	-0.049
SIX1$MA1118.1	8575.1	11464.5	13244.3	-1.1	0.01	1.0	214	109	105	0.031	0.017
FOXI1$MA0042.1	6327.6	8380.0	10429.3	-0.42	0.44	1.86	190	98	92	0.085	0.15
RELA$MA0107.1|NFKB1$MA0105.3|NFKB1$MA0105.1|REL$MA0101.1|NFKB1$MA0105.4|NFKB2$MA0778.1|NFKB1$MA0105.2	5064.1	6877.86	8724.76	-0.18	0.91	2.78	187	107	80	0.329	0.488
GLIS1$MA0735.1|GLIS3$MA0737.1|GLIS2$MA0736.1	5873.63	7907.67	9818.43	-1.33	-0.09	0.99	148	68	80	-0.044	-0.227
ZKSCAN5$MA1652.1	15840.4	19629.5	23990.8	0.82	2.69	5.69	313	181	132	0.176	0.374
FOXH1$MA0479.1	5797.0	7648.5	9813.0	-0.29	1.33	3.67	191	104	87	0.092	0.308
Hand1::Tcf3$MA0092.1	5092.2	6973.0	8506.6	-1.36	-0.19	0.68	170	84	86	-0.037	-0.051
Sox2$MA0143.2|Sox2$MA0143.1	9517.75	12355.75	15407.4	-3.28	-1.25	0.42	239	111	128	-0.183	-0.194
GFI1$MA0038.2|Gfi1b$MA0483.1	7577.65	9919.5	12141.35	-1.18	-0.05	1.02	215	102	113	-0.047	-0.111
Hnf4a$MA0114.3	8785.8	11597.0	14012.2	-1.51	-0.2	0.46	219	105	114	-0.037	-0.045
Nkx2-5$MA0063.1	3168.7	4386.0	5788.5	-0.55	0.69	2.37	141	73	68	0.228	0.149
THRB(var.2)$MA1575.1	10039.2	12953.0	15400.5	-0.57	0.23	1.56	232	124	108	0.035	-0.041
POU4F1$MA0790.1|POU4F2$MA0683.1|POU4F3$MA0791.1	13973.27	17732.67	20552.73	-1.39	-0.17	0.55	260	119	141	-0.099	-0.082
OVOL2$MA1545.1|OVOL1$MA1544.1	12494.35	15727.75	19396.9	0.74	2.63	5.34	279	166	113	0.154	0.361
KLF15$MA1513.1	3584.2	4952.0	6621.6	-2.93	-1.06	-0.08	153	62	91	-0.475	-0.305
HOXA5$MA0158.1	5574.4	7622.5	9365.6	-0.72	-0.09	1.21	176	87	89	-0.01	0.009
NFYA$MA0060.2	15860.6	19595.5	23457.7	-2.91	-0.97	0.49	296	141	155	-0.089	-0.139
PRDM4$MA1647.1	5869.2	7927.0	10155.0	0.94	2.85	5.98	206	123	83	0.234	0.439
HNF4A(var.2)$MA1494.1	8877.7	11916.5	13965.8	-0.98	0.01	1.05	218	111	107	0.034	-0.038
EBF1$MA0154.3|Ebf2$MA1604.1|EBF3$MA1637.1|EBF1$MA0154.1	5915.72	7879.88	9855.18	-2.14	-0.58	0.44	205	94	111	-0.105	-0.168
Arid3a$MA0151.1	1180.4	1843.5	2579.0	-2.35	-0.72	0.18	93	41	52	-0.581	-0.353
PAX5$MA0014.2	17991.4	22351.5	27057.5	0.79	2.6	5.32	332	187	145	0.217	0.28
Foxq1$MA0040.1	4736.2	6468.5	8407.1	-2.87	-0.96	-0.01	173	75	98	-0.246	-0.149
Isl1$MA1608.1	6666.6	8868.0	11285.2	-2.19	-0.57	0.21	197	88	109	-0.053	-0.167
DUX4$MA0468.1|DUXA$MA0884.1	7101.2	9406.5	11648.7	-2.3	-0.66	0.34	192	86	106	-0.252	-0.186
NR2C1$MA1535.1|NR2C2(var.2)$MA1536.1	5018.25	6914.25	8540.6	-0.58	-0.02	1.54	184	92	92	-0.002	0.084
Nr5a2$MA0505.1	10380.4	13247.0	16475.2	-2.72	-0.82	0.16	243	112	131	-0.144	-0.133
CEBPB$MA0466.2|CEBPG$MA0838.1|CEBPD$MA0836.1|CEBPE$MA0837.1	4331.5	5930.12	7651.85	-0.34	0.78	2.56	160	85	75	0.11	0.203
ZNF684$MA1600.1	12926.3	16543.0	19319.2	-1.23	-0.09	0.84	259	127	132	-0.034	-0.016
GATA1::TAL1$MA0140.2|Tal1::Gata1$MA0140.1	20867.55	25739.25	30296.6	-0.12	0.76	2.56	340	187	153	0.099	0.098
BACH2(var.2)$MA1470.1	10334.2	13150.5	15905.7	-0.53	0.5	2.02	238	120	118	0.006	0.184
TCF7$MA0769.2	3661.0	5048.0	6581.0	-3.75	-1.49	0.47	158	72	86	-0.137	-0.279
OSR1$MA1542.1	6805.9	9001.5	11160.1	-0.06	0.7	2.53	200	111	89	0.192	0.104
MZF1$MA0056.1	1663.4	2545.0	3388.9	-0.35	0.65	2.44	108	59	49	0.122	0.199
ZNF682$MA1599.1	11330.4	14423.0	17071.1	-0.51	0.31	1.71	246	128	118	0.046	0.042
ZNF263$MA0528.2	7550.2	10173.0	12106.3	-1.25	0.08	0.76	203	103	100	0.008	-0.068
Dux$MA0611.1	2987.5	4301.5	5641.3	-2.08	-0.44	-0.01	137	58	79	-0.271	-0.118
MYB$MA0100.3	4130.7	5699.5	7563.8	0.91	2.85	5.56	177	106	71	0.116	0.347
POU6F2$MA0793.1|POU6F1(var.2)$MA1549.1	6108.0	8358.75	10076.8	-1.4	0.0	0.58	187	98	89	0.06	-0.019
Lhx3$MA0135.1	6471.9	8844.0	10579.6	-0.9	-0.07	1.13	189	93	96	-0.019	0.029
EWSR1-FLI1$MA0149.1	1350.0	2053.5	2827.3	-2.1	-0.5	0.39	96	45	51	-0.197	-0.328
GCM1$MA0646.1|GCM2$MA0767.1	9388.4	12162.75	14676.1	-0.38	0.36	1.74	232	125	107	0.065	0.075
Hic1$MA0739.1|HIC2$MA0738.1	6078.25	8285.75	10024.5	-1.52	-0.15	0.76	175	84	91	-0.043	-0.115
BCL6$MA0463.2|Bcl6$MA0463.1	12304.4	15377.25	18245.75	-1.24	-0.42	1.37	285	141	144	-0.042	0.095
ZNF136$MA1588.1	11120.8	14065.0	17106.8	-2.81	-0.89	0.32	251	118	133	-0.105	-0.2
Pparg::Rxra$MA0065.2	12800.4	16335.0	18783.0	-0.77	0.08	1.17	257	132	125	0.046	0.02
SPIB$MA0081.1	2401.7	3556.5	4967.6	4.91	8.32	12.26	171	120	51	0.861	0.858
Stat2$MA1623.1	5681.8	7628.5	9931.2	9.32	13.84	18.85	260	189	71	0.577	0.825
ZNF263$MA0528.1	22897.1	28443.0	31538.2	-0.96	0.01	0.92	337	171	166	0.016	-0.021
NKX3-1$MA0124.1	1290.9	1958.0	2784.6	0.31	1.59	3.88	102	64	38	0.807	0.358
SRY$MA0084.1	3380.6	4652.0	5912.7	-1.63	-0.25	0.46	140	63	77	-0.12	-0.037
MYBL1$MA0776.1	9194.5	11994.0	14955.0	-0.72	2.5	5.54	247	134	113	0.165	0.363
NFYB$MA0502.2	7213.7	9544.5	11420.1	-1.37	-0.15	0.66	198	96	102	-0.008	-0.067
HLTF$MA0109.1	5444.0	7373.0	9385.6	-2.72	-0.84	-0.01	183	81	102	-0.092	-0.08
GLI2$MA0734.1	8963.5	11570.0	13883.6	-1.76	-0.33	0.36	221	103	118	-0.06	-0.071
ZBTB26$MA1579.1	7177.5	9528.5	12364.4	-4.14	-1.76	0.08	216	97	119	-0.079	-0.315
RARA::RXRA$MA0159.1	13074.4	16716.5	19966.9	-0.25	0.39	1.75	266	143	123	0.114	0.08
PPARA::RXRA$MA1148.1	20758.6	25670.5	28843.4	-1.2	0.07	0.87	322	165	157	0.008	-0.021
Rhox11$MA0629.1	14213.6	18013.0	21571.4	-2.21	-0.58	0.2	279	130	149	-0.137	-0.078
RFX7$MA1554.1	7624.0	9893.5	12232.1	0.02	0.5	2.03	207	118	89	0.097	0.072
Pou5f1::Sox2$MA0142.1	12737.7	16642.5	18959.8	-0.94	0.02	1.03	258	129	129	0.006	-0.017
ZNF382$MA1594.1	15755.5	20239.5	22899.1	-1.06	0.04	1.09	285	143	142	0.051	0.022
ZSCAN4$MA1155.1	11416.9	14549.0	17481.7	-0.43	0.3	1.63	247	130	117	0.034	0.108
YY2$MA0748.2	9659.6	12267.5	15146.7	-2.25	-0.65	0.3	232	109	123	-0.162	-0.125
Spz1$MA0111.1	8697.2	11492.0	13405.0	-1.18	-0.05	0.99	215	104	111	-0.081	0.003
SOX14$MA1562.1	6541.5	8681.0	10821.0	-2.06	-0.49	0.24	194	89	105	-0.107	-0.132
ZNF528$MA1597.1	13198.2	16437.5	18893.0	-1.26	0.13	0.82	259	132	127	0.033	-0.015
SOX10$MA0442.1	1341.8	2022.0	2780.5	-0.57	0.37	1.77	94	48	46	0.035	0.114
NR1H4$MA1110.1	7607.2	10377.5	12621.0	-0.43	0.24	1.71	208	112	96	0.076	0.092
PLAG1$MA0163.1	4042.5	5488.0	6939.6	-1.63	-0.33	0.52	153	75	78	-0.14	-0.168
SOX8$MA0868.1	3203.4	4484.5	5666.7	-0.6	0.22	1.37	137	73	64	0.06	0.1
SMAD2::SMAD3::SMAD4$MA0513.1	9512.8	12550.5	15109.2	-0.47	0.27	1.66	229	121	108	0.014	0.072
SPI1$MA0080.1	2425.8	3461.0	4674.6	3.72	6.82	10.79	162	111	51	0.501	0.727
HMBOX1$MA0895.1	4597.3	6265.5	8088.5	1.03	2.87	5.78	185	110	75	0.287	0.325
MSGN1$MA1524.1	7767.4	10321.5	12438.7	-0.6	0.22	1.58	207	106	101	0.039	0.041
LIN54$MA0619.1	3273.0	4597.5	5863.0	-0.67	0.17	1.41	138	70	68	0.044	0.057
ZBTB14$MA1650.1	7746.0	10044.5	11970.8	-0.62	0.26	1.45	205	107	98	0.031	0.078
RBPJ$MA1116.1	7532.1	10009.5	12109.8	-1.34	0.17	0.69	203	102	101	0.001	-0.134
ZNF341$MA1655.1	8195.8	10541.5	13218.9	0.15	1.26	3.28	222	134	88	0.134	0.136
ZNF75D$MA1601.1	6352.8	8396.0	10596.0	-0.68	0.76	2.57	194	99	95	0.008	0.281
NR3C1$MA0113.1	16644.0	20666.5	23869.5	-0.27	0.31	1.69	294	159	135	0.183	0.041
Znf423$MA0116.1	5513.0	7493.0	9086.1	0.01	0.24	1.49	177	102	75	0.2	0.037
SPDEF$MA0686.1	12015.6	15431.5	19057.9	3.35	6.36	10.66	304	190	114	0.578	0.587
BARX2$MA1471.1	8828.1	11452.5	14056.0	-2.33	-0.55	0.36	223	106	117	-0.043	-0.035
znf143$MA0088.1	23072.2	27869.5	32253.6	-1.58	-0.32	0.5	341	165	176	-0.073	-0.086
NR1H2::RXRA$MA0115.1	2904.4	4161.0	5455.9	-0.28	0.55	2.16	136	75	61	0.306	0.219
Rarg(var.2)$MA0860.1	6783.3	9267.0	10988.0	-1.3	0.09	0.76	194	98	96	0.006	-0.03
Foxa2$MA0047.1	9225.7	12408.0	14638.2	-0.97	-0.07	1.13	224	104	120	-0.108	0.074
FOXE1$MA1487.1	9937.9	13085.0	15474.9	-0.93	-0.12	1.28	231	110	121	-0.045	0.066
RHOXF1$MA0719.1	2159.4	3102.0	4298.4	-3.14	-1.14	-0.1	123	50	73	-0.193	-0.192
Sox2$MA0143.3	1855.6	2703.5	3662.1	-2.15	-0.53	0.06	110	46	64	-0.246	-0.239
SOX18$MA1563.1	3894.6	5364.0	6732.0	-2.04	-0.47	0.33	153	70	83	-0.109	-0.091
ZNF460$MA1596.1	7257.9	9460.5	11794.8	-2.74	-0.79	0.41	206	98	108	-0.191	-0.234
SP1$MA0079.1	4688.5	6450.5	8505.8	-3.97	-1.68	-0.25	179	73	106	-0.342	-0.261
Nr2e1$MA0676.1	4255.0	5923.0	7763.9	0.14	1.56	4.05	171	97	74	0.142	0.295
NR1I3$MA1534.1	4021.2	5643.5	7112.2	-0.1	0.48	2.06	157	88	69	0.119	0.128
DPRX$MA1480.1	5741.6	7637.5	9534.9	-0.49	0.64	2.39	184	96	88	0.153	0.114
ZBTB32$MA1580.1	6071.0	8006.0	10023.6	0.03	1.3	3.47	195	109	86	0.233	0.222
YY2$MA0748.1	9063.4	11785.5	14401.8	-2.76	-0.95	0.24	231	106	125	-0.035	-0.205
HLF$MA0043.1	7831.3	10560.0	12355.1	-1.28	-0.09	0.8	207	101	106	-0.009	-0.003
SRF$MA0083.1	7036.0	9282.0	11428.6	-1.56	0.25	0.56	197	99	98	0.013	-0.124
ZKSCAN1$MA1585.1	4660.5	6389.0	7961.3	-0.67	-0.2	1.41	163	80	83	-0.007	0.07
PRDM1$MA0508.1	12799.8	15941.0	19342.6	2.46	5.3	8.74	302	187	115	0.4	0.527
Pax4$MA0068.1	68271.0	77621.0	87484.5	-3.03	-1.12	0.2	582	276	306	-0.099	-0.091
KLF4$MA0039.3	7768.0	10440.0	12712.7	-0.41	0.4	1.9	211	113	98	0.061	0.052
NR6A1$MA1541.1	19379.9	24342.5	28002.5	-0.66	0.18	1.47	316	162	154	0.03	0.057
Sox17$MA0078.1	3152.4	4443.5	5824.7	-3.4	-1.27	0.02	147	64	83	-0.181	-0.172
Plagl1$MA1615.1	6955.7	9428.0	11560.6	-2.2	-0.49	0.15	202	92	110	-0.131	-0.077
Ar$MA0007.1	24245.3	29336.5	34177.6	-0.22	0.74	2.41	357	189	168	0.188	0.08
THRB(var.3)$MA1576.1	13027.9	16500.0	20037.4	-0.18	0.95	2.75	272	146	126	0.15	0.192
Arid5a$MA0602.1	12164.5	15569.0	18538.6	-1.7	-0.34	0.4	256	121	135	-0.055	-0.107
ZBTB6$MA1581.1	6359.8	8388.5	10752.0	-5.25	-2.64	-0.79	210	90	120	-0.226	-0.32
KLF13$MA0657.1	20652.6	25308.0	29909.2	-2.8	-0.81	0.18	333	155	178	-0.101	-0.117
ZFP42$MA1651.1	34387.8	40402.0	46705.6	-2.03	-0.48	0.17	413	191	222	-0.045	-0.039
ZNF16$MA1654.1	14537.8	18191.5	22078.0	-3.71	-1.47	0.58	291	137	154	-0.158	-0.256
FERD3L$MA1485.1	5925.6	7900.0	10180.9	0.54	2.19	4.56	201	116	85	0.169	0.405
RARA::RXRG$MA1149.1	19190.4	23937.0	27183.8	-0.95	-0.08	1.11	311	152	159	-0.078	0.071
MSANTD3$MA1523.1	6742.4	9095.0	10890.6	-0.85	0.08	1.1	192	97	95	0.04	0.057
PLAGL2$MA1548.1	2665.8	3794.5	5083.1	-3.67	-1.48	-0.09	138	58	80	-0.227	-0.329
CREB1$MA0018.1	8768.5	11696.0	13975.7	-1.61	-0.26	0.29	221	99	122	-0.173	0.025
NKX6-3$MA1530.1	3680.4	5116.0	6764.1	-4.54	-2.17	-0.49	164	64	100	-0.223	-0.283
OSR2$MA1646.1	7986.8	10199.5	12676.8	-0.13	1.01	3.1	216	118	98	0.138	0.141
ZSCAN29$MA1602.1	6977.3	9232.0	11727.0	-2.71	-0.83	0.32	204	95	109	-0.175	-0.188
SP2$MA0516.2	12824.9	16151.0	19214.8	-0.46	0.42	1.87	262	135	127	0.065	0.103
Smad4$MA1153.1	2033.9	3000.0	4111.5	-4.19	-1.83	-0.43	126	49	77	-0.509	-0.377
Pax5$MA0014.1	21140.0	26306.0	31491.0	0.36	1.89	4.56	352	199	153	0.237	0.191
ZNF652$MA1657.1	7129.5	9503.5	11829.2	-0.29	0.51	2.1	203	109	94	0.059	0.141
Pax2$MA0067.1	3439.8	4877.5	6403.6	1.7	4.05	7.64	172	109	63	0.303	0.363
Foxd3$MA0041.1	6328.6	8456.0	10571.1	-1.97	-0.45	0.19	191	85	106	-0.176	-0.134
ZNF135$MA1587.1	6908.9	8967.5	11168.0	-2.6	-0.91	0.62	202	97	105	-0.043	-0.238
HNF1B$MA0153.1	6082.5	8096.0	10086.7	-0.32	0.62	2.18	189	101	88	0.202	0.181
PPARG$MA0066.1	16367.6	20220.0	24312.3	-2.5	-0.78	-0.02	298	134	164	-0.183	-0.111
YY1$MA0095.1	1307.9	2034.5	2902.6	-7.05	-3.94	-1.77	117	42	75	-0.831	-0.79
RFX5$MA0510.1	11618.2	14729.5	17991.5	-2.52	-0.75	0.06	255	115	140	-0.133	-0.19
En1$MA0027.1	5138.2	7003.5	8819.0	-2.09	-0.52	0.3	175	81	94	-0.13	-0.11
Nkx3-2$MA0122.1	3855.6	5380.0	6898.8	-0.29	0.45	1.99	153	84	69	0.138	0.134
ZNF354C$MA0130.1	2140.5	3198.0	4114.3	-0.79	-0.23	1.45	116	56	60	-0.089	0.138
E2F1$MA0024.1	5111.4	7177.0	8685.5	-0.84	-0.1	1.3	171	85	86	-0.036	0.007
Meis1$MA0498.1	15723.3	19627.5	23225.1	-0.45	0.34	1.56	287	151	136	0.047	0.049
ESR1$MA0112.1	12699.2	16108.5	18657.4	-1.32	0.16	0.81	257	133	124	0.092	-0.053
NR4A2$MA0160.1	2339.3	3363.0	4510.0	-0.66	0.4	1.87	121	61	60	0.059	0.144
HINFP$MA0131.2	11329.9	14425.5	17513.8	-0.08	0.64	2.23	251	138	113	0.245	0.064
BCL6B$MA0731.1	3413.8	4867.5	6117.0	-1.54	-0.17	0.54	142	64	78	-0.183	-0.061
PRDM1$MA0508.2	4587.4	6346.0	8121.2	3.18	6.13	9.76	205	133	72	0.454	0.701
SRF$MA0083.2	18081.1	22358.0	26426.9	-2.14	-0.51	0.62	309	153	156	-0.037	-0.111
ZNF384$MA1125.1	4575.1	6285.0	8301.0	-3.19	-1.11	0.06	172	75	97	-0.131	-0.271
GATA1$MA0035.4	7408.5	9896.5	11679.3	-1.17	-0.12	0.81	201	100	101	-0.007	-0.029
CTCF$MA0139.1	18786.8	23607.5	26559.5	-1.13	0.04	1.0	308	155	153	0.012	0.024
Nr1h3::Rxra$MA0494.1	23008.8	28078.0	33293.7	1.01	2.73	5.61	371	216	155	0.212	0.246
RREB1$MA0073.1	8485.4	10855.0	13893.0	-3.78	-1.56	-0.2	228	100	128	-0.58	-0.353
FOXC1$MA0032.1	3608.2	5075.5	6822.1	0.29	1.7	4.09	160	98	62	0.236	0.19
ZNF143$MA0088.2	11759.4	14808.0	17826.0	-1.89	-0.42	0.46	251	123	128	-0.029	-0.069
AR$MA0007.2	9503.5	12279.5	15170.2	0.4	1.92	4.38	245	151	94	0.23	0.255
TCFL5$MA0632.2	6188.6	8324.0	10168.1	-1.51	-0.21	0.6	186	91	95	-0.041	-0.053
Hes2$MA0616.1	11863.9	15444.5	18012.4	-0.75	0.13	1.39	251	126	125	0.006	0.01
Dmrt1$MA1603.1	7007.6	9731.5	11273.3	-0.98	-0.01	1.05	197	97	100	-0.014	0.011
ZNF449$MA1656.1	8816.3	11359.5	13781.2	-0.4	0.4	1.92	220	117	103	0.045	0.022
MZF1(var.2)$MA0057.1	5931.8	8050.0	9758.2	-1.35	-0.1	0.78	181	88	93	-0.063	-0.016
HOXC13$MA0907.1	5574.2	7523.0	9397.7	-1.99	-0.43	0.32	180	83	97	-0.075	-0.142
ZNF317$MA1593.1	8977.8	12264.0	14069.4	-0.99	0.0	0.99	221	112	109	0.029	-0.028
SIX2$MA1119.1	15589.9	19209.0	23205.4	0.76	2.47	5.26	308	177	131	0.152	0.248
MYBL2$MA0777.1	10533.7	13483.0	16895.3	0.31	2.02	4.82	257	142	115	0.222	0.255
Mecom$MA0029.1	8292.0	10836.0	13266.0	-0.51	0.47	1.86	216	110	106	0.124	0.125
NR3C1$MA0113.2	9891.1	12709.0	15569.2	-0.12	0.73	2.66	237	131	106	0.155	0.221
Mafb$MA0117.1	3408.4	4801.5	6185.3	-1.99	0.48	0.72	145	73	72	0.005	-0.16
ZFP57$MA1583.1	10822.0	14111.0	16890.7	-1.47	-0.23	0.55	242	113	129	-0.03	-0.055
MTF1$MA0863.1	7542.8	9869.0	11884.8	-1.68	-0.31	0.49	204	97	107	-0.247	-0.086
Gfi1$MA0038.1	6524.6	8655.5	10820.1	-0.54	0.3	1.68	191	100	91	0.126	0.02
Arx$MA0874.1	10010.0	12638.0	15546.8	-2.71	-0.86	0.26	238	111	127	-0.089	-0.196
Tbxt$MA0009.1	5083.9	6804.0	8664.2	-0.23	0.74	2.44	175	95	80	0.345	0.193
Arid3b$MA0601.1	3949.6	5668.5	6736.6	-1.18	-0.05	0.88	151	73	78	-0.061	0.005
FOXO3$MA0157.1	3383.2	4883.0	6173.2	-1.7	-0.3	0.54	144	71	73	-0.059	-0.154
TFAP2A$MA0003.1	2525.0	3616.0	4894.7	-4.65	-2.22	-0.57	140	58	82	-0.211	-0.329
Myb$MA0100.1	3284.9	4635.5	6145.3	-0.11	1.27	3.23	150	84	66	0.166	0.271
VDR$MA0693.2	3077.9	4353.5	5737.0	0.22	1.45	3.71	147	88	59	0.116	0.241
Hoxd8$MA0910.1	14269.7	18155.5	21690.7	-2.47	-0.72	0.04	282	128	154	-0.2	-0.09
Myb$MA0100.2	5524.7	7293.5	9368.6	0.03	0.93	2.85	183	104	79	0.226	0.199
PAX3(var.2)$MA1546.1	16065.2	20077.0	24293.7	0.44	2.18	4.81	312	173	139	0.164	0.285
Prdm15$MA1616.1	14014.5	17718.5	21269.4	-2.33	-0.6	0.25	277	129	148	-0.051	-0.12
PROX1$MA0794.1	8595.8	11427.0	13196.2	-1.2	-0.08	0.79	215	102	113	-0.021	0.012
NRF1$MA0506.1	5410.2	7442.0	9142.3	-1.61	-0.22	0.62	176	84	92	-0.093	-0.069
SOX12$MA1561.1	7263.4	9616.5	11743.7	-0.51	0.57	2.28	205	105	100	0.035	0.12
THAP11$MA1573.1	14849.8	18986.5	21956.4	-0.88	-0.07	1.14	277	134	143	-0.016	0.067
Six3$MA0631.1	21550.1	26704.5	30630.9	-1.37	-0.18	0.62	331	161	170	-0.109	-0.041
Nr2e3$MA0164.1	671.7	1130.5	1617.6	-0.45	0.29	1.71	70	38	32	0.061	0.078
ZNF274$MA1592.1	19293.7	24062.5	27406.0	-0.74	0.08	1.22	312	160	152	0.017	0.012
MAFG::NFE2L1$MA0089.1	1597.5	2461.5	3391.1	0.85	2.66	5.21	120	77	43	0.338	0.41
HINFP$MA0131.1	11888.0	14942.0	18576.6	0.47	2.16	4.79	271	150	121	0.292	0.369
MZF1$MA0056.2	9093.2	12222.5	14703.9	-1.54	-0.21	0.77	225	107	118	-0.042	-0.089
ZNF282$MA1154.1	15689.5	19463.0	23486.6	-0.23	0.74	2.49	292	155	137	0.06	0.153
KLF17$MA1514.1	11974.7	15306.5	18453.4	-2.28	-0.61	-0.03	258	109	149	-0.171	-0.075
ZBTB12$MA1649.1	5601.6	7576.5	9128.6	-1.72	-0.24	0.54	178	86	92	-0.024	-0.078
Dmbx1$MA0883.1	17909.6	22681.0	26030.8	-1.39	-0.17	0.7	305	149	156	-0.018	-0.072
ZNF140$MA1589.1	20254.0	24816.0	29369.7	-3.31	-1.21	-0.05	335	151	184	-0.064	-0.179
YY1$MA0095.2	9896.9	12824.0	15162.3	-1.28	-0.14	0.8	229	108	121	-0.117	-0.05
NHLH2$MA1529.1	11661.6	15118.5	17532.1	-1.24	-0.11	0.78	248	122	126	-0.003	-0.014
CENPB$MA0637.1	15912.4	20416.0	23669.3	-0.97	-0.03	1.06	286	142	144	-0.005	0.016
PRDM1$MA0508.3	6179.2	8242.0	10609.5	0.82	2.6	5.39	208	121	87	0.282	0.365
ZBTB33$MA0527.1	9913.2	13010.0	15355.1	-0.63	0.1	1.3	230	121	109	0.066	-0.016
ZBED1$MA0749.1	4350.4	6047.0	7829.7	-3.89	-1.6	-0.17	173	76	97	-0.182	-0.379
