Merged motif (Total sequences: 162)	5% stats	Median stats	95% stats	5% p-val	Median p-val	95% p-val	All mutation	Pos mutation	Neg mutation	Median score difference	Mean score difference
MAX$MA0058.2|BHLHE41$MA0636.1|Myc$MA0147.2|MITF$MA0620.2|MITF$MA0620.3|HES1$MA1099.2|SREBF1(var.2)$MA0829.2|BHLHE40$MA0464.2|Srebf1(var.2)$MA0829.1|ARNT2$MA1464.1|SREBF2(var.2)$MA0828.1|Arnt$MA0004.1|MLX$MA0663.1|MAX::MYC$MA0059.1|USF2$MA0526.2|Mycn$MA0104.1|Mycn$MA0104.2|SOHLH2$MA1560.1|TFEC$MA0871.2|MLXIPL$MA0664.1|MXI1$MA1108.2|USF2$MA0526.1|Hes2$MA0616.1|Hes1$MA1099.1|TFEB$MA0692.1|Arntl$MA0603.1|HES2$MA0616.2|ARNT::HIF1A$MA0259.1|Mitf$MA0620.1|USF1$MA0093.2|MAX$MA0058.1|HEY1$MA0823.1|TFE3$MA0831.1|MAX$MA0058.3|CLOCK$MA0819.1|Npas2$MA0626.1|HES7$MA0822.1|MXI1$MA1108.1|HIF1A$MA1106.1|TFE3$MA0831.2|Creb3l2$MA0608.1|HES5$MA0821.1|USF1$MA0093.1|Myc$MA0147.1|USF1$MA0093.3|Tcfl5$MA0632.1|TFEC$MA0871.1|Bhlhe40$MA0464.1|Mlxip$MA0622.1|Mycn$MA0104.3|MYCN$MA0104.4|MYC$MA0147.3|HEY2$MA0649.1|USF2$MA0526.3|MNT$MA0825.1|HES6$MA1493.1	102.66	230.96	357.97	-0.85	0.13	1.45	28	8	20	-0.762	-0.813
RARA(var.2)$MA0730.1|Rarb(var.2)$MA0858.1	79.0	186.5	314.15	-0.32	0.39	1.83	32	20	12	0.258	0.194
ZNF148$MA1653.1|KLF15$MA1513.1|ZNF740$MA0753.1|ZNF740$MA0753.2|SP9$MA1564.1|KLF5$MA0599.1|EGR4$MA0733.1|Egr1$MA0162.1|MAZ$MA1522.1|SP2$MA0516.2|KLF4$MA0039.3|KLF4$MA0039.4|KLF11$MA1512.1|EGR1$MA0162.2|Klf12$MA0742.1|SP8$MA0747.1|SP1$MA0079.2|VEZF1$MA1578.1|KLF2$MA1515.1|EGR1$MA0162.4|EGR2$MA0472.1|SP2$MA0516.1|Klf1$MA0493.1|Klf4$MA0039.2|KLF10$MA1511.1|SP3$MA0746.2|SP3$MA0746.1|KLF9$MA1107.2|KLF14$MA0740.1|SP1$MA0079.3|KLF9$MA1107.1|KLF16$MA0741.1|SP4$MA0685.1|EGR3$MA0732.1|KLF6$MA1517.1|EGR2$MA0472.2|EGR1$MA0162.3|SP1$MA0079.4	137.03	284.64	431.23	-0.66	0.29	1.66	30	22	8	0.511	0.516
GATA6$MA1104.2|GATA6$MA1104.1|GATA2$MA0036.3|GATA3$MA0037.3|GATA5$MA0766.1|Gata1$MA0035.3|Gata4$MA0482.1|GATA5$MA0766.2|GATA3$MA0037.2|GATA4$MA0482.2|GATA1$MA0035.4|Gata1$MA0035.2|GATA2$MA0036.2|Tal1::Gata1$MA0140.1	36.64	102.82	185.97	-0.11	0.96	2.58	24	19	5	0.628	0.892
JUN::FOS$MA0099.1|JUN(var.2)$MA0489.1|FOSL1$MA0477.1|JUNB$MA0490.1|JUND$MA0491.2|JUNB$MA0490.2|JUNB(var.2)$MA1140.1|FOSL1$MA0477.2|MAF::NFE2$MA0501.1|BACH2$MA1101.1|FOSL1::JUN(var.2)$MA1129.1|HLF$MA0043.1|JDP2(var.2)$MA0656.1|FOSL2$MA0478.1|FOSL2::JUN(var.2)$MA1131.1|BACH1$MA1633.1|ATF3$MA0605.2|CREB3L4(var.2)$MA1475.1|FOSL2::JUNB(var.2)$MA1139.1|NFE2L1$MA0089.2|ATF7$MA0834.1|JUNB(var.2)$MA1140.2|ATF2$MA1632.1|Crem$MA0609.1|FOSB::JUN$MA1127.1|Smad2::Smad3$MA1622.1|Creb5$MA0840.1|HLF$MA0043.2|JUND$MA0491.1|FOS$MA0476.1|FOSB::JUNB(var.2)$MA1136.1|BATF::JUN$MA0462.2|NFE2$MA0841.1|MAFG::NFE2L1$MA0089.1|CREB1$MA0018.2|BATF$MA1634.1|NFIL3$MA0025.2|FOSL2::JUNB$MA1138.1|CREB1$MA0018.3|FOSL1::JUN$MA1128.1|FOSL2::JUN$MA1130.1|FOS::JUN$MA0099.3|FOSL2::JUND(var.2)$MA1145.1|TEF$MA0843.1|BATF3$MA0835.2|FOS::JUN(var.2)$MA1126.1|DBP$MA0639.1|FOSL1::JUND$MA1142.1|JDP2$MA0655.1|FOSB::JUNB$MA1135.1|Gmeb1$MA0615.1|FOSL1::JUNB$MA1137.1|FOS::JUND$MA1141.1|JUND(var.2)$MA0492.1|Bach1::Mafk$MA0591.1|GMEB2$MA0862.1|JUN$MA0488.1|FOSL2::JUND$MA1144.1|CREM$MA0609.2|Atf1$MA0604.1|CREB1$MA0018.4|JUN::JUNB(var.2)$MA1133.1|JUN::JUNB$MA1132.1|FOSL1::JUND(var.2)$MA1143.1|BACH2$MA1101.2|Atf3$MA0605.1|FOS::JUNB$MA1134.1|MAFK$MA0496.3|NFIL3$MA0025.1|CREB1$MA0018.1	89.15	200.89	323.03	-0.48	0.47	1.93	19	14	5	1.122	1.008
Cebpa$MA0102.1|CEBPD$MA0836.1|CEBPB$MA0466.2|CEBPB$MA0466.1|CEBPD$MA0836.2|CEBPA$MA0102.3|CEBPG$MA0838.1|CEBPE$MA0837.1|CEBPA$MA0102.4|CEBPA$MA0102.2	42.55	118.2	195.62	-0.78	0.15	1.29	24	15	9	0.371	0.237
TBP$MA0108.2|TBP$MA0108.1	90.0	208.0	330.5	-1.57	-0.29	0.57	31	14	17	-0.174	-0.202
PKNOX1$MA0782.2|PBX3$MA1114.1|PBX2$MA1113.1|Meis1$MA0498.1|MEIS1$MA0498.2|MEIS2$MA0774.1|MEIS3$MA0775.1	43.14	116.71	202.01	-1.87	-0.48	0.38	24	9	15	-0.164	-0.775
TCF12(var.2)$MA1648.1|TCF3$MA0522.2|ASCL1(var.2)$MA1631.1|TCF4$MA0830.1|HAND2$MA1638.1|TCF3$MA0522.3|Ptf1a$MA1618.1|Rbpjl$MA1621.1|NEUROG2(var.2)$MA1642.1|SNAI3$MA1559.1|MYOD1$MA0499.2|TFAP4(var.2)$MA1570.1|TCF4$MA0830.2|Ptf1a(var.3)$MA1620.1|SNAI2$MA0745.1|Bhlha15$MA0607.1|Tcf12$MA0521.1|Myog$MA0500.1|SNAI1$MA1558.1|ATOH1(var.2)$MA1467.1|SNAI2$MA0745.2|ZEB1$MA0103.2|Tcf3$MA0522.1|ASCL1$MA1100.2|NEUROD1$MA1109.1|Ptf1a(var.2)$MA1619.1|ZEB1$MA0103.3|ATOH7$MA1468.1|MYF6$MA0667.1|BHLHA15(var.2)$MA1472.1|TCF21(var.2)$MA1568.1|FIGLA$MA0820.1|NEUROD2$MA0668.1|TWIST1$MA1123.2|Twist2$MA0633.1|TWIST1$MA1123.1|NEUROG2$MA0669.1|Ascl2$MA0816.1|NHLH1$MA0048.2|OLIG1$MA0826.1|Atoh1$MA0461.2|BHLHE22$MA0818.1|MYF5$MA1641.1|ZEB1$MA0103.1|MSGN1$MA1524.1|ASCL1$MA1100.1|NEUROG1$MA0623.2|TAL1::TCF3$MA0091.1|TFAP4$MA0691.1|MYOG$MA0500.2|Neurog1$MA0623.1|MSC$MA0665.1|BHLHE23$MA0817.1|ZBTB18$MA0698.1|OLIG3$MA0827.1|Myod1$MA0499.1|OLIG2$MA0678.1|NHLH1$MA0048.1|BHLHE22(var.2)$MA1635.1	79.56	185.98	302.02	-1.91	-0.45	0.53	33	11	22	-0.436	-0.572
TFAP2B(var.2)$MA0812.1|TFAP2C(var.2)$MA0814.1|TFAP2A$MA0003.3|TFAP2A$MA0003.4|TFAP2E$MA1569.1|TFAP2C(var.2)$MA0814.2	81.25	192.75	310.38	-1.88	-0.44	0.46	32	11	21	-0.279	-0.322
HOXA13$MA0650.2|ONECUT3$MA0757.1|HNF1A$MA0046.2|HNF1B$MA0153.2|HNF1A$MA0046.1|VENTX$MA0724.1|Lhx3$MA0135.1|Nobox$MA0125.1|Dmbx1$MA0883.1|CDX2$MA0465.1|Dlx1$MA0879.1|CDX2$MA0465.2|CDX4$MA1473.1|GBX1$MA0889.1|HOXB13$MA0901.2|CDX1$MA0878.1|MSX2$MA0708.1|Hoxd8$MA0910.1|GSX1$MA0892.1|Arx$MA0874.1|HOXB7$MA1501.1|PHOX2B$MA0681.2|ONECUT2$MA0756.1|POU6F1$MA0628.1|LMX1B$MA0703.2|DUXA$MA0884.1|Alx1$MA0854.1|LHX6$MA0658.1|HOXA13$MA0650.1|Lhx4$MA0704.1|Lhx8$MA0705.1|HOXA6$MA1497.1|EVX1$MA0887.1|HOXA1$MA1495.1|mix-a$MA0621.1|CDX1$MA0878.2|OTX1$MA0711.1|EMX1$MA0612.1|HOXC8$MA1505.1|Crx$MA0467.1|VSX2$MA0726.1|HOXD9$MA0913.2|SHOX$MA0630.1|HOXD3$MA0912.2|MSX1$MA0666.1|EVX2$MA0888.1|PHOX2A$MA0713.1|LHX9$MA0701.1|VAX1$MA0722.1|Alx4$MA0853.1|LHX2$MA0700.2|LHX2$MA0700.1|NOTO$MA0710.1|Pitx1$MA0682.1|VSX1$MA0725.1|NR1H4$MA1110.1|LMX1B$MA0703.1|BARX2$MA1471.1|ONECUT1$MA0679.2|UNCX$MA0721.1|LHX1$MA1518.1|Phox2b$MA0681.1|HOXA2$MA0900.1|Pdx1$MA0132.1|LHX9$MA0701.2|HESX1$MA0894.1|Hoxd9$MA0913.1|ONECUT1$MA0679.1|Arid3b$MA0601.1|Prrx2$MA0075.2|LMX1A$MA0702.1|HOXA10$MA0899.1|ALX3$MA0634.1|DPRX$MA1480.1|DUX4$MA0468.1|Hoxd3$MA0912.1|Msx3$MA0709.1|HOXA7$MA1498.1|HOXB6$MA1500.1|NKX6-2$MA0675.1|HOXB5$MA0904.2|HOXC4$MA1504.1|OTX2$MA0712.2|NKX6-3$MA1530.1|ARGFX$MA1463.1|BSX$MA0876.1|BARX1$MA0875.1|HOXB13$MA0901.1|LHX5$MA1519.1|GSX2$MA0893.1|ESX1$MA0644.1|Dlx4$MA0881.1|RAX$MA0718.1|HOXD13$MA0909.1|DLX6$MA0882.1|Hoxb5$MA0904.1|Hmx2$MA0897.1|HOXB8$MA1502.1|NKX6-1$MA0674.1|HOXD8$MA0910.2|Hmx1$MA0896.1|TLX2$MA1577.1|LBX1$MA0618.1|GSC$MA0648.1|DLX5$MA1476.1|EMX1$MA0612.2|LMX1A$MA0702.2|OTX2$MA0712.1|EN2$MA0642.1|Arid3a$MA0151.1|VAX2$MA0723.1|EMX2$MA0886.1|MEOX1$MA0661.1|EN1$MA0027.2|GSX2$MA0893.2|PITX1$MA0682.2|GSC2$MA0891.1|PRRX1$MA0716.1|PITX3$MA0714.1|ISX$MA0654.1|Dlx3$MA0880.1|GBX2$MA0890.1|Dlx2$MA0885.1|Hmx3$MA0898.1|HOXB2$MA0902.1|MEOX2$MA0706.1|Prrx2$MA0075.1|Shox2$MA0720.1|HOXB3$MA0903.1|HOXB2$MA0902.2|HOXA5$MA0158.2|DRGX$MA1481.1|HOXA4$MA1496.1|MNX1$MA0707.1|MIXL1$MA0662.1|PDX1$MA0132.2|LBX2$MA0699.1|PRRX2$MA0075.3|HOXD4$MA1507.1|RAX2$MA0717.1|PAX7$MA0680.1|PROP1$MA0715.1|PITX2$MA1547.1|HOXA2$MA0900.2|PAX3$MA0780.1|HOXB4$MA1499.1	13.04	59.6	109.02	-0.9	0.13	1.21	13	13	0	0.628	1.058
FOXA1$MA0148.4|Foxl2$MA1607.1|Foxf1$MA1606.1|FOXK2$MA1103.2|FOXA3$MA1683.1|FOXK2$MA1103.1|FOXP1$MA0481.3|FOXP2$MA0593.1|FOXA2$MA0047.3|Foxj3$MA0851.1|Foxj2$MA0614.1|FOXG1$MA0613.1|FOXK1$MA0852.2|FOXP1$MA0481.1|FOXO3$MA0157.2|FOXO3$MA0157.1|FOXP3$MA0850.1|FOXD1$MA0031.1|FOXL1$MA0033.2|PRDM4$MA1647.1|Foxk1$MA0852.1|FOXP1$MA0481.2|Foxo1$MA0480.1|FOXN3$MA1489.1|FOXI1$MA0042.2|FOXO4$MA0848.1|FOXO6$MA0849.1	19.18	67.0	124.77	-0.67	0.28	1.38	21	16	5	0.291	0.386
TBX1$MA0805.1|TBX4$MA0806.1|MGA$MA0801.1|TBX15$MA0803.1|TBX6$MA1567.1|TBX3$MA1566.1|TBX18$MA1565.1|TBX5$MA0807.1|TBR1$MA0802.1|TBX21$MA0690.1|EOMES$MA0800.1|TBX20$MA0689.1|TBX2$MA0688.1	94.31	217.77	340.47	-1.76	-0.37	0.49	27	9	18	-0.701	-0.549
ZBTB7B$MA0694.1|ZBTB7C$MA0695.1|ZBTB7A$MA0750.1	101.0	235.33	362.7	-1.6	-0.25	0.57	36	14	22	-0.238	-0.175
FOXC1$MA0032.2|FOXB1$MA0845.1|Foxa2$MA0047.2|FOXA1$MA0148.3|FOXD2$MA0847.2|FOXA1$MA0148.2|FOXA1$MA0148.1|FOXC2$MA0846.1|FOXE1$MA1487.1	21.56	73.67	149.5	-0.0	1.01	2.67	18	14	4	1.089	0.862
FLI1$MA0475.1|ETV1$MA0761.1|FLI1$MA0475.2|ETS1$MA0098.3|ETV5$MA0765.1|ERG$MA0474.2|ELK3$MA0759.1|ETV4$MA0764.1|FEV$MA0156.2|ELK4$MA0076.2|Gabpa$MA0062.2|ETS2$MA1484.1|GABPA$MA0062.3|ELK1$MA0028.2|ETV1$MA0761.2|ZBTB7A$MA0750.2|IKZF1$MA1508.1|Ets1$MA0098.2|ERF$MA0760.1|FEV$MA0156.1|ETV5$MA0765.2|ETV3$MA0763.1|GABPA$MA0062.1|ELF1$MA0473.1|ELK4$MA0076.1|Erg$MA0474.1|ELF1$MA0473.3|ETV6$MA0645.1|ETV2$MA0762.1|ELK1$MA0028.1|ELF5$MA0136.2|ETV4$MA0764.2|ELF5$MA0136.1|EHF$MA0598.3|ETS1$MA0098.1|ELF3$MA0640.2|ELF3$MA0640.1|ELF1$MA0473.2|SPI1$MA0080.2|ELF4$MA0641.1|ELF2$MA1483.1|EHF$MA0598.2|SPI1$MA0080.1|EHF$MA0598.1	52.63	135.48	251.04	0.46	1.92	3.8	29	24	5	1.051	1.501
THAP11$MA1573.1	136.0	301.5	444.5	-0.89	-0.08	1.15	35	17	18	-0.151	0.136
BARHL1$MA0877.2|BARHL2$MA0635.1	26.0	87.0	159.55	-2.22	-0.55	0.22	20	6	14	-0.474	-0.378
RORA$MA0071.1|ESRRA$MA0592.1|NR5A1$MA1540.1|Esrrb$MA0141.1|Esrrb$MA0141.2|ESRRB$MA0141.3|ESRRA$MA0592.3|Esrrg$MA0643.1	55.31	145.44	244.59	-0.55	0.28	1.77	32	21	11	0.213	0.348
Rxra$MA0512.1	97.0	216.0	354.0	-2.44	-0.79	0.16	34	13	21	-0.483	-0.252
NFIC(var.2)$MA1527.1|NFIC::TLX1$MA0119.1|NFIX(var.2)$MA1528.1|NFIB$MA1643.1	194.82	386.12	546.02	-1.24	-0.07	0.81	45	20	25	-0.063	-0.137
E2F6$MA0471.2|E2F6$MA0471.1|TFDP1$MA1122.1|E2F4$MA0470.1|E2F1$MA0024.2	64.0	157.3	280.22	-0.08	1.43	3.14	36	25	11	0.421	0.822
CREB3L1$MA0839.1|ATF6$MA1466.1|CREB3$MA0638.1|XBP1$MA0844.1|CREB3L4$MA1474.1	149.9	307.4	475.84	-1.72	-0.05	0.73	36	18	18	0.015	-0.557
HMBOX1$MA0895.1	27.0	84.0	155.0	-0.48	0.36	1.58	20	11	9	0.283	0.208
IRF1$MA0050.1|IRF2$MA0051.1	84.25	200.25	303.25	-0.69	0.16	1.31	23	13	10	0.862	0.187
TGIF2$MA0797.1|PKNOX2$MA0783.1|TGIF1$MA0796.1|PKNOX1$MA0782.1|TGIF2LX$MA1571.1|TGIF2LY$MA1572.1	24.33	77.33	152.18	-2.3	-0.8	0.15	24	8	16	-0.481	-0.722
TEAD1$MA0090.3|TEAD3$MA0808.1|TEAD4$MA0809.2|TEAD4$MA0809.1|TEAD1$MA0090.1|TEAD2$MA1121.1|TEAD1$MA0090.2	103.2	231.29	358.73	-1.44	-0.2	0.67	34	13	21	-0.086	-0.36
PAX1$MA0779.1|PAX9$MA0781.1	211.9	411.0	637.55	-2.43	-0.74	0.09	49	17	32	-0.791	-0.327
RUNX1$MA0002.1|RUNX3$MA0684.1|RUNX1$MA0002.2|RUNX2$MA0511.2|RUNX2$MA0511.1	54.4	139.0	231.24	-1.55	-0.17	0.82	25	9	16	-0.473	-0.529
TFAP2C$MA0524.2|TFAP2A(var.2)$MA0810.1|TFAP2B$MA0811.1	132.0	307.67	432.67	-1.12	-0.05	0.94	34	14	20	-0.31	0.038
THRB$MA1574.1|PPARD$MA1550.1|NR1H2::RXRA$MA0115.1|Nr2f6$MA0677.1|PPARG::RXRA$MA0065.1|NR2F1(var.2)$MA1537.1|Rxra$MA0512.2|RXRB$MA0855.1|RXRG$MA0856.1|NR2C2$MA0504.1	177.54	350.7	514.52	-1.34	-0.11	0.78	50	20	30	-0.326	-0.133
Stat5b$MA1625.1|STAT3$MA0144.2|Stat4$MA0518.1|STAT1$MA0137.3|Stat3$MA0144.1|Stat5a$MA1624.1|Stat5a::Stat5b$MA0519.1|STAT1$MA0137.2	40.81	119.44	199.96	-1.38	-0.23	0.92	28	9	19	-0.464	-0.518
NR1D1$MA1531.1|NR1D2$MA1532.1	123.5	275.0	409.5	-1.23	-0.16	0.76	36	17	19	-0.035	-0.268
ZNF528$MA1597.1	107.0	230.0	376.0	-2.13	-0.6	0.24	34	14	20	-0.545	-0.377
CUX2$MA0755.1|CUX1$MA0754.1	16.0	73.0	124.0	-0.7	0.15	1.32	14	8	6	0.427	0.299
RARB(var.3)$MA1552.1|RARG(var.3)$MA1553.1|RXRG(var.2)$MA1556.1|RXRB(var.2)$MA1555.1	175.88	370.62	527.33	-0.88	0.07	1.17	42	22	20	0.136	0.18
Zfx$MA0146.2|Zfx$MA0146.1	128.45	263.0	418.05	-1.87	-0.02	0.61	35	17	18	-0.022	-0.457
MEF2A$MA0052.3|MEF2B$MA0660.1|MEF2D$MA0773.1|MEF2A$MA0052.1	2.0	28.38	67.75	0.07	1.28	2.84	17	13	4	0.295	1.004
IRF6$MA1509.1	69.0	171.0	299.1	-2.31	-0.69	0.34	30	13	17	-0.275	-0.429
NR4A2$MA0160.1|NR2C1$MA1535.1|NR2C2(var.2)$MA1536.1	20.33	69.67	133.67	-0.28	0.4	2.0	18	12	6	0.381	0.524
ZNF384$MA1125.1|SOX4$MA0867.2|SOX14$MA1562.1|Sox17$MA0078.1|SOX2$MA0143.4|SOX13$MA1120.1|Sox3$MA0514.1|SOX9$MA0077.1|SOX12$MA1561.1|Sox2$MA0143.3|SOX15$MA1152.1|SOX8$MA0868.2|SOX10$MA0442.1|Sox6$MA0515.1|SOX10$MA0442.2	40.67	113.1	198.77	-1.73	-0.24	0.58	10	8	2	0.503	0.419
NR1I3$MA1534.1|VDR$MA0693.2	29.0	86.0	171.0	0.03	1.18	2.82	25	18	7	0.654	0.866
IRF8$MA0652.1|IRF5$MA1420.1|IRF4$MA1419.1	48.67	132.5	210.67	-1.31	-0.11	0.73	21	10	11	-0.008	-0.221
PBX1$MA0070.1|Dux$MA0611.1	8.5	54.75	100.0	-1.21	-0.12	0.68	17	8	9	-0.143	-0.366
Ar$MA0007.3|NR3C1$MA0113.2|NR3C2$MA0727.1|NR3C1$MA0113.3|Ar$MA0007.1	202.6	399.7	557.02	-1.3	-0.07	0.75	33	12	21	-0.508	-0.078
ZNF382$MA1594.1	83.0	197.0	308.2	-0.48	0.33	1.69	30	17	13	0.143	0.23
Foxd3$MA0041.1	17.0	60.0	124.0	-0.12	0.57	2.13	18	12	6	0.461	0.333
SMAD3$MA0795.1|SMAD5$MA1557.1	7.5	60.0	108.0	-0.63	0.08	1.37	17	11	6	0.125	0.229
DMRT3$MA0610.1|DMRTC2$MA1479.1|DMRTA2$MA1478.1	42.67	110.33	208.0	0.08	1.37	2.99	20	14	6	0.858	1.068
HNF1B$MA0153.1	19.0	67.0	136.0	0.04	1.04	2.55	21	15	6	0.673	0.888
MEF2A$MA0052.2|MEF2A$MA0052.4|MEF2C$MA0497.1	34.33	108.67	198.0	-0.18	0.8	2.52	23	17	6	0.524	0.399
FOXL1$MA0033.1	9.0	48.0	102.0	0.14	1.23	3.01	19	15	4	0.662	0.683
HNF4G$MA0484.2|HNF4A$MA0114.4	116.5	254.25	405.0	-1.68	-0.34	0.57	34	16	18	-0.068	-0.252
EBF1$MA0154.3|Ebf2$MA1604.1|EBF3$MA1637.1|EBF1$MA0154.2|EBF1$MA0154.1|EBF1$MA0154.4	116.17	258.75	413.25	-2.15	-0.62	0.32	39	13	26	-0.569	-0.608
Tcfcp2l1$MA0145.2|Tcfcp2l1$MA0145.1	200.0	415.25	577.05	-1.14	0.08	0.88	41	22	19	0.058	-0.095
Mafb$MA0117.1	44.0	122.0	210.0	-0.47	0.37	1.71	24	13	11	0.192	0.212
TFAP2A(var.3)$MA0872.1|TFAP2C(var.3)$MA0815.1|TFAP2B(var.3)$MA0813.1	118.67	268.17	409.33	-1.47	-0.22	0.62	36	15	21	-0.241	-0.097
NR2F2$MA1111.1|NR4A1$MA1112.2|NR4A1$MA1112.1	58.67	160.33	256.7	-0.64	0.23	1.45	27	19	8	0.211	0.177
PAX6$MA0069.1	158.0	320.0	521.0	-0.22	0.65	2.25	40	24	16	0.335	0.274
HOXD12$MA0873.1|HOXC12$MA0906.1|HOXB9$MA1503.1|HOXC13$MA0907.1|HOXD10$MA1506.1|HOXC9$MA0485.2|HOXC10$MA0905.1|Hoxa11$MA0911.1|HOXC11$MA0651.1|HOXD11$MA0908.1	22.6	84.0	145.62	-1.13	-0.05	0.93	16	7	9	-0.375	-0.524
TCF7L2$MA0523.1|LEF1$MA0768.1|Tcf7$MA0769.1|TCF7$MA0769.2|TCF7L1$MA1421.1	77.8	186.1	301.42	-1.72	-0.36	0.36	29	11	18	-0.362	-0.353
NKX2-5$MA0063.2|Nkx2-5(var.2)$MA0503.1|NKX2-2$MA1645.1	91.0	201.67	353.33	-3.13	-1.33	0.12	27	7	20	-0.256	-0.574
HSF2$MA0770.1|HSF4$MA0771.1|HSF1$MA0486.1|HSF1$MA0486.2	85.25	202.88	312.55	-1.03	0.02	1.12	25	12	13	-0.071	-0.457
SCRT1$MA0743.1|SCRT1$MA0743.2|SCRT2$MA0744.1|SCRT2$MA0744.2	150.75	331.38	469.25	-1.08	-0.04	1.02	38	19	19	-0.009	0.169
NR1H4::RXRA$MA1146.1|NR2F6(var.3)$MA1539.1|NR2F1(var.3)$MA1538.1|NR4A2::RXRA$MA1147.1	88.75	206.75	334.8	-1.96	-0.48	0.29	28	9	19	-0.46	-0.578
ESR1$MA0112.3|ESR2$MA0258.2|ESR2$MA0258.1	267.83	492.0	699.07	-0.54	0.17	1.53	40	23	17	0.412	0.329
RORB$MA1150.1|RORA(var.2)$MA0072.1|RORC$MA1151.1	100.33	220.5	372.03	0.0	0.85	2.5	38	26	12	0.423	0.411
Pax4$MA0068.1	620.0	1012.5	1381.2	-0.34	0.49	2.02	68	38	30	0.189	0.122
SOX18$MA1563.1	0.0	54.0	95.0	-1.32	-0.13	0.8	15	6	9	-0.302	-0.097
Spi1$MA0080.3|SPIB$MA0081.2|SPI1$MA0080.5	157.63	323.33	474.37	-0.73	0.21	1.34	35	19	16	0.28	0.287
RFX5$MA0510.2|RFX2$MA0600.1|RFX2$MA0600.2|RFX3$MA0798.1|RFX3$MA0798.2|RFX4$MA0799.1|Rfx1$MA0509.1|RFX1$MA0509.2	54.44	140.06	231.05	-1.77	-0.37	0.48	17	6	11	-0.335	-0.584
ATF4$MA0833.2|ATF4$MA0833.1|CEBPG(var.2)$MA1636.1	117.67	267.5	392.07	-1.09	0.01	0.92	35	17	18	-0.216	-0.145
NR1I2$MA1533.1|Vdr$MA0693.1|RXRA::VDR$MA0074.1	98.8	223.67	370.93	-2.28	-0.65	0.15	39	17	22	-0.41	-0.409
TP53$MA0106.3|TP63$MA0525.1|TP53$MA0106.2|TP53$MA0106.1|TP73$MA0861.1|TP63$MA0525.2	135.67	279.5	426.87	-1.52	-0.28	0.63	28	12	16	-0.392	-0.708
E2F3$MA0469.3|E2F4$MA0470.2|E2F2$MA0864.2|E2F1$MA0024.3	157.5	317.0	457.5	-0.6	0.35	1.6	24	16	8	0.417	0.512
NFYA$MA0060.3|NFYC$MA1644.1|NFYA$MA0060.1|NFYB$MA0502.1	61.5	154.62	274.55	-2.54	-0.86	0.11	28	9	19	-0.777	-0.696
SPI1$MA0080.4|SPIC$MA0687.1	132.9	269.0	413.55	-0.53	0.38	1.78	26	14	12	0.025	0.56
NFATC1$MA0624.1|NFATC3$MA0625.1|NFATC4$MA1525.1	86.3	202.67	316.73	-0.67	0.15	1.35	30	18	12	0.196	0.161
Zic1::Zic2$MA1628.1|Zic2$MA1629.1	149.0	313.5	478.1	-1.34	-0.18	1.02	34	16	18	-0.136	-0.321
SOX4$MA0867.1|Sox1$MA0870.1|Sox11$MA0869.1|SOX21$MA0866.1	7.5	47.62	89.9	-1.07	-0.08	0.89	11	4	7	-0.234	-0.602
Rarg(var.2)$MA0860.1	76.0	187.0	280.0	-1.06	-0.02	0.96	27	12	15	-0.005	0.03
E2F7$MA0758.1|E2F8$MA0865.1	15.5	60.0	128.0	0.02	0.92	2.54	20	14	6	0.57	0.673
MAFG$MA0659.1|MAF$MA1520.1|MAFA$MA1521.1|MAFF$MA0495.2|MAFK$MA0496.2	191.36	374.5	556.96	-1.56	-0.26	0.76	46	23	23	-0.124	-0.295
ZNF410$MA0752.1	36.0	102.5	175.0	-0.76	-0.19	1.27	21	10	11	-0.063	0.359
REST$MA0138.1|REST$MA0138.2	235.95	446.25	628.3	-1.4	-0.2	0.59	39	15	24	-0.67	-0.338
Plagl1$MA1615.1|PLAGL2$MA1548.1	91.95	204.0	320.5	-0.48	0.35	1.66	36	19	17	0.06	0.252
YY2$MA0748.1|YY2$MA0748.2|YY1$MA0095.1	64.0	160.33	273.0	-0.59	0.36	1.81	34	22	12	0.084	0.335
NFE2L2$MA0150.1|Nfe2l2$MA0150.2	86.0	193.0	283.5	-0.84	0.06	1.08	17	9	8	0.126	0.39
SREBF1$MA0595.1|SREBF2$MA0596.1	35.5	108.5	186.75	-1.36	-0.18	0.7	22	9	13	-0.048	-0.166
CTCFL$MA1102.1|CTCFL$MA1102.2|CTCF$MA0139.1	155.47	318.5	469.33	-0.63	0.02	1.45	37	18	19	-0.01	0.217
Nkx3-1$MA0124.2|NKX3-2$MA0122.2|Nkx3-2$MA0122.1|NKX2-3$MA0672.1|ISL2$MA0914.1|NKX2-8$MA0673.1	39.0	114.67	196.68	-2.22	-0.75	0.2	23	7	16	-0.687	-0.915
MEIS2(var.2)$MA1640.1|PBX2$MA1113.2	28.0	83.5	151.55	-1.55	-0.28	0.6	20	10	10	-0.001	-0.275
Myb$MA0100.1|MYB$MA0100.3	29.0	98.5	159.0	-1.18	-0.1	0.82	16	5	11	-0.424	-0.039
Pax2$MA0067.1	86.0	191.5	341.0	0.05	0.95	2.69	33	21	12	0.564	0.426
ZBTB12$MA1649.1	43.0	124.0	204.1	-0.45	0.34	1.94	24	15	9	0.222	0.093
HINFP$MA0131.2	127.0	265.0	398.0	-1.5	-0.24	0.61	34	15	19	-0.164	0.017
Rarb$MA0857.1|Rarg$MA0859.1|Nr2f6(var.2)$MA0728.1|RARA$MA0729.1	30.38	94.0	163.52	-0.58	0.34	1.63	11	7	4	1.787	1.247
POU3F1$MA0786.1|Pou2f3$MA0627.1|POU3F3$MA0788.1|POU1F1$MA0784.1|POU3F2$MA0787.1|POU2F3$MA0627.2|POU2F1$MA0785.1|POU5F1B$MA0792.1|POU3F4$MA0789.1|POU5F1$MA1115.1|POU2F2$MA0507.1	22.09	74.09	142.73	-0.26	0.7	2.2	20	14	6	0.459	0.59
TBX19$MA0804.1|TBXT$MA0009.2	79.5	184.0	326.5	-0.03	1.31	3.12	37	26	11	0.519	0.533
ZNF460$MA1596.1	209.0	422.0	576.0	-1.08	-0.04	0.88	41	20	21	-0.049	-0.131
PRDM1$MA0508.3	72.0	179.0	288.0	-0.64	0.23	1.51	28	14	14	0.028	0.292
E2F3$MA0469.2|E2F2$MA0864.1	22.0	73.0	147.5	0.22	1.46	3.09	26	17	9	0.769	1.097
HNF4A$MA0114.1|HNF4A$MA0114.2|HNF4G$MA0484.1	128.3	279.0	421.73	-1.47	-0.27	0.66	33	13	20	-0.184	-0.285
SRF$MA0083.2|SRF$MA0083.3|SRF$MA0083.1	40.67	114.83	200.03	-0.48	0.41	1.86	28	20	8	0.546	0.233
MAFK$MA0496.1|NRL$MA0842.2|Mafb$MA0117.2|NRL$MA0842.1|MAFF$MA0495.3|MAFF$MA0495.1|MAFG$MA0659.2	139.9	292.0	434.5	-0.56	0.24	1.54	39	24	15	0.262	0.183
SOX8$MA0868.1	0.0	52.0	85.0	-1.01	-0.01	0.91	14	6	8	-0.872	-0.081
GLI2$MA0734.2|GLI3$MA1491.1	216.0	406.25	609.0	-0.36	0.4	1.82	41	23	18	0.166	0.377
Gata1$MA0035.1|GATA2$MA0036.1	0.0	17.5	44.0	-0.34	-0.16	1.98	13	6	7	-0.006	0.638
FOXF2$MA0030.1	15.0	57.0	118.0	-2.25	-0.67	0.27	18	7	11	-0.193	-0.233
ZIC1$MA0696.1|ZIC3$MA0697.1|ZIC5$MA1584.1|ZIC4$MA0751.1	180.32	360.62	558.55	-0.58	0.7	2.28	44	24	20	0.614	0.578
SIX1$MA1118.1|SIX2$MA1119.1	140.5	306.75	435.0	-0.72	0.41	1.76	26	15	11	0.496	0.748
NFKB1$MA0105.3|NFKB2$MA0778.1|REL$MA0101.1|NFKB1$MA0105.4|NFKB1$MA0105.1|NFKB1$MA0105.2|RELA$MA0107.1	75.43	186.07	291.74	-0.86	0.04	1.22	29	17	12	0.198	0.281
Prdm15$MA1616.1	187.0	367.5	590.5	0.02	0.86	2.57	44	28	16	0.299	0.234
GRHL2$MA1105.2|GRHL2$MA1105.1	33.0	99.0	171.0	-0.32	0.56	2.04	20	14	6	0.224	0.487
YY1$MA0095.2|ZFP42$MA1651.1	294.4	554.0	751.0	-0.85	0.22	1.54	43	22	21	0.013	0.418
FOXH1$MA0479.1	51.0	127.0	231.0	-2.32	-0.87	0.34	27	11	16	-0.102	-0.691
Hand1::Tcf3$MA0092.1|NFIC$MA0161.1|NFIX$MA0671.1	9.33	45.33	98.33	-2.47	-1.04	0.17	19	5	14	-0.34	-0.651
Sox2$MA0143.2|Sox2$MA0143.1	71.0	168.5	272.1	-1.43	-0.2	0.57	27	13	14	-0.031	-0.227
Hnf4a$MA0114.3	165.0	332.0	547.2	0.05	0.87	2.64	42	29	13	0.253	0.198
MYBL2$MA0777.1	35.0	103.0	192.0	-0.3	0.54	2.05	23	14	9	0.294	0.287
POU4F2$MA0683.1|POU4F3$MA0791.1|POU4F1$MA0790.1	29.67	101.0	164.67	-0.76	0.14	1.3	15	8	7	0.104	0.293
NFAT5$MA0606.1|NFATC2$MA0152.1	17.0	67.0	124.0	-0.34	0.28	1.66	17	10	7	0.162	0.181
OVOL1$MA1544.1|OVOL2$MA1545.1	90.0	201.0	336.25	-0.13	0.68	2.28	27	19	8	0.317	0.486
NFYA$MA0060.2	167.0	331.5	558.0	-3.14	-1.25	-0.11	44	16	28	-0.237	-0.551
ZNF274$MA1592.1	226.8	451.5	632.0	-1.28	0.1	0.9	43	22	21	0.049	-0.266
STAT1::STAT2$MA0517.1|STAT1$MA0137.1	70.5	169.0	274.05	-1.21	-0.24	0.92	31	13	18	-0.144	-0.125
Pax5$MA0014.1	206.5	428.5	656.2	-1.93	-0.5	0.23	45	19	26	-0.35	-0.265
Foxq1$MA0040.1	0.0	37.0	79.0	-0.25	0.26	1.65	13	9	4	0.325	0.245
TFAP2A$MA0003.2|TFAP2C$MA0524.1	195.5	387.75	568.55	-1.94	-0.52	0.56	45	14	31	-0.199	-0.33
ZNF684$MA1600.1	222.5	422.5	633.0	-0.49	0.55	2.08	45	24	21	0.417	0.384
GLIS3$MA0737.1|GLIS1$MA0735.1	165.0	346.0	488.0	-1.05	0.01	0.99	36	18	18	0.04	-0.021
OSR1$MA1542.1	106.0	238.0	365.0	-1.48	-0.2	0.59	32	15	17	-0.073	-0.231
MSANTD3$MA1523.1	56.0	143.0	249.0	-2.2	-0.57	0.15	27	10	17	-0.525	-0.317
POU6F1(var.2)$MA1549.1	41.0	126.0	203.0	-0.74	0.15	1.36	23	12	11	0.041	0.136
Barhl1$MA0877.1	49.0	134.0	210.0	-1.08	-0.04	0.91	23	10	13	-0.063	0.025
Tcf21$MA0832.1	34.0	93.0	172.0	-1.64	-0.36	0.42	21	9	12	-0.11	-0.499
GCM2$MA0767.1|GCM1$MA0646.1	152.25	305.5	491.1	-2.55	-0.8	0.04	42	16	26	-0.218	-0.31
Hic1$MA0739.1|HIC2$MA0738.1	25.0	78.0	157.05	-2.8	-1.17	-0.09	23	7	16	-0.901	-0.732
KLF17$MA1514.1	155.0	308.0	500.1	-0.16	0.77	2.46	40	24	16	0.432	0.358
Gfi1$MA0038.1	20.0	66.0	139.0	-2.59	-1.07	0.26	21	8	13	-0.717	-0.597
FERD3L$MA1485.1	42.0	119.0	229.0	-3.55	-1.71	-0.13	30	11	19	-0.825	-0.84
Stat2$MA1623.1	13.0	52.0	115.1	-0.52	0.61	2.0	17	9	8	0.428	0.778
Rhox11$MA0629.1	96.5	218.5	351.0	-1.51	-0.25	0.55	31	13	18	-0.23	-0.02
IRF3$MA1418.1	126.0	282.0	405.0	-1.26	0.1	0.9	34	20	14	0.461	-0.198
PAX5$MA0014.2	340.0	646.0	854.1	-1.19	-0.06	0.68	51	22	29	-0.305	0.116
Nr1h3::Rxra$MA0494.1	209.0	425.0	623.0	-1.55	-0.25	0.4	43	17	26	-0.203	-0.056
GLI2$MA0734.1	99.0	223.0	391.1	-2.25	-0.69	0.28	34	14	20	-0.122	-0.457
ZBTB6$MA1581.1	48.0	143.5	222.0	-0.52	0.07	1.34	24	16	8	0.175	-0.276
Nr2e1$MA0676.1	31.0	93.5	161.5	-0.77	-0.18	1.31	20	9	11	-0.354	0.161
ZNF682$MA1599.1	102.0	224.0	381.1	-2.24	-0.68	0.36	34	15	19	-0.11	-0.336
POU6F2$MA0793.1	24.0	86.0	147.0	-0.75	0.14	1.33	19	12	7	0.173	-0.009
ZSCAN4$MA1155.1	150.0	316.5	492.0	-1.73	-0.22	0.62	37	17	20	-0.063	-0.134
ZKSCAN1$MA1585.1	103.0	223.0	368.1	-0.32	0.52	2.12	33	19	14	0.107	0.422
BACH2(var.2)$MA1470.1	20.0	72.0	149.0	-0.13	0.88	2.68	21	14	7	0.906	0.468
ZNF449$MA1656.1	94.0	229.0	347.0	-0.8	-0.15	1.32	31	14	17	-0.049	0.136
GFI1$MA0038.2	40.0	126.0	204.0	-1.38	-0.15	0.78	23	11	12	-0.014	-0.181
ZKSCAN5$MA1652.1	108.0	233.5	376.0	-0.36	0.4	1.83	33	19	14	0.306	0.174
Tbxt$MA0009.1	56.0	146.0	232.0	-1.54	-0.18	0.64	25	11	14	-0.585	0.031
PLAG1$MA0163.1	192.0	370.5	546.3	-0.67	-0.23	1.54	40	19	21	-0.052	0.254
NFYB$MA0502.2	97.0	224.0	332.0	-1.04	0.06	0.77	30	15	15	0.0	-0.028
Znf281$MA1630.1	35.0	106.0	185.0	-1.64	-0.3	0.37	22	8	14	-0.279	-0.244
PAX3(var.2)$MA1546.1	228.0	438.5	604.0	-1.33	-0.17	0.76	43	21	22	-0.019	-0.146
SP1$MA0079.1	44.5	124.0	199.0	-0.73	-0.17	1.33	23	11	12	-0.097	0.245
ZSCAN29$MA1602.1	110.5	254.5	373.6	-1.02	0.07	1.05	32	18	14	0.087	0.042
ZNF75D$MA1601.1	33.0	97.0	177.0	-0.41	0.89	2.43	24	14	10	0.301	0.827
SMAD2::SMAD3::SMAD4$MA0513.1	33.0	105.0	198.0	-1.79	-0.31	0.55	22	10	12	-0.305	-0.328
MZF1(var.2)$MA0057.1	33.0	114.0	177.0	-1.16	-0.02	1.03	21	9	12	-0.048	0.082
EWSR1-FLI1$MA0149.1	23.0	83.0	134.0	-0.86	-0.04	1.13	18	9	9	-0.667	-0.118
THAP1$MA0597.1	41.0	124.0	210.1	-1.94	-0.34	-0.03	24	7	17	-0.164	-0.042
OSR2$MA1646.1	59.0	146.0	267.0	-2.37	-0.71	0.22	28	11	17	-0.176	-0.524
NFIA$MA0670.1	49.0	139.0	218.0	-1.38	-0.12	0.68	24	10	14	-0.072	-0.112
E2F1$MA0024.1	24.0	83.5	154.0	-0.72	0.19	1.28	19	10	9	0.531	0.277
GLIS2$MA0736.1	244.0	486.0	654.0	-0.92	0.04	1.03	44	24	20	0.185	-0.025
ZNF652$MA1657.1	57.0	140.5	240.0	-0.43	0.43	1.83	26	14	12	0.1	0.257
ZNF263$MA0528.1	216.8	416.0	656.0	0.04	0.93	2.77	47	30	17	0.5	0.341
INSM1$MA0155.1	117.0	265.0	402.0	-0.75	-0.11	1.15	33	15	18	-0.086	0.143
Wt1$MA1627.1	154.5	320.5	499.6	-0.47	0.33	1.76	38	21	17	0.121	0.235
HLF$MA0043.3	69.0	171.0	318.1	-2.57	-0.88	-0.01	31	11	20	-0.192	-0.181
Klf4$MA0039.1	29.0	89.5	175.0	-2.36	-0.85	0.5	23	10	13	-0.247	-0.376
En1$MA0027.1	38.0	106.0	193.0	-1.93	-0.48	0.16	23	8	15	-0.206	-0.205
FOXD2$MA0847.1	0.0	31.0	64.0	-1.42	-0.28	0.51	12	6	6	-0.072	-0.162
THRB(var.3)$MA1576.1	248.0	476.0	681.0	-1.48	-0.19	0.65	45	22	23	-0.114	-0.113
TFAP2A$MA0003.1	48.0	136.0	243.0	-0.51	0.32	1.74	25	14	11	0.101	0.112
BCL6B$MA0731.1	0.0	12.0	35.0	-2.33	-0.94	0.0	10	3	7	-0.282	-0.576
Atoh1$MA0461.1	43.9	124.0	210.0	-1.44	-0.17	0.64	23	11	12	-0.267	-0.106
HOXD13$MA0909.2	0.0	20.0	53.0	0.62	2.13	3.55	17	14	3	0.433	0.886
NKX3-1$MA0124.1	0.0	42.0	78.5	-1.1	0.09	0.86	13	7	6	1.0	-0.303
Nr5a2$MA0505.1	159.0	340.5	467.0	-1.32	-0.06	0.82	37	18	19	-0.038	-0.078
Stat6$MA0520.1	82.0	187.0	326.0	-0.21	0.82	2.62	32	19	13	0.398	0.412
SPIB$MA0081.1	64.0	164.0	275.0	-0.29	0.43	1.99	28	17	11	0.522	0.281
Smad4$MA1153.1	11.0	60.0	111.0	-1.38	-0.17	0.69	16	7	9	-0.127	-0.165
ZNF354C$MA0130.1	20.0	67.0	134.0	-0.43	0.38	1.62	18	10	8	0.53	0.292
znf143$MA0088.1	342.0	593.0	839.1	-1.56	-0.29	0.49	51	22	29	-0.107	-0.182
GATA1::TAL1$MA0140.2	157.0	332.0	474.1	-0.69	0.11	1.25	37	20	17	0.099	-0.139
Znf423$MA0116.1	151.9	322.0	490.0	-0.45	0.32	1.75	38	23	15	0.507	0.171
RBPJ$MA1116.1	49.0	130.0	211.0	-1.44	-0.25	0.64	24	11	13	-0.04	-0.534
ZNF282$MA1154.1	133.0	281.0	443.0	-0.44	0.38	1.85	36	20	16	0.417	0.123
Spz1$MA0111.1	58.0	150.5	257.0	-1.85	-0.45	0.38	27	11	16	-0.195	-0.366
Isl1$MA1608.1	63.0	149.0	259.0	-1.81	-0.47	0.32	27	11	16	-0.211	-0.242
CENPB$MA0637.1	129.0	258.5	411.0	-0.74	-0.45	1.88	35	17	18	-0.08	0.291
ESR1$MA0112.2	544.0	928.0	1178.1	-1.06	-0.05	0.87	61	28	33	-0.132	0.004
PPARA::RXRA$MA1148.1	244.4	472.5	659.5	-1.35	-0.1	0.68	44	21	23	-0.069	-0.049
AR$MA0007.2	134.0	280.0	428.0	-1.82	-0.39	0.47	36	16	20	-0.116	-0.277
ZNF341$MA1655.1	57.0	143.0	236.0	-1.41	-0.22	0.72	25	11	14	-0.039	-0.252
ZNF135$MA1587.1	174.9	381.5	521.6	-1.29	0.04	0.82	39	20	19	0.018	0.081
Esrra$MA0592.2	3.0	56.0	94.0	-0.92	-0.09	1.21	15	7	8	-0.027	0.124
KLF13$MA0657.1	182.0	355.0	561.0	-2.57	-0.81	0.09	43	17	26	-0.528	-0.324
FOXI1$MA0042.1	0.0	13.0	37.0	0.0	0.86	2.13	10	7	3	0.369	0.963
TCFL5$MA0632.2	140.0	294.0	427.0	-0.57	0.14	1.34	35	21	14	0.208	0.104
Six3$MA0631.1	82.0	193.0	333.0	0.06	0.93	2.57	33	22	11	0.402	0.437
Arid5a$MA0602.1	20.0	63.0	130.0	-0.22	0.93	2.54	20	13	7	0.11	0.802
RREB1$MA0073.1	106.0	243.5	362.1	-0.64	0.15	1.44	32	17	15	0.357	0.167
ZNF263$MA0528.2	142.0	303.0	442.0	-0.62	0.2	1.51	36	21	15	0.357	0.137
Sox5$MA0087.1	0.0	40.0	75.0	-0.57	0.15	1.32	13	7	6	0.311	0.076
Dmrt1$MA1603.1	50.0	144.0	217.0	-0.81	0.06	1.14	24	13	11	0.233	0.176
Pou5f1::Sox2$MA0142.1	32.0	92.0	159.0	-0.5	0.2	1.48	20	13	7	0.206	0.108
IRF9$MA0653.1	17.0	65.0	119.0	-1.51	-0.23	0.55	17	7	10	-0.188	-0.253
RARA::RXRA$MA0159.1	246.0	485.0	655.0	-1.17	-0.04	0.9	44	22	22	-0.093	-0.024
Foxa2$MA0047.1	61.0	151.0	243.0	-0.54	0.27	1.59	26	14	12	0.348	0.297
RHOXF1$MA0719.1	16.0	68.0	120.0	-1.24	0.16	0.96	17	10	7	0.099	-0.15
ZNF143$MA0088.2	141.0	294.0	440.0	-0.55	0.27	1.61	36	20	16	0.059	0.248
Nr2e3$MA0164.1	15.0	75.5	120.0	-1.0	0.02	1.01	17	10	7	0.709	-0.036
MZF1$MA0056.1	0.0	41.0	76.0	-0.67	0.12	1.39	13	8	5	0.585	-0.03
NHLH2$MA1529.1	192.9	359.5	543.1	-1.89	-0.45	0.37	41	18	23	-0.078	-0.293
ZNF24$MA1124.1	61.0	148.0	272.1	-3.15	-1.3	0.26	31	12	19	-0.181	-0.552
MYBL1$MA0776.1	64.0	164.0	267.1	-1.57	-0.26	0.6	27	13	14	-0.042	-0.315
Ddit3::Cebpa$MA0019.1	80.0	197.5	299.0	-1.43	-0.18	0.58	29	13	16	-0.249	0.039
NR2F1$MA0017.2	134.0	305.0	430.3	-0.93	0.06	1.18	35	18	17	0.097	0.106
ZBTB14$MA1650.1	83.0	191.0	303.0	-1.5	-0.25	0.54	29	12	17	-0.215	-0.071
BATF::JUN$MA0462.1	41.0	123.0	213.1	0.02	0.36	1.83	24	17	7	0.353	0.068
SRY$MA0084.1	0.0	45.0	90.0	-1.65	-0.4	0.44	15	7	8	-0.441	-0.222
HLTF$MA0109.1	123.0	257.0	400.1	-1.57	-0.31	0.48	34	15	19	-0.155	-0.296
Myb$MA0100.2	24.0	77.0	146.0	-1.62	-0.33	0.48	19	8	11	-0.104	-0.376
NR2F1$MA0017.1	83.0	205.0	338.0	-2.0	-0.4	0.07	31	11	20	-0.505	-0.275
Gfi1b$MA0483.1	34.0	105.0	182.0	-0.49	0.31	1.57	22	13	9	0.333	0.247
RARA::RXRG$MA1149.1	224.0	423.5	641.1	-0.27	0.54	2.09	45	26	19	0.168	0.273
THRB(var.2)$MA1575.1	183.0	385.5	515.1	-0.94	0.02	1.05	39	20	19	0.051	-0.026
Ahr::Arnt$MA0006.1	51.0	147.0	229.1	-1.14	-0.03	0.94	24	12	12	-0.145	0.078
FOXC1$MA0032.1	71.5	171.5	295.0	-0.21	0.5	2.01	29	18	11	0.169	0.22
ESR1$MA0112.1	247.0	468.0	651.2	-1.31	-0.12	0.76	44	19	25	-0.677	-0.178
NRF1$MA0506.1	32.0	91.5	180.0	0.29	1.48	3.42	26	18	8	0.518	0.595
NR6A1$MA1541.1	301.0	566.5	791.6	-0.46	0.31	1.68	50	28	22	0.282	0.156
IRF1$MA0050.2	156.9	321.5	514.0	0.01	0.8	2.48	41	26	15	0.444	0.239
NR3C1$MA0113.1	114.0	248.5	434.0	-0.08	1.32	3.29	39	24	15	0.292	0.6
RELB$MA1117.1	113.0	234.0	387.0	-0.35	0.73	2.38	35	20	15	0.342	0.408
FOS::JUN$MA0099.2	10.0	47.0	105.0	0.01	1.03	2.72	18	13	5	0.837	0.655
ZBED1$MA0749.1	26.0	94.0	146.0	-1.04	-0.01	1.1	19	9	10	-0.02	0.08
MZF1$MA0056.2	86.0	191.0	318.0	-0.46	0.41	1.81	30	16	14	0.138	0.258
Nkx2-5$MA0063.1	0.0	46.0	89.0	-0.71	-0.17	1.23	14	6	8	-0.369	0.194
HOXA9$MA0594.2	12.0	46.0	110.0	-3.16	-1.56	0.17	20	7	13	-0.301	-0.419
Hoxa9$MA0594.1	27.0	89.0	160.0	-1.67	-0.26	0.49	20	8	12	-0.114	-0.088
Bcl6$MA0463.1	76.0	180.5	323.5	-0.26	0.93	2.65	32	19	13	0.34	0.447
GRHL1$MA0647.1	9.0	47.0	107.0	0.01	1.03	2.8	18	13	5	0.587	0.549
KLF3$MA1516.1	44.5	124.5	218.0	-0.43	0.33	1.68	24	13	11	0.534	0.271
ZNF140$MA1589.1	180.0	369.0	550.0	-0.55	0.37	1.79	41	21	20	0.163	0.268
HNF4A(var.2)$MA1494.1	57.0	139.0	256.1	-0.05	1.49	3.21	31	20	11	0.233	0.793
E2F3$MA0469.1	148.0	311.0	457.0	-0.52	0.27	1.57	37	20	17	0.203	0.249
Hoxc9$MA0485.1	44.0	111.5	200.0	-0.64	-0.38	1.55	23	11	12	-0.089	0.418
LIN54$MA0619.1	0.0	19.0	49.0	-2.05	-0.67	0.0	11	3	8	-0.729	-0.409
HINFP$MA0131.1	129.5	277.0	437.0	-0.34	0.58	2.26	37	21	16	0.289	0.404
Nkx3-2$MA0122.3	104.0	228.0	369.0	-0.5	0.3	1.65	32	17	15	0.148	0.069
ZNF16$MA1654.1	244.0	472.0	647.0	-0.8	0.1	1.21	44	23	21	0.104	-0.037
BCL6$MA0463.2	88.0	209.0	363.0	0.02	0.7	2.46	33	22	11	0.129	0.156
GATA3$MA0037.1	0.0	33.0	65.0	-1.39	-0.2	0.52	12	5	7	-0.088	-0.114
IRF7$MA0772.1	50.0	144.0	218.0	-0.96	-0.06	1.09	24	10	14	-0.419	0.109
RFX5$MA0510.1	101.9	242.5	389.0	-1.97	-0.3	-0.02	33	10	23	-0.28	0.058
PAX5$MA0014.3	159.9	336.0	494.1	-1.6	-0.21	0.58	38	15	23	-0.17	-0.135
SPDEF$MA0686.1	134.0	283.0	433.1	-1.5	-0.22	0.58	35	16	19	-0.097	-0.134
PRDM1$MA0508.2	86.0	204.0	333.1	-0.7	0.25	1.5	30	15	15	0.065	0.283
ZBTB26$MA1579.1	137.0	307.0	438.5	-0.9	0.05	1.1	35	19	16	0.031	0.114
RFX7$MA1554.1	15.0	52.0	114.0	-2.21	-0.84	0.3	18	7	11	-0.541	-0.542
Pparg::Rxra$MA0065.2	166.0	316.0	506.0	-3.18	-1.44	0.28	44	18	26	-0.18	-0.466
ZNF136$MA1588.1	31.0	91.0	181.1	-0.39	1.5	3.22	26	16	10	0.752	1.064
MTF1$MA0863.1	100.0	225.5	361.5	-1.86	-0.49	0.44	33	15	18	-0.56	-0.456
RUNX3$MA0684.2	45.0	130.5	200.0	-1.21	0.09	0.81	23	12	11	0.056	-0.114
ZBTB33$MA0527.1	144.0	316.0	468.1	-1.75	-0.23	0.44	37	14	23	-0.528	-0.082
NFIC$MA0161.2	32.0	97.0	175.0	-0.53	0.47	1.97	22	12	10	0.063	0.434
MEIS1(var.2)$MA1639.1	21.0	74.0	151.0	-2.3	-0.61	0.09	20	7	13	-0.372	-0.221
TFCP2$MA0145.3	51.0	134.0	224.2	-0.43	0.35	1.7	25	14	11	0.127	0.216
PROX1$MA0794.1	100.0	228.0	358.0	-1.87	-0.46	0.51	33	16	17	-0.103	-0.384
HOXA5$MA0158.1	69.0	175.5	284.5	-1.72	-0.27	0.39	28	11	17	-0.428	-0.203
ZBTB32$MA1580.1	17.0	68.0	136.0	-0.18	0.56	2.02	19	13	6	0.325	0.463
ZNF317$MA1593.1	43.0	115.0	203.0	-1.93	-0.5	0.32	24	10	14	-0.287	-0.326
PAX4$MA0068.2	0.0	42.0	82.0	-0.51	0.29	1.58	14	9	5	0.331	0.03
PRDM1$MA0508.1	156.0	322.0	465.0	-0.69	0.18	1.35	37	20	17	0.276	0.115
Mecom$MA0029.1	0.0	17.0	47.0	0.0	1.33	2.74	13	10	3	1.062	1.062
PPARG$MA0066.1	194.4	369.0	548.7	-0.41	0.52	2.04	42	23	19	0.403	0.319
ZFP57$MA1583.1	47.0	132.0	237.0	-2.68	-0.97	0.12	28	10	18	-0.087	-0.377
