Merged motif (Total sequences: 843)	5% stats	Median stats	95% stats	5% p-val	Median p-val	95% p-val	All mutation	Pos mutation	Neg mutation	Median score difference	Mean score difference
ARNT::HIF1A$MA0259.1|Hes2$MA0616.1|SOHLH2$MA1560.1|USF2$MA0526.1|Npas2$MA0626.1|Arntl$MA0603.1|TFEC$MA0871.1|USF1$MA0093.2|MAX$MA0058.1|MITF$MA0620.3|USF1$MA0093.3|Myc$MA0147.2|HEY1$MA0823.1|TFE3$MA0831.1|SREBF1(var.2)$MA0829.2|MLXIPL$MA0664.1|ARNT2$MA1464.1|TFEC$MA0871.2|Mycn$MA0104.3|HES5$MA0821.1|USF2$MA0526.3|BHLHE40$MA0464.2|HES1$MA1099.2|Bhlhe40$MA0464.1|Myc$MA0147.1|MXI1$MA1108.1|MAX$MA0058.3|HEY2$MA0649.1|Mitf$MA0620.1|Srebf1(var.2)$MA0829.1|MITF$MA0620.2|MAX::MYC$MA0059.1|HES7$MA0822.1|MAX$MA0058.2|CLOCK$MA0819.1|MLX$MA0663.1|USF1$MA0093.1|BHLHE41$MA0636.1|Mlxip$MA0622.1|Arnt$MA0004.1|MYCN$MA0104.4|SREBF2(var.2)$MA0828.1|TFEB$MA0692.1|TFE3$MA0831.2|Mycn$MA0104.2|HES2$MA0616.2|USF2$MA0526.2|Hes1$MA1099.1|MXI1$MA1108.2|HIF1A$MA1106.1|MYC$MA0147.3|MNT$MA0825.1|Mycn$MA0104.1	3048.22	4339.98	5425.44	-0.95	0.03	1.2	133	80	53	0.223	0.193
Rarb(var.2)$MA0858.1|RARA(var.2)$MA0730.1	3498.0	4877.5	6020.9	-0.94	0.05	1.16	114	65	49	0.14	0.101
SP2$MA0516.1|SP1$MA0079.3|SP9$MA1564.1|SP1$MA0079.2|KLF15$MA1513.1|SP1$MA0079.4|SP4$MA0685.1|KLF5$MA0599.1|SP3$MA0746.2|KLF2$MA1515.1|Klf4$MA0039.2|ZNF148$MA1653.1|MAZ$MA1522.1|KLF11$MA1512.1|KLF16$MA0741.1|SP3$MA0746.1|KLF4$MA0039.4|Klf12$MA0742.1|Klf1$MA0493.1|KLF3$MA1516.1|KLF6$MA1517.1|SP8$MA0747.1|KLF14$MA0740.1|KLF9$MA1107.2|KLF9$MA1107.1|KLF10$MA1511.1	4334.67	5890.54	7507.84	-0.12	1.13	3.05	187	108	79	0.394	0.453
GATA6$MA1104.2|GATA3$MA0037.3|GATA3$MA0037.2|GATA5$MA0766.1|Gata4$MA0482.1|GATA6$MA1104.1|GATA2$MA0036.3|Gata1$MA0035.2|GATA2$MA0036.2|Tal1::Gata1$MA0140.1|GATA5$MA0766.2|Gata1$MA0035.3|GATA4$MA0482.2|GATA3$MA0037.1	2703.73	3834.11	4917.03	-2.23	-0.61	0.39	139	60	79	-0.135	-0.248
JUN::JUNB$MA1132.1|BATF::JUN$MA0462.2|BATF3$MA0835.2|JUND$MA0491.1|FOS::JUN$MA0099.2|BATF$MA1634.1|JUNB$MA0490.2|BACH2$MA1101.2|FOS::JUN$MA0099.3|JUN::FOS$MA0099.1|FOSL1::JUND$MA1142.1|FOSL1$MA0477.2|FOSL2::JUN$MA1130.1|JUND$MA0491.2|JUN(var.2)$MA0489.1|FOSL2$MA0478.1|Smad2::Smad3$MA1622.1|FOS::JUND$MA1141.1|FOSL1::JUN$MA1128.1|FOSL1::JUNB$MA1137.1|JUNB$MA0490.1|FOS$MA0476.1|FOSL2::JUND$MA1144.1|JDP2$MA0655.1|FOSB::JUNB$MA1135.1|BATF::JUN$MA0462.1|FOSL2::JUNB$MA1138.1|NFE2$MA0841.1|FOS::JUNB$MA1134.1|FOSL1$MA0477.1	2957.19	4231.43	5306.57	-0.74	0.18	1.47	130	76	54	0.26	0.192
CEBPA$MA0102.2|Cebpa$MA0102.1	2915.65	4157.0	5262.35	-0.5	0.29	1.61	115	65	50	0.177	0.145
TBP$MA0108.1|TBP$MA0108.2	3679.75	5108.5	6525.65	-2.46	-0.72	0.51	151	71	80	-0.016	-0.228
MEIS2$MA0774.1|MEIS3$MA0775.1|MEIS1$MA0498.2	1404.43	2202.67	2875.2	-1.37	-0.18	0.65	96	44	52	-0.094	-0.177
TFAP4$MA0691.1|Ptf1a(var.2)$MA1619.1|ZBTB18$MA0698.1|MYF5$MA1641.1|TWIST1$MA1123.1|TCF4$MA0830.2|ZEB1$MA0103.2|TWIST1$MA1123.2|Atoh1$MA0461.2|ATOH1(var.2)$MA1467.1|Ptf1a(var.3)$MA1620.1|HAND2$MA1638.1|Rbpjl$MA1621.1|NEUROG1$MA0623.2|SNAI3$MA1559.1|TCF3$MA0522.3|Tcf21$MA0832.1|MSC$MA0665.1|MYOD1$MA0499.2|SNAI2$MA0745.2|TCF12(var.2)$MA1648.1|OLIG1$MA0826.1|BHLHA15(var.2)$MA1472.1|BHLHE23$MA0817.1|Bhlha15$MA0607.1|ASCL1$MA1100.1|ZEB1$MA0103.1|Ascl2$MA0816.1|Neurog1$MA0623.1|Tcf12$MA0521.1|ASCL1(var.2)$MA1631.1|SNAI2$MA0745.1|NEUROG2$MA0669.1|MYOG$MA0500.2|ZEB1$MA0103.3|NEUROD1$MA1109.1|ASCL1$MA1100.2|Ptf1a$MA1618.1|FIGLA$MA0820.1|Myod1$MA0499.1|BHLHE22$MA0818.1|SNAI1$MA1558.1|BHLHE22(var.2)$MA1635.1|MYF6$MA0667.1|TCF21(var.2)$MA1568.1|OLIG3$MA0827.1|ATOH7$MA1468.1|Myog$MA0500.1|NEUROG2(var.2)$MA1642.1|TCF3$MA0522.2|OLIG2$MA0678.1|TCF4$MA0830.1|NEUROD2$MA0668.1	2607.03	3752.75	4769.44	-1.33	-0.16	0.98	108	42	66	-0.319	-0.348
TFAP2B(var.2)$MA0812.1|TFAP2A$MA0003.3|TFAP2A$MA0003.4|TFAP2C(var.2)$MA0814.1|TFAP2B$MA0811.1|TFAP2C$MA0524.2|TFAP2A(var.2)$MA0810.1|TFAP2E$MA1569.1|TFAP2C$MA0524.1|TFAP2A$MA0003.2|TFAP2C(var.2)$MA0814.2	3418.06	4798.77	6095.13	-1.4	-0.12	0.93	137	62	75	-0.171	-0.165
ALX3$MA0634.1|EVX1$MA0887.1|PAX4$MA0068.2|VENTX$MA0724.1|EMX1$MA0612.1|EVX2$MA0888.1|HOXA6$MA1497.1|HOXD8$MA0910.2|HOXB8$MA1502.1|Alx4$MA0853.1|MIXL1$MA0662.1|UNCX$MA0721.1|MSX1$MA0666.1|LMX1A$MA0702.1|HOXA7$MA1498.1|GBX2$MA0890.1|MEOX2$MA0706.1|EMX2$MA0886.1|NOTO$MA0710.1|HOXD3$MA0912.2|Arid3b$MA0601.1|LHX6$MA0658.1|Dlx1$MA0879.1|HOXC4$MA1504.1|HOXB7$MA1501.1|LHX2$MA0700.1|GBX1$MA0889.1|LMX1B$MA0703.1|NKX6-2$MA0675.1|HOXB3$MA0903.1|VAX2$MA0723.1|SHOX$MA0630.1|DRGX$MA1481.1|LHX5$MA1519.1|HOXA5$MA0158.2|RAX2$MA0717.1|LMX1A$MA0702.2|DLX5$MA1476.1|MSX2$MA0708.1|LHX9$MA0701.1|PDX1$MA0132.2|POU6F1$MA0628.1|mix-a$MA0621.1|MEOX1$MA0661.1|LBX2$MA0699.1|HESX1$MA0894.1|PRRX1$MA0716.1|HOXD4$MA1507.1|VAX1$MA0722.1|EMX1$MA0612.2|ESX1$MA0644.1|Alx1$MA0854.1|Shox2$MA0720.1|Arx$MA0874.1|LHX2$MA0700.2|GSX2$MA0893.2|Lhx4$MA0704.1|RAX$MA0718.1|HOXA1$MA1495.1|HOXA2$MA0900.1|Barhl1$MA0877.1|EN2$MA0642.1|ISX$MA0654.1|Nobox$MA0125.1|Lhx8$MA0705.1|HOXB2$MA0902.2|HOXA2$MA0900.2|VSX2$MA0726.1|Prrx2$MA0075.2|GSX2$MA0893.1|PRRX2$MA0075.3|TLX2$MA1577.1|HOXB6$MA1500.1|Dlx4$MA0881.1|LBX1$MA0618.1|ARGFX$MA1463.1|LHX1$MA1518.1|HOXA4$MA1496.1|VSX1$MA0725.1|GSX1$MA0892.1|HOXB4$MA1499.1|EN1$MA0027.2|Msx3$MA0709.1|Prrx2$MA0075.1|BSX$MA0876.1|Dlx3$MA0880.1|HOXC8$MA1505.1|HOXB2$MA0902.1|Pdx1$MA0132.1|BARX1$MA0875.1|MNX1$MA0707.1|LHX9$MA0701.2|Dlx2$MA0885.1|LMX1B$MA0703.2|NKX6-1$MA0674.1|DLX6$MA0882.1|HOXB5$MA0904.2	1658.26	2520.57	3272.42	-1.12	-0.0	1.04	119	50	69	-0.213	-0.229
FOXC1$MA0032.2|FOXB1$MA0845.1|FOXC2$MA0846.1|FOXK1$MA0852.2|Foxk1$MA0852.1|FOXN3$MA1489.1|FOXP3$MA0850.1|FOXD1$MA0031.1|FOXO3$MA0157.1|Foxa2$MA0047.2|FOXK2$MA1103.1|FOXA1$MA0148.3|FOXP1$MA0481.3|FOXP1$MA0481.2|FOXP2$MA0593.1|FOXL1$MA0033.2|FOXI1$MA0042.2|FOXF2$MA0030.1|FOXO3$MA0157.2|FOXK2$MA1103.2|FOXD2$MA0847.2|FOXD2$MA0847.1|FOXA1$MA0148.4|FOXG1$MA0613.1|Foxj2$MA0614.1|Foxf1$MA1606.1|FOXA1$MA0148.2|FOXA1$MA0148.1|FOXP1$MA0481.1|FOXA2$MA0047.3|Foxl2$MA1607.1|Foxo1$MA0480.1|FOXO4$MA0848.1|Foxj3$MA0851.1|FOXA3$MA1683.1|FOXO6$MA0849.1	2394.67	3472.71	4421.55	-0.78	0.22	1.52	112	70	42	0.422	0.402
TBR1$MA0802.1|TBX5$MA0807.1|TBX6$MA1567.1|EOMES$MA0800.1|TBX2$MA0688.1|TBX15$MA0803.1|TBX4$MA0806.1|TBX20$MA0689.1|MGA$MA0801.1|TBX21$MA0690.1|TBX1$MA0805.1|TBX3$MA1566.1|TBX18$MA1565.1	3492.22	4881.04	6206.64	-1.78	-0.28	0.48	146	69	77	-0.13	-0.153
Hoxb5$MA0904.1|Hoxd3$MA0912.1	3810.0	5509.0	6614.05	-0.86	0.06	1.15	144	78	66	0.089	-0.002
ZBTB7B$MA0694.1|ZBTB7C$MA0695.1|ZBTB7A$MA0750.1	4345.5	5941.67	7778.53	-3.77	-1.46	-0.03	175	71	104	-0.329	-0.324
FLI1$MA0475.1|ETV5$MA0765.1|ERG$MA0474.2|ETV5$MA0765.2|ETV4$MA0764.1|FEV$MA0156.2|ELK3$MA0759.1|ELK1$MA0028.2|ETV6$MA0645.1|GABPA$MA0062.1|ETS1$MA0098.3|ETV1$MA0761.1|FLI1$MA0475.2|Gabpa$MA0062.2|ETS2$MA1484.1|ELK4$MA0076.2|ERF$MA0760.1|ELF5$MA0136.2|ZBTB7A$MA0750.2|ETV3$MA0763.1|SPI1$MA0080.2|ELF3$MA0640.2|FEV$MA0156.1|ELF1$MA0473.1|EHF$MA0598.3|ELK4$MA0076.1|ETV4$MA0764.2|ELF4$MA0641.1|EHF$MA0598.2|Erg$MA0474.1|ETV1$MA0761.2|ELF1$MA0473.3|ELF3$MA0640.1|ETV2$MA0762.1|GABPA$MA0062.3|ELF1$MA0473.2|ELK1$MA0028.1|Ets1$MA0098.2|EHF$MA0598.1|ELF2$MA1483.1	3585.73	4941.74	6475.57	0.33	2.0	4.39	148	96	52	0.636	0.609
NFIC$MA0161.2|NFIC$MA0161.1|NFIA$MA0670.1|NFIX$MA0671.1	2157.43	3174.12	4090.25	-0.74	0.15	1.32	144	84	60	0.062	-0.0
BARHL2$MA0635.1|BARHL1$MA0877.2	2236.9	3319.5	4200.5	-0.64	0.19	1.53	125	67	58	0.132	0.021
Esrrg$MA0643.1|NR5A1$MA1540.1|Esrra$MA0592.2|Esrrb$MA0141.1|Esrrb$MA0141.2|ESRRA$MA0592.1|ESRRA$MA0592.3|ESRRB$MA0141.3	3277.24	4700.88	5725.25	-1.14	0.01	0.9	142	63	79	-0.15	-0.028
ZNF135$MA1587.1	5566.4	7533.0	9505.2	-0.39	0.5	2.12	181	95	86	0.03	0.161
NFIX(var.2)$MA1528.1|NFIC::TLX1$MA0119.1|NFIB$MA1643.1|NFIC(var.2)$MA1527.1	7824.75	10201.75	12112.32	-0.72	0.16	1.29	210	109	101	0.122	0.07
E2F6$MA0471.2|TFDP1$MA1122.1|E2F6$MA0471.1|E2F1$MA0024.2|E2F4$MA0470.1	3431.96	4811.8	6159.02	-0.17	0.91	2.73	154	97	57	0.398	0.337
ATF6$MA1466.1|CREB3L1$MA0839.1|CREB3L4$MA1474.1|CREB3$MA0638.1|XBP1$MA0844.1	6248.04	8289.0	10217.22	-0.24	0.5	2.15	175	96	79	0.129	0.212
ONECUT3$MA0757.1|ONECUT1$MA0679.1|ONECUT1$MA0679.2|ONECUT2$MA0756.1	1521.52	2359.5	3069.05	-1.03	0.1	1.07	93	54	39	0.234	0.162
IRF2$MA0051.1|IRF1$MA0050.1|STAT1$MA0137.1|STAT1::STAT2$MA0517.1|IRF1$MA0050.2	3348.62	4720.7	5940.64	-1.71	-0.37	0.65	134	61	73	-0.436	-0.341
EGR1$MA0162.2	5027.1	6715.5	8644.3	-0.04	1.05	2.98	177	98	79	0.247	0.217
TGIF1$MA0796.1|TGIF2LX$MA1571.1|TGIF2$MA0797.1|TGIF2LY$MA1572.1|PKNOX1$MA0782.1|PKNOX2$MA0783.1	1721.97	2558.42	3442.85	-0.29	0.78	2.51	83	50	33	0.039	0.443
TEAD1$MA0090.1	2661.5	3679.0	4902.6	-4.42	-2.05	-0.47	140	58	82	-0.381	-0.497
GRHL1$MA0647.1|TFCP2$MA0145.3	2752.4	4054.0	5074.1	-1.42	-0.1	0.76	119	59	60	-0.023	-0.11
PAX1$MA0779.1|PAX9$MA0781.1	6698.55	8881.0	10793.35	-1.85	-0.26	0.56	208	98	110	-0.027	-0.206
NHLH1$MA0048.1|NHLH1$MA0048.2	3060.7	4437.0	5380.8	-1.12	-0.04	0.94	133	65	68	-0.198	-0.094
RUNX2$MA0511.2|RUNX3$MA0684.1	3139.05	4403.75	5756.0	-0.22	0.8	2.49	136	75	61	0.293	0.262
Bach1::Mafk$MA0591.1|BACH2$MA1101.1|NFE2L2$MA0150.1|BACH1$MA1633.1|MAF::NFE2$MA0501.1|Nfe2l2$MA0150.2|MAFK$MA0496.3|NFE2L1$MA0089.2	4720.56	6375.31	8088.9	-0.11	0.93	2.83	192	111	81	0.223	0.334
ATF4$MA0833.1|ATF4$MA0833.2|CEBPA$MA0102.4|CEBPA$MA0102.3|CEBPD$MA0836.2|CEBPB$MA0466.1|CEBPG(var.2)$MA1636.1	3702.6	5201.79	6442.44	-1.04	0.07	1.15	149	78	71	0.058	0.202
PRDM1$MA0508.1	4892.4	6715.5	8044.6	-0.86	0.03	1.01	164	82	82	0.002	-0.0
THRB$MA1574.1|PPARD$MA1550.1|PPARG::RXRA$MA0065.1|Rxra$MA0512.2|NR2F1(var.2)$MA1537.1|RXRG$MA0856.1|RXRB$MA0855.1|NR2C2$MA0504.1|Nr2f6$MA0677.1	5346.97	7240.28	8926.82	-1.87	-0.44	0.55	212	90	122	-0.152	-0.227
TEAD2$MA1121.1|TEAD4$MA0809.2|TEAD3$MA0808.1|TEAD1$MA0090.3|TEAD4$MA0809.1|TEAD1$MA0090.2	3146.62	4357.25	5728.35	-2.8	-0.98	0.56	173	80	93	-0.047	-0.354
Stat5b$MA1625.1|Stat3$MA0144.1|Stat5a$MA1624.1|Stat4$MA0518.1|Stat5a::Stat5b$MA0519.1|STAT1$MA0137.2|STAT1$MA0137.3|STAT3$MA0144.2	4581.04	6292.38	7637.25	-1.12	-0.02	1.03	177	87	90	-0.014	-0.198
NR1D2$MA1532.1|NR1D1$MA1531.1	6136.0	8068.75	10001.6	-2.58	-0.72	0.27	191	84	107	-0.159	-0.203
CUX1$MA0754.1|CUX2$MA0755.1	1432.15	2180.75	3012.75	-3.68	-1.49	-0.12	110	45	65	-0.165	-0.304
RELB$MA1117.1	4909.3	6915.0	8076.5	-1.0	-0.01	0.99	166	82	84	-0.027	-0.004
RARG(var.3)$MA1553.1|RXRG(var.2)$MA1556.1|RXRB(var.2)$MA1555.1|RARB(var.3)$MA1552.1	5068.5	7030.88	8426.47	-0.84	0.02	1.14	179	91	88	0.015	0.043
Zfx$MA0146.2|Zfx$MA0146.1	4832.45	6751.5	8021.3	-0.82	0.0	1.25	165	84	81	0.022	0.058
Nkx3-2$MA0122.3|ISL2$MA0914.1|Nkx3-1$MA0124.2|NKX3-2$MA0122.2|Nkx3-2$MA0122.1	2152.4	3151.7	4179.38	-2.32	-0.73	0.29	133	56	77	-0.24	-0.347
MEF2A$MA0052.2|MEF2A$MA0052.4|MEF2B$MA0660.1|MEF2A$MA0052.1|MEF2D$MA0773.1|MEF2A$MA0052.3|MEF2C$MA0497.1	1517.49	2323.0	3013.47	-0.75	0.12	1.39	122	65	57	0.094	0.152
FOSL1::JUND(var.2)$MA1143.1|ATF3$MA0605.2|JDP2(var.2)$MA0656.1|Creb5$MA0840.1|CREB1$MA0018.1|Atf3$MA0605.1|FOSB::JUN$MA1127.1|JUNB(var.2)$MA1140.2|Gmeb1$MA0615.1|FOSL1::JUN(var.2)$MA1129.1|FOSL2::JUNB(var.2)$MA1139.1|ATF7$MA0834.1|JUNB(var.2)$MA1140.1|Atf1$MA0604.1|FOSB::JUNB(var.2)$MA1136.1|GMEB2$MA0862.1|Crem$MA0609.1|CREB1$MA0018.2|CREM$MA0609.2|FOSL2::JUN(var.2)$MA1131.1|CREB3L4(var.2)$MA1475.1|FOSL2::JUND(var.2)$MA1145.1|CREB1$MA0018.4|CREB1$MA0018.3|ATF2$MA1632.1|JUN::JUNB(var.2)$MA1133.1|JUN$MA0488.1|FOS::JUN(var.2)$MA1126.1|JUND(var.2)$MA0492.1	3759.12	5153.09	6549.59	-0.43	0.57	2.26	149	84	65	0.065	0.244
SOX8$MA0868.2|SOX9$MA0077.1|SOX15$MA1152.1|Sox6$MA0515.1|Sox3$MA0514.1|Sox17$MA0078.1|SOX4$MA0867.2|SOX2$MA0143.4|Sox2$MA0143.3|SOX13$MA1120.1|SOX10$MA0442.2|SOX10$MA0442.1	2301.13	3319.46	4298.12	-0.79	0.35	1.76	116	63	53	0.096	0.382
PKNOX1$MA0782.2|PBX2$MA1113.1|PBX3$MA1114.1	4878.37	6734.33	8060.07	-0.63	0.22	1.54	161	90	71	0.038	0.044
EGR3$MA0732.1|EGR4$MA0733.1|EGR1$MA0162.3|Egr1$MA0162.1|EGR2$MA0472.2|EGR1$MA0162.4|EGR2$MA0472.1	5766.11	7666.0	9534.09	-0.28	0.62	2.28	191	112	79	0.237	0.241
Hmx1$MA0896.1|Hmx2$MA0897.1|Hmx3$MA0898.1	3560.7	4986.0	6182.27	-1.66	-0.28	0.54	159	76	83	-0.111	-0.185
IRF4$MA1419.1|IRF5$MA1420.1|IRF8$MA0652.1|IRF9$MA0653.1	2947.25	4165.5	5268.82	-0.36	0.44	1.88	127	73	54	0.206	0.283
OTX2$MA0712.1|OTX2$MA0712.2|RHOXF1$MA0719.1|OTX1$MA0711.1|Pitx1$MA0682.1|DPRX$MA1480.1|PITX3$MA0714.1|GSC2$MA0891.1|PITX1$MA0682.2|GSC$MA0648.1|PITX2$MA1547.1	2138.22	3155.5	4080.54	-1.66	-0.27	0.6	101	44	57	-0.184	-0.157
Foxd3$MA0041.1	2036.8	3123.5	3849.5	-1.19	-0.04	0.91	112	56	56	-0.052	0.044
SMAD5$MA1557.1|SMAD3$MA0795.1	3155.85	4538.25	5589.7	-0.82	0.08	1.19	144	74	70	0.053	0.025
DMRTC2$MA1479.1|DMRT3$MA0610.1|DMRTA2$MA1478.1	2873.8	4208.67	5228.8	-1.17	-0.15	0.79	124	55	69	-0.124	-0.05
HNF4A$MA0114.4|HNF4G$MA0484.2	5095.3	6761.0	8749.85	-2.94	-1.04	0.38	177	83	94	-0.043	-0.258
EBF1$MA0154.2|EBF1$MA0154.4|EBF3$MA1637.1|Ebf2$MA1604.1	3783.85	5324.62	6557.52	-1.41	-0.22	0.7	119	53	66	-0.309	-0.148
Tcfcp2l1$MA0145.2|Tcfcp2l1$MA0145.1	5220.65	7012.5	8421.05	-0.66	0.19	1.51	170	88	82	0.138	0.047
TFAP2C(var.3)$MA0815.1|TFAP2A(var.3)$MA0872.1|TFAP2B(var.3)$MA0813.1	2892.9	4110.0	5472.67	-0.32	1.2	3.29	140	78	62	0.262	0.336
CDX1$MA0878.1|HOXA10$MA0899.1|HOXD9$MA0913.2|HOXD13$MA0909.1|Hoxd9$MA0913.1|CDX4$MA1473.1|CDX2$MA0465.1|HOXA13$MA0650.2|HOXD13$MA0909.2|CDX2$MA0465.2|HOXA13$MA0650.1|CDX1$MA0878.2|HOXB13$MA0901.2|HOXB13$MA0901.1	1526.8	2301.43	3119.55	-2.45	-0.64	0.32	100	39	61	-0.331	-0.286
NR4A1$MA1112.2|NR2F2$MA1111.1|NR4A1$MA1112.1	3278.13	4739.5	5853.8	-0.9	0.09	1.2	138	71	67	0.037	0.038
MSGN1$MA1524.1	3513.2	4985.5	6046.8	-0.81	-0.07	1.27	142	71	71	-0.003	0.017
HOXC10$MA0905.1|HOXB9$MA1503.1|HOXD12$MA0873.1|HOXC9$MA0485.2|HOXC12$MA0906.1|HOXC11$MA0651.1|HOXD10$MA1506.1|Hoxa11$MA0911.1|HOXD11$MA0908.1	1542.78	2289.94	3168.84	-2.87	-1.0	0.2	103	40	63	-0.252	-0.336
TCF7$MA0769.2|Tcf7$MA0769.1|TCF7L2$MA0523.1|TCF7L1$MA1421.1|LEF1$MA0768.1	2624.3	3740.4	4736.74	-1.01	-0.03	1.2	108	46	62	-0.141	-0.159
NKX2-5$MA0063.2|NKX2-2$MA1645.1	3652.25	5039.75	6399.2	-2.28	-0.62	0.34	133	60	73	-0.016	-0.191
HSF4$MA0771.1|HSF1$MA0486.2|HSF2$MA0770.1|HSF1$MA0486.1	3230.58	4491.38	5927.83	-4.21	-1.8	-0.37	169	70	99	-0.252	-0.384
SCRT1$MA0743.2|SCRT2$MA0744.2|SCRT2$MA0744.1|SCRT1$MA0743.1	4361.35	5870.88	7528.35	-2.86	-1.0	0.17	180	77	103	-0.069	-0.215
NR4A2::RXRA$MA1147.1|NR2F6(var.3)$MA1539.1|NR1H4::RXRA$MA1146.1|NR2F1(var.3)$MA1538.1	4874.48	6552.75	8226.03	-2.37	-0.66	0.17	198	93	105	-0.193	-0.189
PAX7$MA0680.1|PAX3$MA0780.1	473.2	818.0	1209.1	-0.7	-0.08	2.02	59	29	30	-0.013	0.415
ESR1$MA0112.3|ESR2$MA0258.2|ESR2$MA0258.1	6988.3	9231.67	11146.83	-0.45	0.63	2.26	165	87	78	0.069	0.307
Znf281$MA1630.1|Wt1$MA1627.1	4259.7	5924.75	7293.85	-1.82	-0.37	0.47	138	58	80	-0.174	-0.223
RORB$MA1150.1|RORA(var.2)$MA0072.1|RORC$MA1151.1	4490.17	6225.67	7612.37	-0.66	0.06	1.48	165	87	78	0.112	0.105
Pax4$MA0068.1	25916.2	31803.0	34827.6	-1.14	-0.03	0.97	357	177	180	-0.04	-0.024
SPI1$MA0080.5|SPIB$MA0081.2|Spi1$MA0080.3	9147.77	11619.83	14008.77	-0.24	0.57	2.26	253	142	111	0.117	0.203
NFIL3$MA0025.2|HLF$MA0043.3	2742.0	3997.5	4982.95	-1.32	-0.04	0.82	117	53	64	-0.066	-0.072
RFX5$MA0510.2|RFX2$MA0600.1|RFX1$MA0509.2|RFX4$MA0799.1|RFX3$MA0798.2|RFX3$MA0798.1|Rfx1$MA0509.1|RFX2$MA0600.2	5356.61	7149.88	8827.44	-0.63	0.27	1.64	118	65	53	0.102	0.245
KLF4$MA0039.3	4331.9	5912.5	7533.0	-1.77	-0.36	0.46	159	77	82	-0.09	-0.097
Hoxc9$MA0485.1|Hoxa9$MA0594.1|MEIS2(var.2)$MA1640.1|PBX2$MA1113.2|MEIS1(var.2)$MA1639.1	2612.78	3779.0	4805.16	-1.26	-0.02	0.93	132	67	65	0.063	0.103
E2F2$MA0864.2|E2F4$MA0470.2|E2F1$MA0024.3	6656.73	8841.5	10635.0	-0.98	-0.17	1.07	214	106	108	-0.007	0.071
NFYA$MA0060.3|NFYB$MA0502.1|NFYC$MA1644.1|NFYA$MA0060.1	4753.58	6416.12	8008.38	-0.45	0.5	2.13	136	69	67	0.028	0.279
SPI1$MA0080.4|SPIC$MA0687.1	4373.5	5940.0	7397.25	-0.49	0.48	1.91	127	68	59	0.162	0.278
NR1I2$MA1533.1|Vdr$MA0693.1	6299.6	8458.5	10211.85	-0.64	0.1	1.5	217	115	102	0.115	0.113
NFATC1$MA0624.1|NFATC4$MA1525.1|NFATC3$MA0625.1	2990.67	4301.83	5395.8	-1.14	-0.11	1.15	133	65	68	-0.007	0.119
Zic2$MA1629.1|Zic1::Zic2$MA1628.1	3758.4	5195.25	6512.2	-1.74	-0.32	0.27	173	76	97	-0.114	-0.035
RORA$MA0071.1	2820.9	4014.0	5221.1	-0.17	0.9	2.76	137	76	61	0.196	0.242
Creb3l2$MA0608.1	2773.8	3998.5	5079.6	-1.35	-0.19	0.75	129	61	68	-0.258	-0.004
SOX21$MA0866.1|Sox1$MA0870.1|SOX4$MA0867.1|Sox11$MA0869.1	580.12	1005.0	1418.9	-1.8	-0.36	0.63	71	33	38	-0.034	-0.443
ZNF740$MA0753.2|ZNF740$MA0753.1|VEZF1$MA1578.1	3660.43	5079.83	6442.47	-0.32	0.55	2.3	164	93	71	0.25	0.331
E2F7$MA0758.1|E2F8$MA0865.1	2589.65	3707.0	4870.9	-2.6	-0.84	0.2	110	49	61	-0.231	-0.278
ESR1$MA0112.2	11551.6	14421.0	17582.1	0.06	1.15	3.19	257	143	114	0.271	0.165
MAFF$MA0495.2|MAFK$MA0496.2|MAFG$MA0659.1|MAFA$MA1521.1|MAF$MA1520.1	6458.04	8581.9	10413.28	-1.46	-0.24	0.78	193	89	104	-0.071	-0.12
REST$MA0138.1|REST$MA0138.2	8066.4	10384.75	12875.9	-0.25	0.7	2.45	181	102	79	0.409	0.293
Plagl1$MA1615.1	3330.8	4716.0	5792.9	-0.46	0.26	1.7	141	76	65	0.062	0.011
SREBF2$MA0596.1|SREBF1$MA0595.1	2978.3	4296.5	5430.3	-1.14	0.06	1.03	127	64	63	0.033	-0.165
CTCFL$MA1102.1|CTCFL$MA1102.2	3686.75	5116.25	6799.6	-0.26	1.16	3.16	162	90	72	0.126	0.368
Dmrt1$MA1603.1	3233.0	4492.0	5760.3	-0.27	0.45	2.01	140	78	62	0.094	0.154
ZNF354C$MA0130.1	931.5	1577.0	2040.7	-1.09	-0.01	1.0	79	37	42	-0.198	0.069
HNF1A$MA0046.2|HNF1B$MA0153.2	862.4	1388.25	1884.65	-1.43	-0.17	0.68	81	38	43	-0.082	-0.089
Twist2$MA0633.1|TFAP4(var.2)$MA1570.1	2313.9	3367.25	4357.05	-1.82	-0.4	0.53	118	59	59	-0.005	-0.14
En1$MA0027.1	2835.7	4137.0	5020.4	-1.22	-0.05	0.77	129	62	67	-0.033	-0.015
RARA$MA0729.1|Nr2f6(var.2)$MA0728.1|Rarb$MA0857.1|Rarg$MA0859.1	2498.0	3631.12	4628.77	-1.05	0.12	1.18	116	68	48	0.165	0.355
POU3F1$MA0786.1|POU5F1$MA1115.1|POU2F1$MA0785.1|POU5F1B$MA0792.1|POU3F2$MA0787.1|POU2F3$MA0627.2|POU2F2$MA0507.1|POU3F3$MA0788.1|POU3F4$MA0789.1|Pou2f3$MA0627.1|POU1F1$MA0784.1	1752.23	2618.55	3511.67	-2.28	-0.64	0.35	104	47	57	-0.251	-0.277
TBX19$MA0804.1|TBXT$MA0009.2	3739.5	5250.5	6553.7	-1.13	-0.3	1.18	157	76	81	-0.02	0.09
ZNF460$MA1596.1	6748.8	8870.0	10955.0	-0.38	0.57	2.33	197	103	94	0.086	0.179
E2F3$MA0469.2|E2F2$MA0864.1	1187.25	1829.75	2575.3	-0.12	1.08	3.06	109	61	48	0.356	0.442
NKX2-3$MA0672.1|NKX2-8$MA0673.1	1836.9	2701.75	3647.95	-3.2	-1.2	-0.2	114	45	69	-0.181	-0.389
HNF4A$MA0114.2|HNF4A$MA0114.1|HNF4G$MA0484.1	6458.6	8650.17	10376.13	-0.76	-0.02	1.34	185	89	96	-0.03	0.071
SRF$MA0083.3|SRF$MA0083.1	1695.7	2589.0	3470.65	-1.01	0.11	1.34	99	54	45	0.14	0.172
MAFF$MA0495.3|Mafb$MA0117.2|NRL$MA0842.2|NRL$MA0842.1|MAFG$MA0659.2	4362.38	6020.0	7406.24	-1.14	-0.03	0.82	173	91	82	0.092	0.059
PHOX2A$MA0713.1|Phox2b$MA0681.1|PHOX2B$MA0681.2|PROP1$MA0715.1	959.95	1540.25	2051.4	-0.82	0.13	1.25	90	49	41	0.151	0.151
ZNF652$MA1657.1	2765.4	4029.0	5097.7	-1.26	-0.15	0.67	129	64	65	-0.001	-0.07
NFIL3$MA0025.1|TEF$MA0843.1|HLF$MA0043.2|HLF$MA0043.1|DBP$MA0639.1	2303.06	3389.9	4257.02	-1.41	-0.21	0.73	86	41	45	-0.151	-0.242
GLI2$MA0734.2|GLI3$MA1491.1	7277.9	9465.5	11524.65	-2.02	-0.43	0.37	203	93	110	-0.225	-0.138
GATA2$MA0036.1|Gata1$MA0035.1	632.15	1070.5	1553.6	-2.43	-0.73	0.32	67	31	36	-0.158	-0.301
TP53$MA0106.1|TP53$MA0106.3	4167.0	5799.5	7145.0	-0.67	0.18	1.34	152	78	74	0.141	0.106
NR6A1$MA1541.1	6509.6	8626.5	10821.5	-3.22	-1.19	-0.13	201	87	114	-0.155	-0.191
Ddit3::Cebpa$MA0019.1	3624.8	4955.5	6403.6	-2.14	-0.54	0.32	148	69	79	-0.198	-0.136
ZIC5$MA1584.1|ZIC3$MA0697.1|ZIC1$MA0696.1|ZIC4$MA0751.1	5935.38	7913.62	9669.33	-0.44	0.3	1.67	207	114	93	0.181	0.109
NR3C1$MA0113.2|NR3C1$MA0113.3|NR3C2$MA0727.1|Ar$MA0007.3	4826.67	6546.75	7910.4	-1.1	-0.2	1.13	192	94	98	-0.029	-0.115
SIX1$MA1118.1|SIX2$MA1119.1	5665.75	7572.25	9196.8	-0.65	0.09	1.68	152	78	74	0.014	0.211
NFKB1$MA0105.1|NFKB1$MA0105.3|RELA$MA0107.1|REL$MA0101.1	2267.5	3344.38	4270.32	-0.71	0.26	1.58	118	61	57	0.033	0.247
GLIS2$MA0736.1	5207.3	6873.0	8697.0	-0.22	0.49	1.92	173	96	77	0.094	0.13
RUNX2$MA0511.1|RUNX1$MA0002.2	5939.15	7917.25	9506.5	-1.34	-0.17	0.72	208	98	110	-0.112	-0.076
GRHL2$MA1105.1	4307.4	5807.5	7496.0	-2.54	-0.83	0.28	163	75	88	-0.079	-0.162
ZKSCAN5$MA1652.1	5441.2	7282.5	9174.8	-0.56	0.66	2.44	180	93	87	0.08	0.159
YY1$MA0095.2|ZFP42$MA1651.1	7317.95	9798.0	11513.7	-0.85	0.06	1.16	153	77	76	0.013	0.09
Sox2$MA0143.2|Sox2$MA0143.1	3564.65	4906.75	6421.9	0.01	1.25	3.43	154	87	67	0.139	0.242
NR1H4$MA1110.1	2797.4	4014.5	5433.6	-3.21	-1.13	0.0	139	60	79	-0.155	-0.224
MYBL2$MA0777.1	4168.7	5811.5	7092.0	-0.68	-0.17	1.48	155	76	79	-0.019	0.035
MAFK$MA0496.1|MAFF$MA0495.1	6331.7	8442.25	10150.35	-0.8	-0.21	1.42	172	83	89	-0.035	0.114
POU4F3$MA0791.1|POU4F2$MA0683.1|POU4F1$MA0790.1	1062.0	1688.5	2375.5	-3.12	-1.14	-0.03	103	41	62	-0.226	-0.268
OVOL1$MA1544.1|OVOL2$MA1545.1	5747.55	7648.5	9209.2	-0.64	0.2	1.4	163	91	72	0.194	-0.033
NFYA$MA0060.2	9960.3	12921.0	15148.1	-1.24	0.09	0.85	229	115	114	0.011	-0.016
Nr2e3$MA0164.1	761.8	1261.0	1673.2	-1.44	-0.21	0.66	73	33	40	-0.061	-0.17
ZNF274$MA1592.1	8578.5	11173.5	13194.2	-1.7	-0.26	0.56	216	102	114	-0.013	-0.06
PRDM4$MA1647.1	3847.5	5514.0	6708.8	-1.12	-0.05	0.97	149	73	76	-0.046	-0.021
Foxa2$MA0047.1	2469.0	3542.5	4717.2	-0.14	1.01	2.98	130	72	58	0.158	0.239
SPI1$MA0080.1	1164.0	1783.0	2580.0	0.3	1.64	3.95	98	59	39	0.246	0.477
SOX14$MA1562.1|SOX12$MA1561.1	4919.5	6775.5	8079.2	-1.2	-0.06	0.8	154	74	80	-0.079	-0.029
Spz1$MA0111.1	3928.3	5520.0	6669.2	-0.61	0.16	1.4	151	79	72	0.143	0.056
SRY$MA0084.1	1616.0	2496.5	3187.0	-1.33	-0.1	0.71	101	46	55	-0.092	0.03
HNF1A$MA0046.1	1184.8	1840.0	2627.6	-0.12	0.73	2.63	93	53	40	0.447	0.2
Isl1$MA1608.1	2867.9	4270.5	5152.3	-0.89	0.04	1.21	131	66	65	0.051	-0.013
DUXA$MA0884.1|DUX4$MA0468.1	2197.7	3191.0	4013.7	-0.73	0.12	1.23	134	70	64	0.066	0.09
ZBED1$MA0749.1	2633.8	3714.5	4990.6	-2.49	-0.79	0.15	131	58	73	-0.134	-0.319
NR2C2(var.2)$MA1536.1|NR2C1$MA1535.1	2181.2	3179.25	4211.85	-2.4	-0.64	0.18	111	47	64	-0.136	-0.136
ZBTB33$MA0527.1	5986.7	7773.0	9795.1	-2.42	0.68	0.96	186	94	92	0.027	-0.149
ELF5$MA0136.1|ETS1$MA0098.1	1621.8	2416.25	3361.6	0.12	1.9	4.14	139	88	51	0.354	0.356
TP63$MA0525.1	11870.4	14815.0	17342.0	-1.56	-0.35	0.43	250	121	129	-0.041	-0.058
ZNF317$MA1593.1	4202.5	5782.0	7318.2	-0.5	0.34	1.67	157	82	75	0.026	0.088
CEBPE$MA0837.1|CEBPG$MA0838.1|CEBPB$MA0466.2|CEBPD$MA0836.1	3179.73	4589.0	5704.12	-0.83	-0.14	1.31	143	68	75	-0.026	0.111
HES6$MA1493.1	3106.4	4504.5	5491.6	-0.73	0.13	1.34	136	69	67	0.075	0.068
GLIS1$MA0735.1|GLIS3$MA0737.1	6251.8	8341.0	10068.6	-1.84	-0.36	0.55	188	88	100	-0.018	-0.227
GATA1::TAL1$MA0140.2	6759.9	9227.5	10794.1	-1.07	0.06	0.94	193	102	91	0.06	-0.069
OSR1$MA1542.1	3220.7	4488.0	5986.6	0.03	0.74	2.5	143	84	59	0.243	0.052
PAX3(var.2)$MA1546.1	7777.8	10507.5	12078.2	-1.01	0.02	1.01	205	103	102	0.012	-0.036
RFX5$MA0510.1	5824.8	7802.5	9506.6	-0.43	0.41	1.88	183	99	84	0.093	0.126
MZF1$MA0056.1	663.4	1098.5	1568.0	-1.88	-0.4	0.37	70	31	39	-0.194	-0.225
IRF7$MA0772.1	3626.2	5168.5	6439.6	-0.76	0.09	1.17	145	73	72	0.023	0.035
ZNF263$MA0528.2	4387.1	5972.0	7420.2	-0.08	0.3	1.75	159	89	70	0.121	0.073
NR1I3$MA1534.1	2713.6	3838.0	5158.9	-2.39	-0.68	0.22	132	59	73	-0.175	-0.116
MAFG::NFE2L1$MA0089.1	959.8	1540.0	2061.2	-1.99	-0.45	0.42	83	37	46	-0.118	-0.116
NFKB1$MA0105.2|NFKB1$MA0105.4|NFKB2$MA0778.1	3063.47	4356.83	5462.73	-1.33	-0.18	0.86	112	47	65	-0.429	-0.237
POU6F1(var.2)$MA1549.1|POU6F2$MA0793.1	2236.3	3302.25	4279.8	-1.27	-0.2	0.88	129	60	69	-0.101	-0.135
Pou5f1::Sox2$MA0142.1	2309.8	3359.0	4449.2	-0.37	0.7	2.54	124	66	58	0.185	0.193
NR2F1$MA0017.1	3650.9	5152.5	6536.1	-1.7	-0.31	0.57	148	73	75	-0.059	-0.107
EWSR1-FLI1$MA0149.1	814.0	1400.0	2064.5	0.33	1.69	4.16	88	56	32	0.735	0.739
NHLH2$MA1529.1	7403.7	9731.5	11827.8	-1.97	-0.48	0.51	205	100	105	-0.004	-0.147
GCM2$MA0767.1|GCM1$MA0646.1	3642.7	5017.25	6523.45	-2.55	-0.8	0.26	149	68	81	-0.098	-0.207
HINFP$MA0131.1	3443.7	4804.0	6378.2	0.04	1.2	3.19	152	87	65	0.345	0.241
Pparg::Rxra$MA0065.2	6980.9	9318.5	11007.6	-0.85	0.07	1.14	194	98	96	0.009	0.026
NR1H2::RXRA$MA0115.1	1338.3	2099.0	2664.0	-0.68	0.13	1.21	93	47	46	0.132	0.063
PLAGL2$MA1548.1	1722.4	2518.0	3448.4	-0.1	0.6	2.45	107	61	46	0.333	0.21
MTF1$MA0863.1	6339.4	8526.0	10165.8	-1.39	-0.14	0.75	187	93	94	-0.04	-0.031
ZBTB14$MA1650.1	4109.8	5716.0	7308.7	-0.4	0.57	2.13	159	83	76	0.137	0.197
TAL1::TCF3$MA0091.1	2049.8	2997.0	4118.3	-3.34	-1.27	-0.13	122	47	75	-0.342	-0.294
ZSCAN4$MA1155.1	4928.0	6726.5	8222.8	-1.58	-0.25	0.56	168	82	86	-0.025	-0.094
NKX3-1$MA0124.1	796.0	1320.0	1850.6	-0.45	0.34	1.79	76	41	35	0.07	0.148
ZNF140$MA1589.1	8441.0	10658.5	12862.2	-1.7	-0.38	0.52	213	104	109	-0.013	-0.112
ZNF143$MA0088.2	4322.9	5844.5	7566.9	-4.08	-1.7	-0.34	171	71	100	-0.287	-0.369
PRDM1$MA0508.2	2509.5	3713.5	4796.8	-1.34	-0.16	0.67	124	58	66	-0.027	-0.093
YY2$MA0748.2	3702.0	5339.5	6511.8	-1.11	-0.07	0.86	147	70	77	-0.04	0.037
THAP1$MA0597.1	2660.0	3944.5	4861.1	-1.45	-0.18	0.63	128	59	69	-0.067	-0.032
RARA::RXRA$MA0159.1	7109.4	9368.0	11403.7	-0.76	0.2	1.31	197	99	98	0.008	0.047
FOXL1$MA0033.1	1828.0	2710.0	3642.3	-2.77	-0.84	0.04	113	48	65	-0.119	-0.142
BCL6B$MA0731.1	546.9	956.0	1409.2	-2.0	-0.47	0.29	66	29	37	-0.276	-0.246
RFX7$MA1554.1	2955.6	4137.0	5391.4	-0.45	0.5	2.27	135	70	65	0.035	0.133
RUNX3$MA0684.2	4397.9	5988.0	7353.6	-0.79	-0.43	1.94	161	79	82	-0.007	0.165
MYB$MA0100.3	2300.0	3355.0	4309.3	-0.66	0.25	1.6	119	61	58	0.009	0.088
NR4A2$MA0160.1	1406.4	2273.0	2967.6	-0.88	0.08	1.17	96	50	46	0.066	0.057
IRF3$MA1418.1	5514.2	7284.0	9105.8	-0.23	0.94	2.79	183	100	83	0.131	0.244
GRHL2$MA1105.2	4158.5	6029.0	7301.8	-0.92	0.01	1.07	155	80	75	0.058	-0.053
THRB(var.2)$MA1575.1	8034.4	10380.5	12703.2	-2.04	-0.51	0.44	212	102	110	-0.051	-0.121
ZNF528$MA1597.1	6761.8	8910.0	11112.5	-0.5	0.78	2.6	200	104	96	0.045	0.206
ZNF382$MA1594.1	3500.5	4813.5	6350.5	-2.89	-0.95	0.3	150	69	81	-0.167	-0.19
Rarg(var.2)$MA0860.1	2468.8	3842.5	4647.9	-1.2	-0.03	0.89	124	58	66	-0.044	0.045
GLI2$MA0734.1	4940.0	6676.5	8534.2	-2.55	-0.8	0.33	174	81	93	-0.113	-0.203
Hoxd8$MA0910.1	2004.2	2972.0	3912.1	-0.56	0.41	1.96	114	58	56	0.096	0.097
SMAD2::SMAD3::SMAD4$MA0513.1	4789.5	6718.0	7898.5	-1.11	-0.03	0.92	164	82	82	-0.003	-0.02
HOXA9$MA0594.2	2536.1	3531.0	4733.2	-2.53	-0.81	0.23	128	58	70	-0.017	-0.198
NFATC2$MA0152.1	1214.9	1844.5	2623.0	-2.31	-0.72	0.49	93	44	49	-0.205	-0.29
FOXH1$MA0479.1	2803.9	3883.5	5103.3	-3.33	-1.28	-0.15	138	55	83	-0.135	-0.349
ZNF16$MA1654.1	11862.5	15525.5	17597.4	-0.99	0.01	1.1	249	128	121	0.046	-0.038
ZNF410$MA0752.1	987.5	1595.0	2170.5	-1.74	-0.3	0.03	83	35	48	-0.063	-0.086
Six3$MA0631.1	6213.4	8451.0	10413.4	-2.07	-0.54	0.57	192	94	98	-0.05	-0.138
RBPJ$MA1116.1	2834.0	4028.5	5146.2	-1.67	-0.3	0.57	131	65	66	-0.014	-0.214
znf143$MA0088.1	11885.6	14917.0	18098.5	-2.37	-0.71	0.6	256	124	132	-0.106	-0.171
Tbxt$MA0009.1	2765.9	3898.5	5044.3	-0.64	-0.48	2.06	131	65	66	-0.016	0.2
ZNF384$MA1125.1	832.8	1437.0	1929.7	-0.85	-0.13	1.4	77	38	39	-0.005	0.026
EBF1$MA0154.1	2310.8	3315.0	4324.0	-0.71	-0.39	1.88	120	59	61	-0.049	0.185
BARX2$MA1471.1	1888.0	2914.5	3700.6	-1.11	0.03	0.98	108	57	51	0.044	-0.012
GFI1$MA0038.2	3521.9	5057.5	6252.6	-1.28	0.13	0.89	144	77	67	0.067	-0.103
MYBL1$MA0776.1	2916.8	4198.5	5480.0	-2.2	-0.5	0.21	136	61	75	-0.143	-0.148
Pax5$MA0014.1	11132.0	14241.0	16596.8	-1.32	-0.17	0.63	242	116	126	-0.114	-0.079
Atoh1$MA0461.1	804.0	1335.0	1787.6	-0.57	0.2	1.34	75	40	35	0.151	0.079
ZNF24$MA1124.1	2106.6	3114.5	4171.4	-0.13	0.44	1.99	117	67	50	0.079	0.108
SPDEF$MA0686.1	4930.4	6606.0	8195.0	-0.43	0.36	1.7	168	89	79	0.113	0.13
AR$MA0007.2	6228.3	8301.0	10094.2	-1.59	-0.23	0.67	186	89	97	-0.016	-0.017
Nr2e1$MA0676.1	2039.1	3014.0	3777.1	-0.8	0.11	1.15	111	57	54	0.071	0.009
Lhx3$MA0135.1	383.9	699.5	1020.2	-0.58	0.26	1.46	55	29	26	0.029	0.161
ZNF341$MA1655.1	3284.8	4766.0	5827.6	-0.98	-0.02	0.92	138	68	70	-0.012	-0.006
FOXC1$MA0032.1	2117.9	3023.0	3970.3	-0.22	0.72	2.49	118	65	53	0.07	0.161
ZKSCAN1$MA1585.1	2758.9	3877.0	5089.8	-2.16	-0.51	0.0	131	56	75	-0.091	-0.134
HINFP$MA0131.2	4292.6	5915.5	7605.7	-0.44	1.83	4.32	173	95	78	0.184	0.305
ZNF282$MA1154.1	6163.0	8455.0	9991.5	-0.8	0.08	1.22	185	94	91	0.015	0.042
LIN54$MA0619.1	1313.9	2166.0	2711.6	-1.06	-0.03	0.99	93	46	47	-0.009	-0.016
HMBOX1$MA0895.1	2379.8	3443.0	4492.1	-0.1	0.65	2.43	125	70	55	0.102	0.183
HOXC13$MA0907.1	1775.7	2780.5	3531.5	-1.08	0.06	0.97	106	57	49	0.11	-0.105
ZNF75D$MA1601.1	2606.0	3672.0	4948.3	-3.43	-1.36	0.15	135	59	76	-0.093	-0.373
ZNF684$MA1600.1	7592.6	9895.0	11994.7	-0.63	0.58	2.29	208	105	103	0.028	0.156
Pax2$MA0067.1	1846.0	2806.5	3617.0	-0.61	0.25	1.52	109	57	52	0.03	0.063
ZNF682$MA1599.1	6629.9	8561.0	10642.0	-0.32	0.6	2.29	194	104	90	0.076	0.1
PBX1$MA0070.1	2041.5	3010.5	3794.5	-1.31	-0.18	0.62	112	53	59	-0.086	-0.096
Gfi1b$MA0483.1	2961.2	4269.0	5145.6	-1.09	-0.05	0.72	131	58	73	-0.191	0.062
OSR2$MA1646.1	3750.7	5393.5	6429.3	-1.05	0.03	1.0	147	74	73	0.008	-0.08
IRF6$MA1509.1	3230.2	4712.0	5788.2	-0.71	0.13	1.35	139	76	63	0.091	0.02
NFAT5$MA0606.1	1560.5	2346.5	3223.2	-4.55	-1.91	0.02	113	48	65	-0.408	-0.382
Mecom$MA0029.1	1433.8	2191.5	2981.1	-2.23	-0.6	-0.01	100	41	59	-0.41	-0.2
Nkx2-5(var.2)$MA0503.1	3206.8	4465.0	5730.8	-2.1	-0.58	0.09	141	62	79	-0.123	-0.169
HNF1B$MA0153.1	1147.0	1862.5	2430.5	-0.71	0.16	1.43	88	48	40	0.312	0.08
Myb$MA0100.2	2601.4	3776.0	4693.6	-0.59	0.23	1.52	126	64	62	0.028	0.152
Meis1$MA0498.1	4901.4	6792.5	8207.7	-1.02	0.03	0.99	165	84	81	0.027	0.014
FOXE1$MA1487.1	2494.1	3578.0	4710.0	-2.28	-0.62	0.12	127	56	71	-0.062	-0.117
MZF1$MA0056.2	4083.7	5481.5	6954.5	-2.62	-0.88	0.46	159	75	84	-0.028	-0.156
SRF$MA0083.2	5619.8	7655.5	9070.7	-1.23	-0.13	0.67	177	86	91	-0.069	-0.027
Stat6$MA0520.1	4700.3	6339.0	7799.7	-0.4	0.39	1.69	165	86	79	0.083	0.11
HIC2$MA0738.1	2373.0	3447.0	4533.0	-3.39	-1.22	0.11	130	57	73	-0.265	-0.271
HOXA5$MA0158.1	1704.6	2710.0	3463.7	-1.04	-0.02	0.92	104	51	53	-0.022	-0.055
Tcf3$MA0522.1	3234.2	4689.0	5852.1	-0.81	0.09	1.2	138	70	68	0.01	0.037
Sox5$MA0087.1	1204.0	1964.0	2569.6	-1.24	-0.13	0.65	90	39	51	-0.064	-0.017
Prdm15$MA1616.1	7345.4	9497.5	11771.8	-2.2	-0.59	0.14	204	93	111	-0.101	-0.107
FERD3L$MA1485.1	2798.9	3976.0	5164.4	-2.27	-0.55	0.46	133	64	69	-0.057	-0.164
Arid3a$MA0151.1	502.4	861.0	1270.6	-2.1	-0.5	0.5	63	30	33	-0.383	-0.152
Dux$MA0611.1	983.8	1559.5	2227.1	-2.01	-0.5	0.27	84	37	47	-0.231	-0.198
ZBTB26$MA1579.1	5623.5	7592.0	9865.2	-3.68	-1.4	-0.2	191	77	114	-0.097	-0.191
TP63$MA0525.2	1273.1	2008.5	2626.1	-0.91	-0.06	1.14	90	42	48	-0.068	0.062
SOX18$MA1563.1	2142.5	3056.0	4236.4	-5.67	-2.61	-0.79	132	49	83	-0.303	-0.338
YY1$MA0095.1	634.0	1084.0	1506.6	-0.47	0.34	1.67	69	37	32	0.06	0.197
Znf423$MA0116.1	4736.2	6422.5	8123.7	-0.1	0.55	2.23	168	94	74	0.262	0.188
Hic1$MA0739.1	2607.9	3789.0	4853.0	-0.57	0.22	1.54	126	67	59	0.063	0.022
ZSCAN29$MA1602.1	3898.4	5349.5	7009.7	0.2	1.44	3.66	162	95	67	0.236	0.282
ZNF136$MA1588.1	3119.6	4345.0	5747.3	0.07	1.34	3.54	146	83	63	0.178	0.309
Tcfl5$MA0632.1	2148.0	3106.0	4184.6	-0.34	0.66	2.34	119	64	55	0.126	0.178
CENPB$MA0637.1	7782.8	10029.0	12333.1	-2.2	-0.63	0.49	210	101	109	-0.107	-0.116
NFYB$MA0502.2	4517.4	6187.5	7619.2	-0.74	-0.18	1.48	160	78	82	-0.01	0.08
HNF4A(var.2)$MA1494.1	4331.0	6083.5	7410.0	-1.24	0.14	0.83	158	82	76	0.057	-0.108
PAX5$MA0014.3	3767.5	5179.0	6571.9	-0.22	0.44	1.95	150	84	66	0.089	0.099
ZBTB6$MA1581.1	4622.5	6233.5	7830.7	0.03	0.42	1.92	164	97	67	0.188	-0.003
Hand1::Tcf3$MA0092.1	2423.3	3544.0	4770.3	-4.08	-1.81	-0.42	136	54	82	-0.285	-0.263
KLF13$MA0657.1	9399.1	12420.0	14323.8	-1.22	-0.07	0.94	224	112	112	-0.031	-0.038
RREB1$MA0073.1	7728.5	10040.0	11808.7	-1.26	-0.15	0.63	203	99	104	-0.052	-0.052
PAX5$MA0014.2	10780.2	13804.5	15926.5	-1.4	-0.16	0.63	238	117	121	-0.011	-0.053
THRB(var.3)$MA1576.1	6445.4	8585.5	10576.6	-0.49	0.5	1.98	193	100	93	0.085	0.105
BCL6$MA0463.2	6111.5	8089.5	10165.8	-2.78	-0.99	0.44	193	91	102	-0.134	-0.183
MZF1(var.2)$MA0057.1	2867.8	4096.0	5485.8	0.1	1.21	3.5	141	83	58	0.482	0.194
TP73$MA0861.1	5941.0	8022.5	9564.7	-0.73	0.12	1.22	181	93	88	0.041	0.047
Myb$MA0100.1	1004.4	1526.5	2234.3	0.3	1.77	3.92	92	55	37	0.186	0.514
BACH2(var.2)$MA1470.1	987.0	1617.5	2248.2	-0.47	0.45	2.01	85	45	40	0.164	0.193
ESR1$MA0112.1	7899.8	10528.5	12012.6	-1.01	0.01	0.99	205	103	102	0.028	0.034
INSM1$MA0155.1	4079.2	5601.5	6850.4	-1.47	-0.22	0.56	153	73	80	-0.069	-0.082
GATA1$MA0035.4	2564.4	3987.5	4759.0	-0.97	-0.01	1.02	126	62	64	-0.044	0.039
TCFL5$MA0632.2	3503.8	4941.0	6121.1	-0.78	-0.11	1.25	142	70	72	-0.064	0.069
CTCF$MA0139.1	6783.5	8930.5	11323.0	0.41	1.95	4.49	211	124	87	0.287	0.367
E2F3$MA0469.1	4988.8	6704.0	8640.8	0.03	1.17	3.34	178	100	78	0.397	0.22
Arid5a$MA0602.1	2512.2	3534.0	4743.6	-2.96	-0.91	-0.04	129	52	77	-0.183	-0.139
ZNF263$MA0528.1	10446.7	13194.0	16158.5	-0.11	1.23	3.15	247	134	113	0.177	0.202
Dmbx1$MA0883.1	5068.9	6966.5	8349.8	-1.2	-0.13	0.75	169	84	85	-0.044	-0.083
SPIB$MA0081.1	1491.7	2217.0	3062.1	-0.36	0.77	2.58	102	55	47	0.177	0.362
RARA::RXRG$MA1149.1	10893.4	13876.5	16640.8	-2.12	-0.48	0.41	244	116	128	-0.098	-0.105
Nkx2-5$MA0063.1	891.0	1436.0	2061.1	-2.91	-0.92	-0.06	84	33	51	-0.319	-0.276
VDR$MA0693.2	1834.2	2713.5	3613.3	-0.87	-0.32	1.56	108	51	57	-0.118	0.187
NR2F1$MA0017.2	4494.6	6053.5	7593.8	-0.45	0.29	1.57	160	84	76	0.122	0.077
PROX1$MA0794.1	3654.2	5227.0	6529.6	-1.94	-0.38	0.43	150	68	82	-0.155	-0.096
Rxra$MA0512.1	3085.2	4416.0	5643.3	-1.85	-0.38	0.41	138	64	74	-0.077	-0.111
EBF1$MA0154.3	3847.8	5495.5	6843.5	-1.7	0.25	0.78	152	79	73	0.047	-0.093
TFAP2A$MA0003.1	2184.0	3271.0	4187.1	-1.43	-0.21	0.62	117	57	60	-0.016	-0.026
TP53$MA0106.2	6940.6	9112.0	11237.7	-0.37	0.37	1.93	197	104	93	0.081	0.073
MSANTD3$MA1523.1	2552.0	3586.0	4719.0	-2.46	-0.81	0.46	129	61	68	-0.104	-0.2
ZBTB12$MA1649.1	3898.1	5428.0	6638.1	-1.23	0.12	0.82	149	75	74	0.006	-0.059
RXRA::VDR$MA0074.1	3739.4	5158.0	6651.3	-0.96	-0.46	1.89	150	72	78	-0.101	0.223
Rhox11$MA0629.1	7169.8	9627.5	11226.0	-1.1	-0.06	0.92	197	97	100	-0.019	0.043
E2F1$MA0024.1	1595.9	2569.0	3228.3	-1.03	-0.01	1.04	101	45	56	-0.305	0.058
YY2$MA0748.1	3564.0	4930.0	6320.6	-3.1	-1.1	-0.01	153	67	86	-0.22	-0.191
Hnf4a$MA0114.3	6196.7	8239.0	10010.0	-0.55	0.27	1.66	186	97	89	0.031	0.08
Ahr::Arnt$MA0006.1	977.0	1554.0	2135.5	-0.65	-0.31	1.61	82	40	42	-0.058	0.202
Ar$MA0007.1	13120.0	16647.5	19401.2	-0.62	0.25	1.64	263	134	129	0.158	0.113
NRF1$MA0506.1	2983.2	4305.5	5725.1	-0.18	0.72	2.47	140	77	63	0.129	0.198
SOX8$MA0868.1	220.9	455.5	671.6	-1.5	-0.19	0.69	44	21	23	-0.203	-0.181
KLF17$MA1514.1	7166.7	9534.0	11344.6	-0.59	0.22	1.5	199	101	98	0.027	0.076
ZBTB32$MA1580.1	2045.9	3092.5	3914.4	-0.88	0.08	1.34	112	59	53	0.035	0.016
Mafb$MA0117.1	1163.8	1814.0	2561.2	-0.16	0.57	2.26	91	52	39	0.278	0.179
Stat2$MA1623.1	3247.8	4532.0	5906.2	-0.14	0.57	2.17	142	80	62	0.112	0.101
ZFP57$MA1583.1	5491.7	7305.5	9050.1	-1.77	-0.32	0.45	176	84	92	-0.015	-0.071
RUNX1$MA0002.1	3439.4	4821.0	5994.0	-1.64	-0.22	0.6	142	68	74	-0.061	-0.004
PPARG$MA0066.1	7045.4	9181.5	11461.3	-0.2	1.5	3.79	210	115	95	0.274	0.22
NR3C1$MA0113.1	6669.8	8915.5	10344.9	-1.1	-0.03	0.97	189	92	97	-0.042	-0.019
PAX6$MA0069.1	5005.6	6791.5	8603.6	-0.42	0.66	2.34	174	91	83	0.089	0.188
E2F3$MA0469.3	1043.0	1758.0	2232.5	-1.04	0.04	0.9	84	46	38	0.098	-0.063
Nr5a2$MA0505.1	4732.2	6562.5	8105.6	-1.75	-0.33	0.0	167	73	94	-0.154	-0.059
Gfi1$MA0038.1	2097.4	3040.5	4015.2	-2.23	-0.58	0.29	117	54	63	-0.113	-0.113
Nr1h3::Rxra$MA0494.1	9128.4	11521.5	13916.8	-1.98	-0.5	0.29	223	105	118	-0.087	-0.112
PPARA::RXRA$MA1148.1	10444.8	13518.5	16240.0	-2.63	-0.79	0.8	245	121	124	-0.046	-0.128
Bcl6$MA0463.1	4985.0	6898.5	8596.4	-2.25	-0.55	0.46	174	84	90	-0.11	-0.143
Foxq1$MA0040.1	995.0	1615.0	2246.1	-2.34	-0.69	0.26	87	39	48	-0.329	-0.305
THAP11$MA1573.1	6761.8	8973.5	10678.8	-0.68	0.21	1.44	193	100	93	0.044	0.119
FOXI1$MA0042.1	1408.9	2138.5	2962.4	0.06	1.12	3.14	103	62	41	0.229	0.225
Smad4$MA1153.1	1992.6	3105.0	3818.3	-0.9	0.0	1.07	111	57	54	0.19	-0.047
IKZF1$MA1508.1	4293.9	5944.0	7530.3	-0.25	0.75	2.64	164	89	75	0.085	0.189
Klf4$MA0039.1	2261.4	3395.5	4188.6	-0.75	-0.06	1.08	117	58	59	-0.014	0.035
SP1$MA0079.1	2859.5	3983.5	5216.8	-0.26	0.74	2.47	135	74	61	0.392	0.162
HLTF$MA0109.1	3283.9	4700.0	5955.4	-0.48	0.28	1.6	141	75	66	0.027	0.097
ZNF449$MA1656.1	4756.6	6406.5	8364.7	-0.13	0.84	2.46	171	94	77	0.062	0.208
NKX6-3$MA1530.1	1759.9	2697.5	3521.7	-1.58	-0.26	0.49	107	48	59	-0.103	-0.067
PRDM1$MA0508.3	3439.4	4806.5	5882.6	-1.37	-0.17	0.68	141	66	75	-0.074	-0.065
Crx$MA0467.1	2414.2	3570.5	4655.4	-2.15	-0.53	0.35	126	58	68	-0.175	-0.147
SP2$MA0516.2	7195.6	9495.0	12125.6	-0.75	2.31	5.16	220	120	100	0.296	0.424
PLAG1$MA0163.1	5755.8	7702.5	9418.0	-0.67	-0.21	1.42	179	89	90	-0.051	0.082
