motif	p-value	t-value
ALX3	0.04880069064499422	-1.9715021071689078
ARNT::HIF1A	2.1105256297937142e-07	5.203975555551311
ASCL1	0.3858635609417569	0.8672845010162751
ATF4	6.108454070505819e-06	4.531507410562455
ATF7	0.10559196430226682	1.618817024250764
Ahr::Arnt	4.2565027676752575e-10	6.2820995842659455
Alx1	0.038457057346845784	-2.070818760889346
Alx4	0.002676556067077729	-3.0049916207512326
Ar	0.36058074233143733	-0.9143788189206603
Arid3a	0.5565593299605794	-0.5881282473437992
Arid3b	0.0004283043023065754	-3.527877762644389
Arid5a	0.4883489461424876	-0.6930299071341369
Arnt	0.17946218738025127	1.34292546872634
Arntl	0.7580938235704735	-0.30801758749362457
Arx	0.0818503690185579	-1.7406021559161169
Ascl2	0.938530047040359	0.07712613165990577
Atf1	0.10701627299804817	1.612407185869181
Atf3	0.3059263893397705	1.024066960428445
Atoh1	0.6005511928690996	0.5236789555129255
BACH2	4.643861648485078e-05	4.079284544476357
BARHL2	0.3565255078763355	-0.9221920596204317
BARX1	0.06110399916811967	-1.8738991296475476
BATF3	0.8093365824870399	0.24130338607873708
BATF::JUN	0.002526656901722873	3.023630150537932
BCL6B	0.3445080437384863	-0.9454431954834367
BHLHE22	0.8184091787178509	-0.22961607742090195
BHLHE23	0.6999633724253139	0.3854103408046696
BHLHE40	0.9544423603441774	-0.057134563630284144
BHLHE41	0.9403813060228488	-0.0747982686092781
BSX	0.008872463105367314	-2.6196840220328306
Bach1::Mafk	0.0011782376356516905	3.247256997777331
Barhl1	0.07470537181127225	-1.783119542421614
Bcl6	0.7683964634298712	-0.29450418093542724
Bhlha15	0.5492121394913497	-0.599049948217087
CDX1	0.6793260972280366	-0.41344338432191785
CDX2	0.3923557196170673	-0.8555241303502645
CEBPA	3.379280655295473e-06	4.657740510093334
CEBPB	1.2183677692251944e-06	4.865582551570544
CEBPD	3.0444071066183296e-06	4.679459224967278
CEBPE	2.8675990922238193e-07	5.147229046309794
CEBPG	0.00033603436941743753	3.5909579983276534
CENPB	0.5851154744472244	-0.5459775778769376
CLOCK	0.8507769432048079	-0.1881457894605913
CREB1	0.0012837563936028945	3.223226235751788
CREB3	0.4165853165526854	0.8124720313414456
CREB3L1	0.13853400799559754	1.481662986142166
CTCF	0.09539012535591687	1.6680354021403456
CTCFL	0.016650687928041412	2.3956153269497156
CUX1	0.0070485865897843844	-2.696886869378745
CUX2	0.0029711144669990006	-2.9737139377822217
Creb3l2	0.33406736246486957	-0.9661524433305313
Creb5	0.01054850125581632	2.559173670755647
Crem	0.07021192532544075	1.8114047622219518
Crx	0.4897433757721241	-0.6908221097133819
DBP	1.5625652042197867e-06	4.8148274256112105
DLX6	0.027043013825878936	-2.2126810361465648
DMRT3	0.7316274285898726	0.34300244817051545
DUX4	0.4215736894787492	-0.8038443318205142
DUXA	0.6259713441318451	0.4874629698238936
Ddit3::Cebpa	0.6098056794158563	-0.5104125971170929
Dlx1	0.0364375066840015	-2.093359479963647
Dlx2	0.028557617473514246	-2.191321153732663
Dlx3	0.04455725541834662	-2.010191552319409
Dlx4	0.09646065477312957	-1.6631206300098356
Dmbx1	0.06311355703171362	-1.8589899119085016
Dux	0.21422195347840814	-1.2425354164726075
E2F1	0.4850225906289156	-0.6983368801628564
E2F2	0.8316962831050171	0.21254290129417905
E2F3	0.18035682839404144	-1.3399082841584629
E2F4	0.0034276121446646683	2.9291200163808546
E2F6	0.018506174373148603	2.356865702711159
E2F7	0.046464670703346866	1.9919962669889015
E2F8	0.29617231574319014	1.0448766638024605
EBF1	0.22807315993852004	-1.2055947760176702
EGR1	5.554574095562439e-57	16.211685732508236
EGR2	3.5903206283344294e-67	17.770340621191085
EGR3	6.69783634263386e-68	17.79833533795625
EGR4	2.982929470602751e-51	15.294343645396548
EHF	7.718625495250276e-05	3.9593452736186285
ELF1	7.689146485874485e-06	4.482844062905662
ELF3	0.012817670222993597	2.4904258929814036
ELF4	1.2135956262284806e-05	4.383547491878969
ELF5	1.6883750433592496e-10	6.418144262818057
ELK1	3.372160155356656e-05	4.155071606736104
ELK3	4.543960387262395e-06	4.596053409062349
ELK4	0.00013214234397125528	3.8290716992548464
EMX1	0.05045566026739857	-1.9572051071834509
EMX2	0.0029016579764998426	-2.981593496431413
EN1	0.0951644479074493	-1.6696924197762546
EN2	0.587864905836881	-0.5420135393076931
EOMES	0.5884440608473596	-0.5411532491521922
ERF	3.353592904585243e-05	4.156387697866237
ERG	1.4196527378242381e-07	5.2792110645068275
ESR1	0.3401440866222323	-0.9540158037504998
ESR2	0.8482470238781165	-0.19137170151084956
ESRRB	0.3903556364656662	-0.8591257543700206
ESX1	0.0021014901887850316	-3.0793905480834862
ETS1	2.3558142308754413e-06	4.732459282086124
ETV1	6.0892920834701055e-06	4.533893156732567
ETV2	4.0493420798365126e-08	5.506959493270974
ETV3	4.069272966777266e-05	4.111183848220729
ETV4	8.220877964196808e-07	4.943666308610787
ETV5	2.3016197383651774e-06	4.736738991106025
ETV6	6.775842450708103e-09	5.8203585885808575
EVX1	0.07523016744656728	-1.7798814915487535
EVX2	0.076141168470055	-1.7743579650585939
EWSR1-FLI1	0.2886599813088651	-1.0612315286839655
Esrra	0.3817526127677301	0.874831057875907
Esrrg	0.010881161367436595	-2.5485737249288443
FEV	2.9000801579402526e-06	4.689519080870462
FIGLA	2.1748596479269805e-05	-4.2545774996247765
FLI1	5.795705278144593e-05	4.0285599454683005
FOS	3.6765992790268904e-05	4.135609625312854
FOS::JUN	0.0005113992196638736	3.479995597660049
FOS::JUN(var.2)	0.030331266778249214	2.1666642997080774
FOS::JUNB	0.0025696461659459446	3.0181373042898176
FOS::JUND	0.00037494415336294907	3.561792623829041
FOSB::JUN	0.0034596455685817215	2.9264327873580265
FOSB::JUNB	0.00026553949647052855	3.6529227224752554
FOSB::JUNB(var.2)	0.005320571225328652	2.7895257750742686
FOSL1	2.8744290573120566e-05	4.192113023012793
FOSL1::JUN	0.0005244132806134475	3.47230496131243
FOSL1::JUN(var.2)	0.003042283367735547	2.9665131870108588
FOSL1::JUNB	2.442298616286287e-05	4.22766155444217
FOSL1::JUND	3.1122722294982415e-05	4.174159609168816
FOSL1::JUND(var.2)	0.00033361010695761933	3.593208570234903
FOSL2	8.219595775453571e-05	3.9451206010961872
FOSL2::JUN	0.0007480135945607024	3.3756383025321046
FOSL2::JUN(var.2)	0.0029753154867341687	2.9731853430362625
FOSL2::JUNB	0.0004198634626471451	3.5329472133113735
FOSL2::JUNB(var.2)	0.005167668091727843	2.7987329254891358
FOSL2::JUND	0.0006133956082404567	3.4307314126670003
FOSL2::JUND(var.2)	0.006816430486499517	2.7074875491775043
FOXA1	0.9919166467172338	0.010132018517883357
FOXB1	0.4333084578164895	-0.7836746122582684
FOXC1	0.07923930702545438	-1.7558614007176996
FOXC2	0.1429083129983161	-1.4655025576492131
FOXD1	0.7299376013576213	-0.3452641481970553
FOXD2	0.4999755059319957	-0.6746825379024091
FOXF2	0.547747189695019	0.6012157357351516
FOXG1	0.6165857155114678	-0.5007961921411277
FOXH1	0.7494663372095927	0.3193802450971909
FOXI1	0.4212444734233275	-0.8044734462262588
FOXK1	0.8808343997411486	-0.14992477279511757
FOXK2	0.3231657035342853	-0.9881906054666624
FOXL1	0.35663363198378817	-0.9220769352092019
FOXO3	0.9504858920542005	-0.06210511823821603
FOXO4	0.28372732227892455	-1.0723416311728857
FOXO6	0.44839514736930997	-0.7582881246256541
FOXP1	0.2564493177992465	-1.1350834047083749
FOXP2	0.19560734099068386	-1.2945604158406356
FOXP3	0.8848410163528582	-0.14485895743083585
Foxa2	0.17644442183841288	-1.3521874565240108
Foxd3	0.011722292767920988	-2.522191982533591
Foxj2	0.2742019375388407	-1.0937879834210038
Foxj3	0.8291035492062482	0.21586855087984463
Foxo1	0.9147733925123372	-0.10703127282821234
Foxq1	0.9441901661818541	-0.07001211327218136
GATA1::TAL1	0.06635500078423522	-1.8366104980439935
GATA2	0.471663715069611	-0.7198920227883143
GATA3	0.11632940857704878	-1.5710918594203667
GATA5	0.3013502289326831	-1.033825034337983
GATA6	0.7528414251327002	-0.31492739695659294
GBX1	0.040867254633371985	-2.0461036075731025
GBX2	0.0072542357564918634	-2.687560941790272
GCM1	0.25688334572742216	1.1340066418508798
GCM2	0.0024715939051773187	3.0296001299064237
GLI2	0.000257651961523132	3.6589930363318977
GLIS1	0.0038123290814499377	2.8951501713026366
GLIS2	0.0004044956812723832	3.540579349670537
GLIS3	0.3738555266493798	0.8894007132011288
GMEB2	0.6466931273136417	0.45842274265429145
GRHL1	0.21293243601127335	-1.2458338123716077
GRHL2	0.9325033190942735	0.08470285335693535
GSC	0.9692191057065833	-0.038591838369786594
GSC2	0.8070615830698659	-0.24424593709035025
GSX1	5.1874187354388736e-05	-4.055241589955443
GSX2	7.365600655294462e-05	-3.972009465510844
Gabpa	2.0767495688627927e-05	4.2654736754168034
Gata1	0.8015867060675673	-0.25132373397594326
Gata4	0.14734095076676007	-1.449480785597125
Gfi1	0.13976589028380274	1.4772122632377827
Gfi1b	0.4664003154977078	0.7284701034386509
Gmeb1	0.0019482612110126344	3.1001231996921454
HES5	0.5647375532233752	-0.5758884233309074
HES7	0.4148460428129438	-0.8155140770440912
HESX1	0.0015877788426584096	-3.1623413981915505
HEY1	0.2445033966660535	1.1640570601000229
HEY2	0.8319698795903573	0.21219670308446623
HIC2	0.5268903446150446	-0.6328538961737884
HIF1A	0.584491112149893	0.5468989678392847
HINFP	0.0037038287320022133	2.9045088885853465
HLF	6.639689856264256e-06	4.514631512948885
HLTF	0.5607905051474182	0.5817545171244405
HMBOX1	0.2004022282230899	-1.2807849249413628
HNF1A	0.02047764138405714	-2.3187460899164334
HNF1B	0.012558109435337061	-2.4977885606402825
HNF4G	0.12219713583258444	-1.5460486950629926
HOXA10	0.21319369462373086	-1.2451656787546845
HOXA13	0.0327801061683903	-2.1361389391098844
HOXA2	0.02001736265410408	-2.327767870510548
HOXA5	0.5733980638061675	0.5631531203911513
HOXB13	0.045894143723314254	-1.9975123440637952
HOXB2	0.018485800253908693	-2.3576342089005617
HOXB3	0.004498827792163943	-2.8439708061185023
HOXC10	0.696889780438503	-0.38957258138718026
HOXC11	0.7131149520707567	-0.3677174055844565
HOXC12	0.7578623804452609	-0.30832215856493805
HOXC13	0.8333839466295968	0.21038570385438557
HOXD11	0.516179114653308	-0.6493479829572196
HOXD12	0.19996296432145236	-1.2819900151856751
HOXD13	0.0732364364832764	-1.7922112367286314
HSF1	0.00422034618692749	-2.8635431603170787
HSF2	0.015532007185747132	-2.42119423027822
HSF4	0.0067141916152627735	-2.7126512437355657
Hand1::Tcf3	0.6578011549699713	-0.4430123352435131
Hes1	6.664622774238453e-08	5.41415018073355
Hes2	0.9565689620433797	-0.054464363728589794
Hic1	0.2783587361422547	1.0842747894855904
Hmx1	0.02321837243610843	-2.27088865726877
Hmx2	0.005921109901851817	-2.753941467489532
Hmx3	0.024309367866120084	-2.2532519067890586
Hnf4a	0.34421180718146427	-0.9460158688942611
Hoxa11	0.5685094514405986	0.5703197549231194
Hoxa9	0.030036141789835023	-2.1709220335570594
Hoxb5	0.02886099969643305	-2.186408979630599
Hoxc9	0.14506448979464448	-1.4575949327573772
Hoxd3	0.26036978626092866	-1.1257314082723386
Hoxd8	0.0003275964610913219	-3.5963438237955914
Hoxd9	0.05144099694122319	-1.948822816964735
ID4	5.188610017734259e-07	-5.033146003776992
INSM1	0.0457972881928523	1.9981637659041074
IRF1	0.024592683001913838	2.2486557888757437
IRF2	0.2285045426561027	1.2044446262811908
IRF3	0.2222944281679856	1.2206414462843729
IRF4	0.9631199719215735	0.046242329630582
IRF5	0.4463534674095172	-0.7616077699654474
IRF7	0.5458781435431421	0.6040186101363527
IRF8	0.698191153100421	0.3878007218560765
IRF9	0.9159714685804841	0.10551776928972209
ISL2	0.2489925181260123	1.153135786542602
ISX	0.0011064625736466258	-3.2674011615991527
Id2	0.3449225818077848	0.9447231993012074
JDP2	0.08080825393600628	1.7468929971741116
JDP2(var.2)	0.06532232286584982	1.8438108940598845
JUN	0.004636316106698788	2.833683811803394
JUN(var.2)	4.433006277168728e-05	4.090296596357159
JUN::JUNB	5.078780172166606e-05	4.059995224861721
JUN::JUNB(var.2)	0.0006431070751713547	3.4167573844947605
JUNB	7.787490414835381e-05	3.9582831318840728
JUNB(var.2)	0.0007387897836352352	3.3792788856628224
JUND	0.0016917163901097698	3.143534715712203
JUND(var.2)	0.013488579277522145	2.472104619061899
KLF13	0.44409148463350956	0.7653836310929142
KLF14	7.337110267962831e-15	7.815792588490984
KLF16	1.3765096597776508e-27	11.010015908367228
KLF4	1.609873161564478e-15	8.018507087931383
KLF5	2.710980442360962e-06	4.70358470055344
KLF9	3.3363116717569133e-18	8.75814962749058
Klf1	1.5046148526715663e-10	6.431778681993902
Klf12	2.0954055367789343e-05	4.260621833313216
LBX1	0.0002796263928999194	-3.6407344632133265
LBX2	0.012487921666276942	-2.5002687102275827
LEF1	0.08417708239173981	1.7275195209360799
LHX2	0.00078870718349537	-3.361657720784624
LHX6	0.0016826618244739546	-3.1453097564034094
LHX9	0.00047583721012505777	-3.50081670854524
LIN54	0.39490121502959874	-0.8509704214176235
LMX1A	1.4447485313779303e-06	-4.835396119210244
LMX1B	1.6409470756793907e-05	-4.320768037028112
Lhx3	0.014622696704352402	-2.4432791113866985
Lhx4	6.650012915487906e-06	-4.5187198660489
Lhx8	0.042451214128909606	-2.030614798086185
MAF::NFE2	0.0012583888355151432	3.228412017409602
MAFF	0.017829691165494904	2.370165058325245
MAFG	0.019320023482591184	2.3402690482135577
MAFG::NFE2L1	0.17516366077739987	1.3564713429798705
MAFK	0.01361867677560695	2.4683935158870747
MAX	0.06836068500980874	1.8233801703396726
MAX::MYC	0.13742137997442058	1.485928975328133
MEF2A	0.6910652790669103	-0.39745437426140173
MEF2B	0.7695178721810363	0.29303598282841803
MEF2C	0.4916702290378341	-0.6877390091972122
MEF2D	0.8697874731715955	0.1639447711495378
MEIS1	0.6677348256893048	0.42933528218605316
MEIS2	0.33045912829608415	-0.9734445310506138
MEIS3	0.5746560608489102	-0.5613068534971718
MEOX1	0.003504240213489581	-2.9228664224149696
MEOX2	0.03239411064359285	-2.140941752113966
MGA	0.8644802155737183	-0.17069502651772295
MITF	0.44845131362176127	0.7580852468552656
MIXL1	0.0029828379884930516	-2.9731604554477085
MLX	0.8827028019638069	-0.14755947638916386
MLXIPL	0.7325093564166936	-0.34182646047209425
MNT	0.25000393345085203	1.150600065731516
MNX1	0.00012626261836985093	-3.8408157781519936
MSC	0.3770712758982018	-0.8834843099365132
MSX1	0.09033040570732008	-1.6945683693807014
MSX2	0.05985167137686077	-1.8830851486464344
MTF1	0.11727468847275592	1.5667324414560924
MXI1	8.180638761634375e-05	3.9443034770276606
MYB	0.941257286991299	-0.07369798652702009
MYBL1	0.274388833153959	-1.0932013646181133
MYBL2	0.9637583259393626	0.045441238898280764
MYC	0.00010092253773222944	3.8938817396313246
MYCN	0.013760951617544303	2.4649451403726657
MYF6	0.8113529223326155	-0.23870909451235112
MZF1	0.585179672629035	0.5459733814669486
MZF1(var.2)	0.5372782728739577	0.6170252236274054
Mafb	0.031094304759703952	2.157011713982559
Mecom	0.22787572228872194	-1.206111857613889
Mlxip	0.27070729134913013	1.1017721855379938
Msx3	0.027960178183589767	-2.1996388158301605
Myod1	0.029839414794965064	-2.1734235260093526
Myog	0.13178711418878425	-1.507625386091993
NEUROD1	0.6585688617134541	-0.4419394949972803
NEUROD2	0.9510583195125302	0.06138404675508695
NEUROG2	0.5878423077850564	-0.5420402714200359
NFAT5	0.3250321508031181	-0.9844203240778064
NFATC1	0.2998637702391083	1.0369820745399685
NFATC2	0.5240796543595612	0.6372278736548805
NFATC3	0.7001000834722442	0.3852368066795606
NFE2	0.028544315060053685	2.1910370325131496
NFIA	0.8357980377661438	0.20729574601269807
NFIC	0.47066261502730145	-0.7215126534880508
NFIC::TLX1	0.5883638221264096	0.5412742058509838
NFIL3	0.0007893278044523314	3.361290519580074
NFIX	0.7994728476927313	0.2540621219460754
NFKB1	0.20673160644985508	-1.262884567213421
NFKB2	0.4899563405773202	-0.6904697549587034
NFYA	0.5575628418305616	0.586546914529568
NFYB	0.9449786571598411	0.06901971930824387
NHLH1	0.46958132579086354	-0.7232752667034091
NKX2-3	0.1834657265512844	1.3305727757264807
NKX2-8	0.715796016407239	-0.36413263241869726
NKX3-2	0.39192388242561715	0.8563101812202635
NKX6-1	8.597383817020178e-05	-3.936344351709233
NKX6-2	8.318063119856705e-05	-3.9441348538341154
NOTO	0.0007002673067622597	-3.3946921549090714
NR1A4::RXRA	0.9287490786454038	-0.08942597984593052
NR1H2::RXRA	0.19995402153190822	-1.2819618212247081
NR1H4	0.6287504953133924	0.4835492408240057
NR2C2	0.7341363880057892	-0.33965831360118587
NR2F1	0.9077206576108319	-0.11592522490519779
NR2F2	0.048120149429984556	-1.9773547492720198
NR3C1	0.4655863374607897	0.729760360042247
NR3C2	0.38525832598919163	0.8683596989894821
NR4A1	0.020643705166044354	-2.31606443149183
NR4A2	0.6475849744301967	-0.45719711808813224
NR4A2::RXRA	0.5560404613347678	-0.5887968655206168
NRF1	0.6440629172862791	0.4620716515603806
NRL	0.0006078935952000772	3.432615390415976
Neurog1	0.8863653369311092	-0.14292004866508998
Nfe2l2	0.0007592313526773019	3.370755164757577
Nkx2-5	0.08851523651324261	-1.7042448224995341
Nkx2-5(var.2)	0.8984982342624914	0.12757142267013943
Nkx3-1	0.2734401441184268	1.0954625435604892
Nobox	0.02457929446533359	-2.2498364856493813
Npas2	0.32390267435266595	0.9866640748897366
Nr1h3::Rxra	0.7328326319515848	-0.3413852050841033
Nr2e1	0.5123287814004982	-0.6553338906007313
Nr2e3	0.8755340473715929	-0.156665892567336
Nr2f6	0.14336462726282964	-1.4637753394051867
Nr2f6(var.2)	0.9155419125278181	-0.10605996662684848
Nr5a2	0.01290825789154364	-2.487793766590327
OLIG1	0.8588018748832855	0.17791846597435018
OLIG2	0.721749153462333	-0.35616338697283995
OLIG3	0.7166065307619278	-0.3630399615421554
ONECUT1	0.008484325468481524	-2.633926220838224
ONECUT2	0.012369744369987635	-2.5029111509571242
ONECUT3	0.01862847153452348	-2.354200370762385
OTX1	0.5824176588740394	-0.5499394100247414
OTX2	0.8089074887632989	-0.2418667201599694
PAX1	0.8095111920834571	-0.2410736559933542
PAX3	0.003134582801138876	-2.9574326100235475
PAX4	0.0019303496384267473	-3.105256400917304
PAX5	0.550424176955419	0.5971946575172873
PAX7	0.007383655800990361	-2.681480096271978
PAX9	0.44081929206740256	-0.770894691655719
PBX1	0.0013106880542531356	-3.217474915190506
PBX2	0.20067321214618117	1.279959027686147
PBX3	0.0394365111145029	2.0604116428515806
PDX1	0.00673799450629948	-2.7127688180541285
PHOX2A	0.19793011408055747	-1.2878409310068724
PITX3	0.7896879018064116	0.26674837881482355
PKNOX1	0.1530726207478515	-1.4291737201868226
PKNOX2	0.0804611496178295	-1.7487019661603205
PLAG1	0.6654260478776772	-0.4324745616014883
POU1F1	0.2608229489518997	-1.1246680097893602
POU2F1	0.7726961305314356	0.2888800149984587
POU2F2	0.240743912320936	1.1733855934278632
POU3F1	0.7697742812764734	0.29270086636434284
POU3F2	0.7613861500324692	-0.30369320775345726
POU3F3	0.9653080892831529	-0.04349745631748678
POU3F4	0.7798391324030045	-0.2795630685186164
POU4F1	0.04657122597691963	-1.99102458776928
POU4F2	0.12365397753437293	-1.540024598122666
POU4F3	0.035111613047957214	-2.1079745797976392
POU5F1	0.09188300038562174	1.686220993012114
POU5F1B	0.9589444423913975	-0.051484237296687975
POU6F1	0.0037760470499335367	-2.8995215706246382
POU6F2	0.013205748378546288	-2.4801601586643445
PPARA::RXRA	0.6929037089185144	-0.39494817933185294
PPARG	0.15170466127150792	1.4338198297972153
PRDM1	0.08821896522322176	1.705657172545183
PROP1	0.24725164657269177	-1.157345299526982
PROX1	0.3606311163780519	-0.9143123284692785
PRRX1	0.00025727132288824316	-3.662539549122613
Pax2	0.217243348696978	1.2342826105205085
Pax6	0.711964850557846	-0.36925224004766877
Phox2b	0.23082195509878498	-1.1985647582269074
Pitx1	0.6986390038752772	0.38721345129209866
Pou2f3	0.7491414823395919	0.31979979346402754
Pou5f1::Sox2	0.9081120441716981	0.11542971849312951
Pparg::Rxra	0.2932651151854883	-1.0511584617863792
Prrx2	0.004625300761517427	-2.835727430800386
RARA	0.5764792240886181	-0.5585862402064051
RARA(var.2)	0.7440724933755786	-0.3264908572791389
RARA::RXRA	0.17425927593858176	-1.3589203190164427
RARA::RXRG	0.7516134568047405	-0.3165364796494846
RAX	8.57065880924742e-05	-3.9356853719576668
RAX2	0.0023858144138931684	-3.041895235714324
RBPJ	0.49779268401630794	0.6780772567541601
REL	0.394491802648818	0.8516672319690337
RELA	0.41995210301095887	0.806666310740575
RELB	0.9625071619451122	0.04701222405938565
REST	0.9033032667753561	0.12149702759513001
RFX2	0.6794464915669866	-0.4132545783343527
RFX3	0.9400506445163734	0.07521185812512013
RFX4	0.6286206476563263	0.48371427698644526
RFX5	0.5328112258553606	-0.6237852496222673
RHOXF1	0.7627978941117455	0.30185092719274453
RORA	0.24298488059021375	-1.1678616956866243
RORA(var.2)	0.9424538669149618	0.07219257619518056
RORB	0.9866607367867306	0.016720702493279678
RORC	0.727008005822019	0.34914443290306896
RREB1	3.700172763857209e-15	7.895772574316832
RUNX1	1.797296888839075e-05	4.297498063601091
RUNX2	1.840571785321628e-05	4.2930083274940225
RUNX3	2.187598823871786e-06	4.747220818469742
RXRA::VDR	0.07276730817977485	-1.7949462120080235
RXRB	0.18561034593565875	-1.3239902392291893
RXRG	0.33069152573494254	-0.9728881888998198
Rarb	0.9368587664806145	-0.07922463931689364
Rarb(var.2)	0.5398929410257602	0.6130363985754232
Rarg	0.2636340866973281	-1.1180360342475115
Rarg(var.2)	0.5530433903794094	-0.593263945004211
Rfx1	0.856788766645054	0.18047985082316034
Rhox11	0.7891029565052993	-0.26749660654374
Rxra	0.11324879183824232	-1.584238832115211
SCRT1	0.03872781510342934	-2.0679220547953063
SCRT2	0.14590067453691932	-1.454566097906059
SHOX	0.0006312556680082233	-3.4241052477551785
SIX1	0.6891242565693911	-0.40009228566752
SIX2	0.6153545857919938	-0.5024949656339561
SMAD2::SMAD3::SMAD4	0.7933735364459786	-0.26195695880948294
SMAD3	0.3418218818095967	-0.9507604593291729
SNAI2	7.151102208408165e-07	-4.971481769684448
SOX10	0.6583916362838081	0.44219209640701773
SOX13	0.530180619614981	0.6278204344275292
SOX15	0.7880443742533154	0.2688844085311442
SOX21	0.5643850391305709	0.5764007347524868
SOX4	0.8969807098218738	-0.12948694068913336
SOX8	0.8747884730523248	0.15759229504565897
SOX9	0.5961357301554293	0.5300449105265452
SP1	1.9287653704757964e-16	8.285364361331355
SP2	3.860191275302609e-12	6.968620284858035
SP3	4.116138314430753e-31	11.7568109983277
SP4	1.4599728119690527e-14	7.722173657824097
SP8	1.2747332488225155e-28	11.22092214768588
SPDEF	0.6226288684989955	-0.49218261255659984
SPI1	1.4147259976114398e-09	6.074210860959673
SPIB	3.377570924127927e-08	5.5525141386418735
SPIC	5.624182502988942e-15	7.856741636864494
SREBF1	0.24170156940352772	1.171040776896516
SREBF2	0.6044606599100425	0.5180687461501767
SREBF2(var.2)	0.9461233691684472	-0.0675825109537919
SRF	0.8598101587772504	0.17662949163160468
SRY	0.8671469174659622	-0.1673058527913549
STAT1	0.2739042218570278	1.0944076880393723
STAT1::STAT2	0.3948421584344193	0.8509979980643169
STAT3	0.5975678136049616	0.5279799508127998
Shox2	0.0007964844697235634	-3.3598487450309507
Six3	0.10837736064632726	-1.6059425804128873
Smad4	0.48331233070117774	-0.7011289406200474
Sox1	0.8211415527380969	0.22609640247071996
Sox11	0.7463696547733404	-0.32346174270319267
Sox17	0.9596085508264134	0.05065121094863894
Sox2	0.7525292147485242	0.31535939034324545
Sox3	0.6235621711588861	-0.4908791711669183
Sox5	0.3813897682330907	0.8755842516365632
Sox6	0.7542816705553426	0.31303904991633275
Spz1	0.6478916523850806	0.45674759992885366
Srebf1(var.2)	0.927932675819283	0.09045523650061581
Stat4	0.3504670994351313	0.9338494297471165
Stat5a::Stat5b	0.9469319907052043	-0.06656808618097562
Stat6	0.0954660034780646	1.6678332765317592
T	0.6671899855402379	0.4300462374599244
TAL1::TCF3	0.9726162869508712	0.03433041584022106
TBP	0.4242450547552862	-0.7991817899026175
TBR1	0.6693507578452688	-0.42709156338463394
TBX1	0.45051161029965314	-0.7547117630467056
TBX15	0.4431402301670996	-0.7670497346961112
TBX19	0.27724272444655496	1.0866846936070194
TBX2	0.8266926157392405	-0.21896751964807368
TBX20	0.6792525488489192	-0.4135318080988572
TBX21	0.3094601795329723	-1.0165729369049525
TBX4	0.42129862898688275	-0.8043333319408891
TBX5	0.4845235176438111	-0.6991716934648498
TCF3	5.083198826926407e-06	-4.571981573869762
TCF4	6.807466911822468e-06	-4.510015621316858
TCF7L1	0.14984226219117305	1.440559327258052
TCF7L2	0.7781617274514752	-0.2817437158937233
TEAD1	0.1843604966783327	-1.327829989477544
TEAD2	0.7296998988901325	-0.3455594575763378
TEAD3	0.25209642696135964	-1.1456037066975435
TEAD4	0.5569079079593415	-0.5875264980788315
TEF	0.00010764642528309504	3.8789874150487544
TFAP2A	0.06990356168677536	1.8132762260836324
TFAP2A(var.2)	0.3162291352669059	1.002414577759802
TFAP2A(var.3)	0.17998060046230188	1.3411367916900696
TFAP2B	0.19029580673138727	1.3100201151386526
TFAP2B(var.2)	0.1801492366313414	1.3406572719821246
TFAP2B(var.3)	0.693326644701538	0.3943845665889625
TFAP2C	0.20383603246636858	1.2709947177032137
TFAP2C(var.2)	0.467817725418049	0.7261427475360298
TFAP2C(var.3)	0.44530926404808013	0.7633625061307633
TFAP4	0.7910401177414983	-0.2649930125394872
TFCP2	0.9714818156647378	-0.03575362849712012
TFDP1	0.04880358474002042	1.9711363572222214
TFE3	0.5328468947207825	0.6237654022050314
TFEB	0.24967295904377076	1.1514235567934856
TFEC	0.8950881289438066	-0.13188346570309414
TGIF1	0.8272485823778648	-0.21825290779832437
TGIF2	0.20407694565724768	-1.2703293747225308
THAP1	0.7852853533923463	0.2724707607204525
TP53	0.8061080449804384	-0.24546755470486092
TP63	0.7670929060548279	0.2962023481155387
TP73	0.9060360085724989	-0.11804836069999357
TWIST1	0.8358759774861129	0.20719167864288443
Tcf12	0.04134107629679421	-2.041226333157901
Tcf21	0.7116885015100094	-0.36962759208445317
Tcf7	0.18876433956552635	1.314614606417356
Tcfl5	0.045358174605345726	2.0021552133950906
Twist2	0.8054868250767142	-0.24628214763831893
UNCX	0.00020913652598793112	-3.7155559857674225
USF1	0.6711738747682211	0.4245889520839594
USF2	0.8932372978284032	0.13421926603826181
VAX1	0.006715647066879177	-2.713783622292616
VAX2	0.005198416831587844	-2.7979493993935023
VDR	0.8118582082574479	0.2380637021617252
VENTX	0.05666522487903329	-1.906922514888039
VSX1	0.0003614680926448857	-3.573815843994546
VSX2	0.00045435920670355417	-3.5130265880638354
XBP1	0.6208184851991065	-0.4947390711178488
YY1	0.6399795074527499	0.46778079159402464
YY2	0.5171960994445116	0.6477551157595455
ZBED1	0.22637962614580556	-1.209971932477494
ZBTB18	0.5705243220792976	0.5673466672541049
ZBTB33	0.7899383413992762	0.26641095600405357
ZBTB7A	0.0002615772932155436	3.655575610010999
ZBTB7B	1.3630205109451914e-05	4.356925541036626
ZBTB7C	9.177376857420791e-08	5.355686438163601
ZEB1	0.0005651757459042572	-3.4520526274070913
ZIC1	0.000971993548521225	3.301498531076018
ZIC3	0.001687443556508332	3.1428236723732508
ZIC4	0.004291026803278982	2.8578395929996487
ZNF143	0.10766033066443981	1.6092330173168652
ZNF24	0.7888011559219794	0.2678928507635988
ZNF263	0.0003856193736319367	3.5528264804569183
ZNF282	0.3580829333309733	-0.9191443407524247
ZNF354C	0.14242519523516034	1.4676746920768367
ZNF384	0.9167994762793614	-0.10447622280901461
ZNF410	0.6549003677828071	-0.4470032337342856
ZNF740	2.4533708491583015e-12	7.0407287419326785
ZSCAN4	0.060330851257883164	1.8790345373369917
Zfx	0.05483130695035496	1.9209649199487218
Znf423	0.32066829863359797	-0.9932442709346418
mix-a	2.6591392038355392e-05	-4.21105102656074
