id	motif	5% stats	Median stats	95% stats	5% p-val	Median p-val	95% p-val	All mutation	Pos mutation	Neg mutation	Median score difference	Mean score difference
MA0819.1	CLOCK	198278.3	226442.5	245475.3	-1.27	0.1	0.9	956	486	470	0.027	-0.025
MA0730.1	RARA(var.2)	274398.8	309205.0	332359.3	-1.36	-0.13	0.66	1118	543	575	-0.038	-0.016
MA0742.1	Klf12	357470.4	397498.5	426884.2	-1.6	0.24	0.6	1272	637	635	0.002	-0.031
MA0482.2	GATA4	207230.6	234943.5	253408.3	-0.54	0.16	1.55	976	503	473	0.024	-0.014
MA0099.1	JUN::FOS	83121.2	95436.0	109443.4	0.01	1.06	3.01	643	344	299	0.139	0.124
MA0102.1	Cebpa	176012.0	198622.5	223972.0	0.37	2.1	4.46	939	498	441	0.121	0.141
MA0108.1	TBP	218573.6	243853.5	271284.5	-2.53	-0.74	-0.03	1012	473	539	-0.061	-0.059
MA0498.2	MEIS1	71709.7	84942.5	94465.7	-1.44	-0.13	0.72	587	292	295	-0.016	-0.038
MA1100.2	ASCL1	127274.0	146765.0	163592.2	-0.61	0.28	1.65	776	393	383	0.016	0.061
MA0812.1	TFAP2B(var.2)	162360.5	183657.0	205503.0	0.01	0.98	2.86	885	468	417	0.048	0.081
MA0853.1	Alx4	238400.0	268430.0	291810.0	-1.66	-0.26	0.55	1047	514	533	-0.021	-0.049
MA0033.2	FOXL1	57000.6	68142.5	75996.3	-1.15	-0.07	0.86	524	256	268	-0.033	-0.013
MA0805.1	TBX1	109265.2	125329.0	142350.7	-4.91	-2.27	-0.59	753	343	410	-0.095	-0.208
MA0075.1	Prrx2	26103.0	32503.0	37517.1	-1.44	-0.18	0.73	365	175	190	-0.023	-0.033
MA0912.1	Hoxd3	296806.4	330290.5	360588.0	-0.3	0.68	2.32	1174	603	571	0.065	0.033
MA1519.1	LHX5	70567.5	82886.5	93395.2	-1.63	0.27	0.95	584	303	281	0.071	-0.098
MA0694.1	ZBTB7B	303675.1	338536.5	369130.0	-1.69	-0.31	0.43	1177	569	608	-0.024	-0.013
MA0491.1	JUND	143230.5	163858.5	180342.7	-1.45	-0.26	-0.01	819	381	438	-0.121	0.006
MA0148.2	FOXA1	135317.8	155049.5	171546.7	-0.09	0.37	1.89	800	420	380	0.085	0.048
MA0475.2	FLI1	207642.2	233585.0	259411.1	0.71	2.56	5.28	1023	542	481	0.108	0.214
MA0100.2	Myb	125336.9	144668.5	162064.3	-2.53	-0.74	0.15	782	372	410	-0.043	-0.075
MA0670.1	NFIA	135336.5	155406.0	172594.0	-0.5	0.44	1.93	803	406	397	0.003	0.114
MA1635.1	BHLHE22(var.2)	114531.0	132877.5	149180.9	-0.42	0.4	1.91	742	379	363	0.012	0.08
MA1573.1	THAP11	369940.2	409869.0	444095.6	-1.57	-0.25	0.56	1292	632	660	-0.016	0.0
MA0765.1	ETV5	218036.6	247125.5	273672.9	1.16	3.19	6.37	1060	572	488	0.105	0.199
MA0877.2	BARHL1	104216.4	120251.0	135527.3	-1.97	-0.47	0.33	708	339	369	-0.068	-0.039
MA0141.2	Esrrb	184923.2	207962.5	232514.6	-2.98	-0.99	0.08	941	446	495	-0.042	-0.1
MA0104.1	Mycn	63752.4	75832.5	86606.6	-0.19	0.59	2.45	566	297	269	0.06	0.106
MA1587.1	ZNF135	270917.4	301935.0	333507.6	-0.29	0.68	2.49	1123	577	546	0.03	0.078
MA0512.1	Rxra	163894.6	186475.5	204164.0	-0.61	0.16	1.47	870	437	433	0.029	0.021
MA0119.1	NFIC::TLX1	184971.3	207857.5	230879.5	0.07	0.91	2.7	939	504	435	0.173	0.099
MA0904.1	Hoxb5	272873.9	306468.5	330622.5	-0.69	0.15	1.3	1114	564	550	0.036	0.005
MA0597.1	THAP1	156635.4	178506.0	195698.4	-1.74	-0.37	0.56	858	427	431	-0.003	-0.034
MA0471.1	E2F6	174539.3	198543.0	216971.1	-1.35	0.2	0.6	899	450	449	0.007	-0.066
MA0844.1	XBP1	381123.1	423138.5	452493.4	-1.39	0.16	0.68	1309	662	647	0.022	-0.026
MA1466.1	ATF6	284664.1	321223.0	347167.2	-0.73	0.14	1.33	1140	581	559	0.024	0.019
MA0895.1	HMBOX1	137473.8	159100.5	174790.2	-0.78	0.11	1.28	802	405	397	0.04	0.009
MA0679.1	ONECUT1	121058.7	138971.0	157850.0	-4.26	-1.86	-0.39	786	364	422	-0.081	-0.167
MA0051.1	IRF2	221537.9	247675.0	272486.8	-0.5	0.52	2.16	1014	514	500	0.029	0.097
MA0059.1	MAX::MYC	197833.7	220277.5	243733.0	-0.28	0.94	2.88	967	499	468	0.095	0.117
MA0162.2	EGR1	318557.0	353222.5	386479.1	-0.24	0.42	1.9	1206	627	579	0.104	0.053
MA0761.1	ETV1	212119.4	241099.0	270627.1	0.86	2.71	5.85	1041	558	483	0.146	0.204
MA0796.1	TGIF1	104307.3	121051.0	135991.2	-2.03	-0.46	0.4	710	347	363	-0.002	-0.102
MA0090.1	TEAD1	177950.0	201764.0	224843.0	-2.45	-0.59	0.48	918	452	466	-0.055	-0.093
MA0037.3	GATA3	97800.9	113301.5	127839.9	-2.13	-0.5	0.58	688	341	347	-0.013	-0.095
MA0145.3	TFCP2	166124.6	188737.5	211989.8	0.46	1.96	4.64	914	500	414	0.15	0.146
MA0781.1	PAX9	272652.2	308649.5	329726.3	-0.85	-0.06	1.13	1114	552	562	-0.007	0.012
MA0036.2	GATA2	211017.0	236683.5	264520.7	-3.51	-1.24	-0.11	1008	473	535	-0.065	-0.091
MA0803.1	TBX15	113395.1	130058.5	146340.4	-5.0	-2.22	-0.59	766	347	419	-0.106	-0.216
MA0818.1	BHLHE22	160631.1	184955.0	199257.6	-1.14	-0.07	0.79	863	424	439	-0.028	-0.006
MA0048.2	NHLH1	149539.7	170591.0	189465.4	-0.36	0.56	2.13	844	434	410	0.027	0.071
MA0904.2	HOXB5	86860.0	101982.5	113120.8	-1.62	-0.22	0.57	646	317	329	-0.039	-0.061
MA0481.1	FOXP1	180882.6	205958.5	228937.7	-1.95	-0.36	0.43	921	452	469	-0.026	-0.049
MA0750.2	ZBTB7A	304544.4	340749.5	375174.2	0.54	2.17	4.96	1223	646	577	0.063	0.161
MA0846.1	FOXC2	137746.0	158636.5	174252.8	-0.81	0.09	1.33	800	410	390	0.043	0.001
MA0679.2	ONECUT1	156760.0	177910.0	200873.2	-5.06	-2.31	-0.63	893	410	483	-0.149	-0.142
MA1130.1	FOSL2::JUN	204195.1	231313.5	250207.3	-0.62	0.15	1.46	968	488	480	0.011	0.038
MA0068.2	PAX4	74770.2	87929.0	100364.8	-1.91	-0.41	0.33	605	290	315	-0.091	-0.056
MA0881.1	Dlx4	88857.1	104190.5	116895.1	-1.66	-0.26	0.58	654	326	328	-0.004	-0.084
MA0075.3	PRRX2	61618.6	73832.5	82831.4	-1.36	0.12	0.79	547	279	268	0.021	-0.069
MA0747.1	SP8	306504.4	343694.5	368183.6	-0.77	0.1	1.17	1177	601	576	0.061	0.005
MA0620.1	Mitf	169170.0	193479.5	217395.7	0.02	0.8	2.68	904	478	426	0.062	0.057
MA0032.1	FOXC1	108723.8	127795.5	139813.2	-1.19	-0.06	0.78	717	355	362	-0.044	-0.028
MA0511.2	RUNX2	148110.5	168330.0	188101.8	0.32	1.8	4.43	862	461	401	0.136	0.146
MA0761.2	ETV1	291269.7	323837.0	358398.8	0.48	2.11	4.82	1192	628	564	0.021	0.164
MA0800.1	EOMES	262172.4	292707.0	323822.2	-5.1	-2.26	-0.65	1137	527	610	-0.097	-0.147
MA1633.1	BACH1	220448.1	246346.0	271910.3	-0.14	0.51	2.14	1011	528	483	0.056	0.057
MA0102.4	CEBPA	235436.5	265156.0	289546.2	-1.58	-0.27	0.57	1041	509	532	-0.045	-0.019
MA0707.1	MNX1	114337.6	133330.0	147235.5	-1.3	0.13	0.93	735	377	358	0.006	-0.062
MA0032.2	FOXC1	107142.1	122852.5	139629.5	-0.09	0.76	2.43	722	381	341	0.09	0.084
MA0811.1	TFAP2B	212226.6	237385.0	265273.4	-0.14	1.17	3.2	1008	527	481	0.084	0.086
MA0029.1	Mecom	125108.5	143439.0	158262.6	-1.56	-0.27	0.64	767	379	388	-0.043	-0.033
MA0003.3	TFAP2A	174139.4	196600.0	215862.5	-0.39	0.4	1.79	901	466	435	0.062	0.041
MA0508.1	PRDM1	263686.1	292151.5	322679.0	-0.64	1.5	3.71	1123	578	545	0.063	0.131
MA0065.1	PPARG::RXRA	282757.1	317748.5	340936.0	-0.75	0.1	1.22	1132	581	551	0.107	-0.002
MA0500.1	Myog	119300.8	135734.5	152384.7	-0.07	1.05	3.07	764	402	362	0.048	0.105
MA0808.1	TEAD3	96653.0	111561.5	127396.9	-4.4	-1.83	0.18	706	334	372	-0.104	-0.194
MA0519.1	Stat5a::Stat5b	127170.5	144997.0	164090.7	-3.95	-1.7	-0.27	800	374	426	-0.177	-0.116
MA1532.1	NR1D2	392321.1	438641.5	465114.5	-0.99	0.02	1.03	1325	665	660	0.019	0.001
MA1597.1	ZNF528	345289.9	387939.0	411363.9	-1.18	-0.03	0.8	1247	621	626	-0.025	-0.012
MA0754.1	CUX1	113546.8	130330.0	149853.1	-4.78	-2.16	-0.57	766	353	413	-0.081	-0.164
MA1572.1	TGIF2LY	215805.4	245887.5	267748.0	-1.5	-0.2	0.61	1000	494	506	-0.054	-0.017
MA1117.1	RELB	215244.0	241732.0	269445.0	-0.14	1.17	3.29	1017	533	484	0.076	0.083
MA1487.1	FOXE1	153741.4	174208.0	191916.0	-1.68	-0.34	0.38	847	407	440	-0.022	-0.036
MA1569.1	TFAP2E	147680.4	167994.0	186075.3	0.03	0.7	2.31	841	450	391	0.099	0.057
MA0643.1	Esrrg	145298.4	166484.0	187116.1	-4.21	-1.52	-0.24	853	392	461	-0.119	-0.125
MA1552.1	RARB(var.3)	269198.2	300208.5	332814.0	-0.85	1.15	3.17	1131	574	557	0.029	0.095
MA0764.2	ETV4	158004.4	182900.0	196446.5	-1.01	-0.0	1.05	855	418	437	-0.03	0.036
MA0146.2	Zfx	214991.9	241266.0	267402.3	0.01	0.97	2.97	1012	533	479	0.055	0.099
MA0836.2	CEBPD	220702.4	250662.0	272482.2	-0.78	-0.13	1.25	1007	497	510	-0.017	0.045
MA0122.3	Nkx3-2	224581.9	252031.0	275945.8	-1.61	-0.3	0.47	1016	499	517	-0.014	-0.029
MA0098.2	Ets1	284162.4	313923.0	346169.1	1.92	4.53	7.91	1207	670	537	0.122	0.233
MA0660.1	MEF2B	65724.2	77481.5	86885.3	-1.29	0.14	0.68	561	284	277	0.009	-0.052
MA0609.1	Crem	160375.7	183441.0	200553.2	-0.67	0.14	1.3	862	436	426	0.058	0.045
MA1580.1	ZBTB32	123486.7	141051.5	158682.0	-3.12	-1.19	0.44	781	376	405	-0.024	-0.147
MA0144.1	Stat3	142147.9	160792.0	180533.3	-2.73	-0.89	0.07	827	393	434	-0.092	-0.096
MA1484.1	ETS2	208274.5	233345.0	260311.4	0.85	2.67	5.49	1024	565	459	0.1	0.186
MA0807.1	TBX5	119380.9	136145.5	155187.4	-4.44	-1.99	-0.46	780	352	428	-0.188	-0.145
MA0637.1	CENPB	406063.5	451830.0	483644.5	-1.03	-0.04	0.85	1346	673	673	-0.001	0.017
MA1509.1	IRF6	163639.6	187101.5	206058.6	-0.47	0.33	1.76	877	451	426	0.038	0.04
MA0160.1	NR4A2	78854.0	93000.0	105249.0	-1.59	-0.33	0.46	620	301	319	-0.066	-0.048
MA0882.1	DLX6	84011.8	98664.5	110299.3	-1.57	0.24	0.73	636	324	312	0.025	-0.081
MA0524.2	TFAP2C	207359.1	235253.0	264281.7	-0.12	1.14	3.26	1003	523	480	0.062	0.087
MA1152.1	SOX15	111458.6	130668.0	143823.6	-0.74	0.11	1.19	727	367	360	0.019	-0.023
MA0143.4	SOX2	187409.2	214073.0	237138.0	-2.06	-0.51	0.25	943	450	493	-0.058	-0.043
MA1113.1	PBX2	226276.6	256394.5	279676.3	-1.15	0.1	0.99	1017	524	493	0.036	-0.049
MA0492.1	JUND(var.2)	277193.1	307342.5	339027.6	0.14	1.29	3.7	1147	611	536	0.124	0.089
MA1560.1	SOHLH2	200084.3	227947.0	248322.1	-0.68	0.15	1.28	961	494	467	0.034	-0.002
MA0147.3	MYC	256744.2	287762.5	318980.4	0.04	0.81	2.54	1100	583	517	0.073	0.042
MA1568.1	TCF21(var.2)	270588.1	301778.5	330723.1	-0.11	0.51	2.1	1118	585	533	0.05	0.036
MA0886.1	EMX2	119703.3	136945.5	155136.8	-2.43	-0.64	0.6	759	377	382	-0.004	-0.097
MA0885.1	Dlx2	80253.9	94498.5	106179.0	-1.76	-0.37	0.54	626	311	315	-0.004	-0.124
MA0141.3	ESRRB	165764.6	189211.0	208050.2	-1.42	-0.15	0.65	876	432	444	-0.015	-0.023
MA0162.4	EGR1	359868.2	403153.0	432435.9	-0.68	0.22	1.6	1280	643	637	0.005	0.012
MA0898.1	Hmx3	246989.8	278588.0	305372.0	-1.45	-0.22	0.57	1065	520	545	-0.057	-0.034
MA0472.1	EGR2	336619.2	373497.5	409693.2	-0.27	1.09	3.15	1258	650	608	0.105	0.08
MA0693.2	VDR	88155.8	104575.0	116979.2	-0.82	-0.13	1.3	651	315	336	-0.045	0.035
MA1419.1	IRF4	152641.6	173373.5	195566.2	1.08	3.01	5.96	891	488	403	0.033	0.274
MA0070.1	PBX1	147237.6	167540.0	186784.2	-2.67	-0.84	-0.07	843	391	452	-0.166	-0.083
MA0158.2	HOXA5	99025.0	114392.5	126393.0	-1.37	0.19	0.68	683	343	340	0.003	-0.06
MA0910.2	HOXD8	94773.3	111190.5	124548.4	-1.86	-0.35	0.43	678	333	345	-0.028	-0.073
MA0711.1	OTX1	92834.3	107450.0	122341.7	-3.01	-1.1	-0.09	682	314	368	-0.154	-0.082
MA0007.1	Ar	683447.5	742611.5	795911.0	-1.99	-0.46	0.42	1746	859	887	-0.042	-0.031
MA0508.2	PRDM1	146648.9	166887.5	186621.2	-0.65	0.52	2.14	834	419	415	0.008	0.089
MA1594.1	ZNF382	352181.3	388997.0	420866.6	-0.25	0.33	1.62	1262	656	606	0.052	0.035
MA0733.1	EGR4	478534.0	532685.5	563330.0	-0.89	-0.01	1.08	1460	723	737	-0.012	0.005
MA0041.1	Foxd3	106890.2	123235.5	138608.2	-3.19	-1.07	0.07	729	344	385	-0.111	-0.093
MA0604.1	Atf1	146913.4	167324.5	186301.2	-0.29	0.41	1.93	832	434	398	0.07	0.058
MA0599.1	KLF5	145266.7	166427.5	185921.2	-0.3	0.53	2.05	833	437	396	0.033	0.037
MA0514.1	Sox3	94486.1	111380.5	122577.1	-1.21	0.1	0.84	671	343	328	0.049	-0.058
MA0612.1	EMX1	132813.1	152810.5	166423.2	-1.57	0.17	0.86	788	404	384	0.031	-0.062
MA0102.2	CEBPA	114576.6	131786.5	149390.0	-0.03	1.4	3.73	759	401	358	0.106	0.125
MA1557.1	SMAD5	169296.7	197833.5	212431.1	-1.01	0.02	1.05	890	454	436	0.038	0.005
MA1478.1	DMRTA2	208848.5	236387.0	260257.5	-2.41	-0.64	-0.0	994	470	524	-0.068	-0.04
MA0692.1	TFEB	167595.7	189185.5	212915.4	0.35	1.77	4.37	912	501	411	0.133	0.1
MA0153.1	HNF1B	98357.0	113833.5	129090.4	-2.5	-0.7	0.38	694	338	356	-0.092	-0.108
MA0052.2	MEF2A	150425.9	172131.0	191182.6	-1.99	-0.42	0.28	844	404	440	-0.073	-0.031
MA0033.1	FOXL1	90174.5	104526.0	117323.0	-0.71	-0.33	1.64	657	325	332	-0.011	0.05
MA0114.4	HNF4A	234109.7	263255.5	286407.1	-1.71	-0.26	0.56	1037	510	527	-0.02	-0.029
MA0477.1	FOSL1	153128.4	176863.5	190706.8	-0.91	-0.03	1.04	842	407	435	-0.053	0.061
MA1566.1	TBX3	177142.3	198958.5	224728.5	-5.5	-2.61	-0.79	947	444	503	-0.065	-0.134
MA0154.2	EBF1	141546.7	161471.0	179830.1	-0.43	0.5	1.95	820	417	403	0.036	0.112
MA0910.1	Hoxd8	154528.9	176159.5	198932.0	-3.55	-1.3	-0.15	873	400	473	-0.147	-0.084
MA0004.1	Arnt	65895.2	78880.5	87325.0	-0.91	-0.05	1.06	563	279	284	-0.07	0.015
MA0145.1	Tcfcp2l1	277570.4	309775.0	337785.7	-0.48	0.43	1.88	1130	574	556	0.057	0.035
MA0117.1	Mafb	92248.8	106962.0	120724.3	0.0	0.51	2.13	669	355	314	0.104	0.04
MA0685.1	SP4	418673.5	459461.5	494799.6	-0.5	0.39	1.83	1373	697	676	0.012	0.047
MA0478.1	FOSL2	152898.6	175765.5	192477.1	-0.54	0.2	1.34	846	436	410	0.053	0.07
MA0706.1	MEOX2	123597.5	141110.5	159691.5	-2.71	-0.76	0.28	773	374	399	-0.042	-0.088
MA0813.1	TFAP2B(var.3)	207885.1	235201.0	257131.2	-0.52	0.44	1.81	986	497	489	0.035	0.078
MA0913.2	HOXD9	84120.9	97826.0	109686.5	-1.69	-0.38	0.41	637	307	330	-0.063	-0.059
MA0614.1	Foxj2	61020.9	73262.0	81910.0	-1.22	-0.12	0.76	545	261	284	-0.075	0.015
MA1128.1	FOSL1::JUN	246190.3	281443.0	302035.5	-1.02	-0.05	0.93	1063	523	540	-0.027	0.014
MA0888.1	EVX2	129158.9	148432.0	164204.0	-1.8	0.3	0.74	781	394	387	0.031	-0.045
MA0090.3	TEAD1	216265.7	241114.0	271203.9	-4.93	-2.23	-0.61	1034	471	563	-0.086	-0.138
MA0132.1	Pdx1	41584.1	50208.0	58347.5	-2.14	-0.54	0.23	461	217	244	-0.068	-0.129
MA1111.1	NR2F2	177365.1	199500.0	220341.1	-2.49	-0.76	0.19	917	441	476	-0.042	-0.065
MA0442.1	SOX10	47780.2	56914.5	65646.3	-0.64	0.33	1.71	486	243	243	0.006	0.054
MA1524.1	MSGN1	232953.1	261181.5	287242.2	-0.24	0.79	2.63	1048	545	503	0.043	0.069
MA0518.1	Stat4	248744.8	282940.5	303151.2	-1.2	-0.07	0.84	1067	523	544	-0.026	-0.018
MA0098.3	ETS1	204946.6	229339.0	255898.8	0.47	2.64	5.39	1015	534	481	0.119	0.221
MA0621.1	mix-a	61045.6	72347.0	82166.7	-1.77	-0.36	0.4	548	266	282	-0.046	-0.057
MA0814.1	TFAP2C(var.2)	156105.2	176341.0	197467.5	0.07	1.01	3.08	868	465	403	0.078	0.08
MA0852.1	Foxk1	230902.7	258956.0	284041.2	-1.91	0.5	0.78	1036	519	517	0.009	-0.063
MA0069.1	PAX6	292113.1	328772.5	350397.8	-1.07	-0.01	0.96	1147	557	590	-0.084	0.017
MA0704.1	Lhx4	68774.1	81086.5	92780.6	-2.35	-0.59	0.4	585	285	300	-0.052	-0.071
MA1483.1	ELF2	247266.8	275387.0	304106.7	0.31	1.91	4.33	1098	580	518	0.125	0.167
MA0498.1	Meis1	308389.6	348559.0	371922.4	-0.96	0.03	1.01	1182	603	579	0.045	-0.014
MA0037.1	GATA3	65924.7	77416.0	87102.7	-1.61	0.29	0.78	565	288	277	0.024	-0.063
MA1503.1	HOXB9	93234.3	108124.0	123014.6	-3.73	-1.46	-0.2	690	314	376	-0.109	-0.14
MA1421.1	TCF7L1	145761.6	166964.0	182650.7	-0.64	0.15	1.37	823	422	401	0.05	0.006
MA0526.3	USF2	261166.7	291741.5	320679.2	0.11	1.19	3.44	1116	595	521	0.078	0.065
MA0867.2	SOX4	110848.8	128894.0	143051.2	-1.25	-0.14	0.73	723	353	370	-0.02	-0.029
MA1495.1	HOXA1	85932.7	101349.0	113091.8	-1.52	-0.19	0.67	643	320	323	-0.003	-0.056
MA0063.2	NKX2-5	158187.7	179663.5	197521.9	-1.36	-0.16	0.54	854	417	437	-0.006	0.015
MA0770.1	HSF2	179886.1	203718.5	227142.5	-4.64	-1.99	-0.42	949	434	515	-0.095	-0.138
MA0743.1	SCRT1	315933.2	351309.0	383731.2	-0.39	0.37	1.76	1201	614	587	0.02	0.038
MA0682.2	PITX1	82166.7	95976.0	108554.8	-1.95	-0.46	0.32	633	304	329	-0.067	-0.077
MA0710.1	NOTO	125015.4	141985.0	156956.9	-1.66	0.27	0.67	763	383	380	0.011	-0.046
MA1539.1	NR2F6(var.3)	148904.8	171359.5	186767.8	-1.17	0.08	0.87	831	423	408	0.007	-0.015
MA0079.3	SP1	193466.2	219263.0	243132.8	-0.18	0.61	2.28	957	497	460	0.038	0.054
MA0039.1	Klf4	119305.1	137469.5	152332.0	-1.72	-0.34	0.44	753	366	387	-0.043	-0.023
MA0109.1	HLTF	160735.0	183540.0	205029.2	-2.84	-0.85	0.41	882	430	452	-0.039	-0.062
MA0731.1	BCL6B	52078.7	63293.0	71250.3	-1.18	0.07	0.85	505	254	251	0.004	-0.018
MA1556.1	RXRG(var.2)	240629.3	267409.0	295792.1	-0.15	1.08	3.28	1067	556	511	0.125	0.079
MA0883.1	Dmbx1	367538.6	410809.0	440520.4	-0.84	0.1	1.19	1287	650	637	0.032	-0.009
MA0680.1	PAX7	43339.7	52875.5	58903.3	-0.77	0.11	1.27	463	233	230	0.013	0.036
MA0258.1	ESR2	537107.3	584662.5	627252.1	-0.55	0.32	1.83	1545	781	764	0.027	0.046
MA1630.1	Znf281	182349.0	206238.5	229391.2	-2.33	-0.59	0.52	928	458	470	-0.034	-0.074
MA0764.1	ETV4	214455.8	239843.5	268332.9	0.96	2.98	6.18	1042	559	483	0.109	0.214
MA0678.1	OLIG2	153750.0	176606.5	191259.5	-1.31	-0.09	0.74	844	422	422	-0.003	-0.019
MA0075.2	Prrx2	83009.4	96974.5	110803.8	-2.47	-0.63	0.25	640	305	335	-0.045	-0.089
MA0909.1	HOXD13	98453.7	113136.5	128983.5	-3.43	-1.25	0.36	702	335	367	-0.055	-0.133
MA0058.1	MAX	159582.5	180396.0	203174.3	-0.04	1.02	3.08	878	462	416	0.142	0.111
MA1564.1	SP9	275540.5	312282.5	335861.8	-0.87	0.05	1.11	1120	567	553	0.013	0.009
MA1150.1	RORB	224541.1	252197.5	276585.2	-0.98	-0.52	2.06	1023	503	520	-0.008	0.066
MA0703.2	LMX1B	58483.6	68858.0	78050.5	-1.71	-0.33	0.53	534	261	273	-0.034	-0.05
MA1148.1	PPARA::RXRA	547003.6	597106.5	643757.6	-2.79	-0.85	0.72	1579	782	797	-0.006	-0.058
MA1108.1	MXI1	303243.8	333933.5	369561.8	-0.31	0.74	2.5	1182	606	576	0.06	0.04
MA0481.3	FOXP1	129907.8	148354.5	165984.2	-1.92	-0.41	0.38	784	382	402	-0.029	-0.035
MA0068.1	Pax4	1329719.9	1419567.5	1495250.8	-1.76	-0.37	0.43	2405	1188	1217	-0.04	-0.021
MA1563.1	SOX18	122273.0	141365.5	157007.5	-1.79	-0.32	-0.01	763	359	404	-0.08	-0.035
MA0162.3	EGR1	270068.6	307714.0	328251.6	-0.93	-0.04	1.08	1111	551	560	-0.017	0.012
MA0080.5	SPI1	538256.6	587111.0	642176.9	0.84	2.58	5.45	1603	850	753	0.082	0.154
MA0025.2	NFIL3	174840.5	197040.5	218175.4	-0.79	0.7	2.43	910	457	453	0.014	0.08
MA1619.1	Ptf1a(var.2)	167745.0	192607.5	211386.1	-0.67	0.11	1.18	882	447	435	0.012	0.04
MA0798.2	RFX3	340265.3	376657.0	405199.2	-0.47	0.28	1.55	1240	634	606	0.018	0.02
MA0856.1	RXRG	201179.0	227822.0	247768.3	-1.25	0.13	0.83	960	492	468	0.012	-0.056
MA0471.2	E2F6	259933.1	292257.0	319742.6	-0.38	0.4	1.77	1097	563	534	0.063	0.027
MA1498.1	HOXA7	104786.1	123281.0	134071.1	-1.18	0.03	0.8	703	355	348	0.028	-0.04
MA0039.3	KLF4	196519.2	222306.5	245588.0	-1.62	-0.38	0.38	957	468	489	-0.023	-0.038
MA0465.1	CDX2	114998.6	134916.0	149105.6	-1.3	-0.07	0.83	737	352	385	-0.088	0.0
MA0050.1	IRF1	133212.8	152933.0	173757.4	0.45	1.83	4.43	823	444	379	0.29	0.209
MA0833.1	ATF4	256583.5	285796.0	316507.0	1.03	2.88	5.93	1133	618	515	0.132	0.172
MA0506.1	NRF1	190454.5	215673.5	242411.5	0.14	1.75	4.33	972	511	461	0.15	0.136
MA0636.1	BHLHE41	149017.9	168747.0	186917.3	-0.41	0.26	1.64	831	428	403	0.005	0.044
MA0074.1	RXRA::VDR	192738.6	220442.5	239242.1	-1.12	-0.05	0.96	941	463	478	-0.01	-0.008
MA0740.1	KLF14	369530.6	410819.0	442108.1	-1.5	-0.24	0.62	1293	636	657	-0.038	-0.02
MA0861.1	TP73	360635.3	399983.0	438646.5	-0.15	1.08	3.02	1301	674	627	0.018	0.078
MA1101.2	BACH2	360017.2	399345.5	437385.4	-2.43	-0.62	-0.04	1288	606	682	-0.07	-0.029
MA0814.2	TFAP2C(var.2)	243520.1	271870.5	298046.4	-0.66	-0.36	1.73	1057	527	530	-0.009	0.066
MA0485.1	Hoxc9	181189.9	208666.5	224064.2	-1.04	-0.02	0.93	914	446	468	-0.047	-0.004
MA0087.1	Sox5	61603.3	73417.0	82148.1	-1.31	-0.1	0.75	545	263	282	-0.061	-0.02
MA1558.1	SNAI1	141902.1	166055.5	180025.7	-1.04	-0.01	1.05	815	394	421	-0.025	0.012
MA0676.1	Nr2e1	95937.2	111626.0	125692.1	-0.4	0.38	1.72	680	354	326	0.086	0.055
MA0470.1	E2F4	193467.5	220472.5	241396.4	-1.47	0.22	0.63	948	476	472	0.01	-0.046
MA0745.1	SNAI2	120942.3	139093.0	153302.1	-0.6	-0.23	1.46	754	377	377	-0.0	0.046
MA0470.2	E2F4	365676.6	408315.5	436214.0	-0.83	-0.08	1.17	1282	638	644	-0.015	0.034
MA0594.2	HOXA9	150990.3	172435.5	190484.2	-1.7	-0.39	0.48	844	416	428	-0.001	-0.058
MA0103.1	ZEB1	59750.4	70690.0	81555.6	-2.05	-0.6	0.27	547	262	285	-0.07	-0.066
MA0486.2	HSF1	155323.7	177136.0	199101.1	-4.63	-1.95	-0.4	886	400	486	-0.069	-0.155
MA1132.1	JUN::JUNB	176897.4	200490.0	222860.4	-0.25	0.63	2.35	916	475	441	0.058	0.049
MA0716.1	PRRX1	77165.0	89922.0	103261.2	-2.26	-0.65	0.46	617	302	315	-0.039	-0.099
MA1644.1	NFYC	176185.6	200187.0	221767.9	-1.88	-0.46	0.37	911	444	467	-0.014	-0.048
MA0774.1	MEIS2	83534.1	97083.5	108803.6	-1.74	-0.28	0.47	632	302	330	-0.063	-0.057
MA1135.1	FOSB::JUNB	145679.3	169177.5	181686.4	-0.86	-0.02	0.99	823	410	413	-0.004	0.031
MA0509.1	Rfx1	270525.1	301104.0	334423.8	-0.15	0.74	2.42	1123	585	538	0.032	0.058
MA1463.1	ARGFX	71202.4	84189.5	94260.4	-1.33	-0.15	0.75	585	286	299	-0.028	-0.047
MA0687.1	SPIC	289031.7	322060.0	355943.3	1.78	4.12	7.62	1217	668	549	0.216	0.194
MA0871.2	TFEC	209253.2	233761.0	256235.3	-0.19	0.51	2.13	985	513	472	0.059	0.06
MA1533.1	NR1I2	435722.2	483954.0	519109.7	-1.37	-0.13	0.66	1398	685	713	-0.063	-0.005
MA1508.1	IKZF1	193948.4	219035.0	243711.3	0.7	2.74	5.7	994	531	463	0.078	0.194
MA0624.1	NFATC1	193946.4	221578.5	238158.3	-0.94	-0.02	1.03	942	461	481	-0.016	0.004
MA0602.1	Arid5a	182017.9	208968.5	223814.3	-1.14	-0.03	0.76	915	438	477	-0.052	0.019
MA0473.2	ELF1	239621.4	269201.5	297849.7	0.82	2.56	5.36	1096	585	511	0.13	0.198
MA1628.1	Zic1::Zic2	160967.1	185398.0	201709.8	-0.78	0.1	1.23	865	437	428	0.018	0.011
MA0071.1	RORA	146541.0	167392.5	181530.8	-1.18	-0.1	0.85	822	405	417	-0.026	-0.004
MA0104.3	Mycn	106349.6	122427.0	137181.3	0.02	0.42	1.94	713	382	331	0.089	0.057
MA0900.2	HOXA2	70295.2	82633.0	93546.5	-1.83	0.34	1.01	585	302	283	0.096	-0.095
MA0608.1	Creb3l2	163055.1	184697.0	205186.7	-0.35	0.69	2.34	881	452	429	0.082	0.093
MA0866.1	SOX21	91236.7	104811.5	118700.8	-1.92	-0.54	0.27	663	318	345	-0.016	-0.096
MA0860.1	Rarg(var.2)	202755.3	232288.0	250309.2	-1.07	-0.05	0.78	966	478	488	-0.006	-0.006
MA1578.1	VEZF1	196150.2	224458.0	241880.2	-1.03	-0.02	0.95	948	467	481	-0.022	0.008
MA0491.2	JUND	226857.8	256404.5	276386.8	-0.9	-0.25	1.47	1023	500	523	-0.014	0.059
MA1138.1	FOSL2::JUNB	136635.0	158535.5	171284.0	-1.04	-0.05	0.78	798	391	407	-0.042	0.024
MA1103.2	FOXK2	140350.6	160895.5	177041.1	-1.56	-0.24	0.53	811	386	425	-0.026	-0.023
MA0872.1	TFAP2A(var.3)	210776.6	237930.0	264173.6	-0.09	1.11	3.14	1008	528	480	0.059	0.128
MA0718.1	RAX	100757.8	115691.0	131079.4	-2.99	-0.92	0.22	704	336	368	-0.072	-0.101
MA1124.1	ZNF24	165953.1	191735.5	207292.8	-1.28	-0.06	0.8	878	436	442	-0.016	-0.014
MA1538.1	NR2F1(var.3)	214016.2	245124.5	261458.1	-0.99	-0.03	1.02	991	488	503	-0.008	-0.003
MA1474.1	CREB3L4	291950.6	325947.5	356323.6	-0.04	0.4	1.77	1158	605	553	0.102	0.021
MA0473.3	ELF1	316059.3	347220.0	382786.4	1.26	3.36	6.65	1252	680	572	0.113	0.179
MA0758.1	E2F7	100866.8	116403.5	132559.1	-3.86	-1.57	0.46	717	342	375	-0.059	-0.21
MA0469.3	E2F3	75937.3	89724.5	100444.2	-1.42	-0.19	0.61	605	301	304	-0.003	-0.019
MA0638.1	CREB3	352850.3	391379.0	423279.9	-1.49	-0.26	0.47	1263	611	652	-0.053	-0.013
MA0112.2	ESR1	606128.8	662155.0	709785.9	-1.53	-0.31	0.51	1643	807	836	-0.024	-0.018
MA0035.2	Gata1	150337.9	170915.5	192412.2	-4.26	-1.84	-0.39	869	400	469	-0.08	-0.147
MA1099.1	Hes1	203312.5	231212.5	250222.0	-1.45	0.23	1.03	971	503	468	0.036	-0.036
MA0014.3	PAX5	257457.9	290709.0	316774.8	-1.67	-0.31	0.57	1091	542	549	-0.013	-0.048
MA0659.1	MAFG	489741.0	537385.5	577988.0	-0.53	0.53	2.1	1489	750	739	0.02	0.068
MA0106.2	TP53	317278.8	349612.5	383831.8	0.01	0.81	2.5	1211	636	575	0.066	0.06
MA0650.1	HOXA13	91597.0	105910.0	120700.8	-4.76	-2.03	-0.44	691	319	372	-0.159	-0.17
MA0616.2	HES2	169947.6	194741.0	213852.3	-0.41	0.34	1.77	895	466	429	0.084	0.026
MA0043.3	HLF	215466.1	241915.0	268350.6	-0.18	0.78	2.7	1009	523	486	0.056	0.076
MA0036.3	GATA2	146187.9	166332.5	186395.7	-2.56	-0.79	0.44	839	410	429	-0.033	-0.077
MA0752.1	ZNF410	130876.0	148839.5	164605.5	-1.94	-0.44	0.21	786	376	410	-0.021	-0.053
MA0750.1	ZBTB7A	284258.8	317150.5	343852.4	-0.61	0.33	1.67	1140	572	568	0.017	0.041
MA0035.4	GATA1	152987.3	173675.5	193948.2	-2.41	-0.58	0.36	852	416	436	-0.04	-0.061
MA1511.1	KLF10	232583.2	263733.5	283998.3	-1.21	0.09	0.9	1031	525	506	0.025	-0.045
MA0480.1	Foxo1	129922.4	148433.0	166147.3	0.01	0.52	2.14	787	418	369	0.113	0.064
MA0496.2	MAFK	390416.9	432094.5	469545.7	-0.44	0.71	2.49	1342	682	660	0.024	0.076
MA0148.1	FOXA1	137013.3	156769.5	175251.7	-0.28	0.35	1.7	804	422	382	0.068	0.047
MA0163.1	PLAG1	233626.4	261993.5	288872.9	-0.85	-0.64	2.47	1046	522	524	-0.016	0.088
MA0817.1	BHLHE23	167439.8	190275.0	207758.0	-0.78	0.14	1.42	878	449	429	0.011	0.024
MA0746.1	SP3	248981.3	283845.0	304388.6	-0.96	0.02	1.03	1066	539	527	0.031	-0.002
MA0462.2	BATF::JUN	160669.9	184252.5	200208.6	-0.62	0.14	1.28	864	444	420	0.035	0.02
MA0108.2	TBP	217476.9	245243.5	273175.7	-2.72	-0.79	-0.04	1016	474	542	-0.059	-0.057
MA0093.2	USF1	167874.8	189398.0	212407.2	0.28	1.8	4.37	913	495	418	0.192	0.131
MA0138.1	REST	283569.8	319366.5	356696.1	0.41	1.94	4.77	1181	642	539	0.318	0.149
MA1615.1	Plagl1	235691.5	264271.5	290568.1	-0.41	0.48	2.1	1046	532	514	0.032	0.06
MA1108.2	MXI1	166620.0	189025.5	209917.5	-0.2	0.6	2.14	889	463	426	0.021	0.073
MA0613.1	FOXG1	35306.7	42421.0	48830.1	-1.77	-0.42	0.33	422	199	223	-0.15	-0.073
MA0748.2	YY2	255092.8	284853.5	314610.4	-0.6	0.64	2.33	1090	551	539	0.021	0.099
MA0757.1	ONECUT3	96142.8	110778.0	126984.7	-4.0	-1.65	-0.3	701	316	385	-0.146	-0.157
MA0150.1	NFE2L2	155277.0	176383.5	196711.6	-0.25	0.72	2.53	862	445	417	0.138	0.103
MA0052.1	MEF2A	52501.5	63510.5	70937.6	-1.05	0.04	0.94	505	261	244	0.077	-0.022
MA0258.2	ESR2	372479.7	414983.5	442543.8	-1.11	0.07	0.88	1292	652	640	0.024	0.009
MA0596.1	SREBF2	133284.5	152341.0	168880.0	-1.51	-0.3	0.66	791	394	397	-0.017	-0.064
MA1521.1	MAFA	313662.0	346572.0	382140.0	-0.29	0.74	2.47	1204	619	585	0.045	0.066
MA0669.1	NEUROG2	151987.9	173628.5	191543.4	-0.66	0.2	1.49	841	430	411	0.058	0.027
MA0702.1	LMX1A	70038.3	82574.5	94594.0	-2.65	-0.78	0.31	594	287	307	-0.074	-0.082
MA1601.1	ZNF75D	162569.2	186227.5	202348.3	-1.28	-0.12	0.78	868	425	443	-0.012	-0.012
MA0500.2	MYOG	153660.5	174654.0	195104.9	0.04	1.12	3.36	866	459	407	0.041	0.092
MA0102.3	CEBPA	172459.2	194505.5	213083.6	0.01	0.42	1.88	897	475	422	0.072	0.064
MA0512.2	Rxra	183709.6	208646.0	227671.6	-1.48	0.16	0.78	920	467	453	0.013	-0.042
MA1102.1	CTCFL	295972.8	330927.0	365459.1	3.91	7.24	11.6	1267	714	553	0.107	0.323
MA0878.2	CDX1	125662.1	146424.0	162236.7	-1.31	-0.15	0.77	771	384	387	-0.001	-0.013
MA0650.2	HOXA13	124379.2	144120.0	158790.7	-1.29	0.1	0.78	763	386	377	0.017	-0.052
MA1481.1	DRGX	72238.1	85381.5	96127.2	-1.62	0.21	0.77	591	301	290	0.023	-0.055
MA0002.1	RUNX1	182711.9	205693.5	229480.0	-0.23	0.77	2.59	931	480	451	0.111	0.087
MA1603.1	Dmrt1	194389.2	218793.0	244069.5	-2.62	-0.77	0.3	960	466	494	-0.057	-0.054
MA1525.1	NFATC4	186745.9	211388.0	232192.3	-0.66	-0.21	1.6	928	460	468	-0.013	0.0
MA1502.1	HOXB8	94203.6	109495.5	123101.2	-1.81	-0.36	0.45	673	328	345	-0.065	-0.071
MA0122.1	Nkx3-2	113162.1	130550.0	145092.2	-1.81	-0.31	0.4	733	352	381	-0.123	-0.038
MA1099.2	HES1	188450.2	214298.5	235771.2	-0.29	0.39	2.01	940	490	450	0.05	0.036
MA1113.2	PBX2	155875.9	177874.0	195554.4	-0.55	0.2	1.43	851	434	417	0.023	0.017
MA1640.1	MEIS2(var.2)	220933.0	249352.0	270023.7	-1.47	-0.2	0.66	1007	498	509	-0.017	-0.029
MA0619.1	LIN54	56650.6	68071.0	75472.9	-0.82	0.08	1.12	524	266	258	0.019	0.002
MA0605.1	Atf3	134829.5	153392.5	171152.2	-0.24	0.7	2.56	804	419	385	0.103	0.105
MA0726.1	VSX2	77116.9	90275.5	101728.3	-1.85	-0.37	0.43	612	302	310	-0.006	-0.075
MA0130.1	ZNF354C	59026.9	69711.5	78302.0	-0.71	0.2	1.35	534	270	264	0.089	0.049
MA1109.1	NEUROD1	266058.9	299655.5	321354.5	-1.27	-0.09	0.39	1099	525	574	-0.045	-0.008
MA0712.1	OTX2	81362.7	94043.0	106654.5	-2.07	-0.57	0.4	629	306	323	-0.056	-0.072
MA0077.1	SOX9	135832.5	154874.5	174590.6	-1.89	-0.42	0.26	801	382	419	-0.075	-0.053
MA0100.1	Myb	95170.1	110264.5	125384.0	-0.33	1.29	3.54	694	362	332	0.076	0.145
MA0067.1	Pax2	119539.0	136814.5	152390.2	-0.36	0.45	1.93	754	386	368	0.032	0.043
MA0515.1	Sox6	105199.6	122866.5	135351.0	-1.29	-0.09	0.8	704	344	360	-0.042	-0.034
MA1649.1	ZBTB12	168998.7	191791.5	213598.8	-2.14	-0.54	0.24	894	430	464	-0.034	-0.06
MA1554.1	RFX7	157231.8	177131.5	195336.5	-0.34	0.38	1.88	855	440	415	0.035	0.026
MA0695.1	ZBTB7C	300913.2	339774.0	362588.7	-1.33	-0.09	0.81	1170	573	597	-0.031	0.007
MA0698.1	ZBTB18	275281.4	309660.5	331194.5	-1.2	-0.09	0.83	1117	555	562	-0.005	-0.003
MA1499.1	HOXB4	79779.8	93545.5	104706.8	-1.38	-0.2	0.58	618	300	318	-0.016	-0.051
MA0891.1	GSC2	149317.7	172206.5	187155.1	-1.28	-0.08	0.79	833	412	421	-0.035	0.002
MA1480.1	DPRX	139297.6	161051.0	174919.3	-0.92	-0.02	0.89	803	399	404	-0.011	0.004
MA0153.2	HNF1B	78518.5	94101.5	103310.8	-1.2	-0.05	0.83	615	303	312	-0.033	-0.006
MA0828.1	SREBF2(var.2)	145578.4	168082.5	185089.4	-0.48	0.38	1.84	833	420	413	0.033	0.071
MA1577.1	TLX2	62198.6	73240.5	82996.5	-1.71	-0.3	0.47	550	271	279	-0.055	-0.074
MA0131.2	HINFP	326175.4	360775.0	393726.2	-0.25	0.66	2.26	1226	631	595	0.062	0.058
MA0809.1	TEAD4	153251.4	172372.0	192550.6	-2.31	-0.71	0.23	852	409	443	-0.042	-0.083
MA0656.1	JDP2(var.2)	154450.8	175597.0	195889.2	0.06	1.74	4.28	879	465	414	0.011	0.199
MA1570.1	TFAP4(var.2)	165392.0	187876.5	209128.7	-0.21	0.55	2.16	885	464	421	0.127	0.063
MA0666.1	MSX1	104486.6	120925.0	134190.7	-1.65	-0.29	0.56	705	351	354	-0.009	-0.065
MA0652.1	IRF8	152920.1	173972.0	196117.6	1.89	4.37	7.94	908	500	408	0.041	0.343
MA0870.1	Sox1	120570.7	138728.5	155973.3	-2.18	-0.52	0.31	761	368	393	-0.038	-0.077
MA1107.1	KLF9	282341.9	315090.0	339142.6	-0.51	0.26	1.56	1134	577	557	0.019	0.031
MA0027.1	En1	167815.6	194035.5	211799.0	-1.05	0.05	0.92	883	446	437	0.024	-0.034
MA0485.2	HOXC9	82614.8	97813.5	112729.4	-3.65	-1.32	0.11	655	309	346	-0.043	-0.16
MA0909.2	HOXD13	156757.1	180677.5	195402.5	-1.08	0.03	0.97	851	428	423	0.033	-0.021
MA0729.1	RARA	117678.9	138868.0	150464.4	-1.02	0.0	0.99	745	377	368	0.026	-0.001
MA0787.1	POU3F2	131064.8	152722.5	168737.8	-1.43	-0.17	0.65	788	387	401	-0.031	-0.02
MA0035.3	Gata1	129296.1	146943.0	166620.8	-3.12	-1.14	0.11	796	379	417	-0.096	-0.132
MA1136.1	FOSB::JUNB(var.2)	174504.3	197118.0	219584.4	0.05	0.87	2.6	914	486	428	0.102	0.089
MA0795.1	SMAD3	136948.8	159676.0	173629.4	-0.83	0.05	1.21	801	406	395	0.014	0.013
MA0902.2	HOXB2	95460.5	111286.0	124605.0	-1.59	-0.3	0.62	677	338	339	-0.008	-0.074
MA1574.1	THRB	364077.7	402478.0	435619.3	-1.57	-0.32	0.64	1283	639	644	-0.008	-0.05
MA1528.1	NFIX(var.2)	378849.9	419931.5	454165.7	-0.33	0.36	1.79	1312	672	640	0.078	0.045
MA0009.1	Tbxt	166366.7	189273.0	207073.0	-1.83	-0.36	0.4	883	426	457	-0.086	-0.061
MA1602.1	ZSCAN29	214378.6	243184.0	261857.6	-0.67	0.11	1.23	991	516	475	0.016	-0.008
MA0526.2	USF2	356591.9	395919.5	435344.3	0.63	2.29	5.2	1318	718	600	0.069	0.095
MA0522.2	TCF3	158559.8	180411.0	198165.6	-1.57	-0.29	0.46	860	419	441	-0.018	-0.006
MA0653.1	IRF9	106021.3	123032.0	140752.9	0.94	2.98	5.85	755	419	336	0.109	0.296
MA0520.1	Stat6	251255.0	283862.5	304596.5	-1.13	-0.08	0.87	1069	521	548	-0.07	-0.016
MA1141.1	FOS::JUND	235506.4	265522.5	284755.7	-1.36	-0.12	0.68	1036	511	525	-0.052	0.015
MA0810.1	TFAP2A(var.2)	220767.2	247063.5	273540.1	-0.08	1.22	3.16	1029	537	492	0.066	0.103
MA0634.1	ALX3	116451.5	133619.0	148662.7	-2.35	-0.56	0.54	748	369	379	-0.026	-0.08
MA0794.1	PROX1	206023.4	230377.0	255661.4	-2.64	-0.87	0.11	987	471	516	-0.045	-0.099
MA1625.1	Stat5b	227622.2	253833.5	283047.2	-3.76	-1.44	-0.17	1047	488	559	-0.063	-0.079
MA0137.2	STAT1	290935.2	324471.5	357767.7	-2.85	-0.93	0.43	1170	571	599	-0.022	-0.077
MA0009.2	TBXT	224270.4	250982.5	277783.8	-3.86	-1.54	0.28	1043	500	543	-0.043	-0.158
MA0489.1	JUN(var.2)	241002.0	274710.0	294570.5	-1.19	-0.06	0.64	1051	505	546	-0.02	0.043
MA1596.1	ZNF460	269863.1	299988.0	329389.6	-0.4	0.59	2.13	1117	568	549	0.024	0.076
MA0508.3	PRDM1	158649.9	181063.0	201721.5	-0.68	0.55	2.14	869	435	434	0.009	0.09
MA0640.1	ELF3	286696.0	318012.0	352777.9	-0.49	1.08	3.19	1162	596	566	0.024	0.12
MA0469.2	E2F3	141308.0	162433.0	178787.4	-1.63	-0.21	0.51	814	399	415	-0.029	-0.027
MA0473.1	ELF1	220690.3	245068.0	273206.1	1.71	4.12	7.47	1067	582	485	0.154	0.274
MA0509.2	RFX1	322268.2	359984.5	389708.7	-0.5	0.33	1.8	1214	619	595	0.031	0.046
MA0673.1	NKX2-8	138233.6	158470.5	173606.1	-0.8	-0.16	1.41	802	398	404	-0.007	0.021
MA0046.2	HNF1A	99827.3	117336.5	128730.2	-1.15	-0.03	0.85	686	338	348	-0.02	0.001
MA0114.1	HNF4A	235777.4	264350.0	290847.0	-1.75	-0.38	0.55	1043	518	525	-0.013	-0.051
MA0771.1	HSF4	236209.2	265051.5	293356.6	-6.8	-3.31	-1.21	1098	510	588	-0.091	-0.17
MA1144.1	FOSL2::JUND	143835.3	166205.5	182334.4	-0.71	0.18	1.43	822	411	411	0.006	0.042
MA0083.3	SRF	152606.2	175384.0	193494.8	-1.32	-0.17	0.65	844	409	435	-0.035	-0.023
MA1123.1	TWIST1	260766.2	290969.0	317499.7	-0.79	-0.32	1.63	1092	541	551	-0.011	0.058
MA0146.1	Zfx	217188.8	243408.0	269524.0	-0.04	1.0	3.11	1017	534	483	0.057	0.1
MA0006.1	Ahr::Arnt	75813.8	88749.5	100120.8	-1.91	-0.34	0.42	606	294	312	-0.058	-0.062
MA0842.1	NRL	156474.4	180916.0	195011.1	-1.15	-0.06	0.83	853	423	430	-0.04	-0.008
MA1122.1	TFDP1	261464.8	297279.5	319659.8	-1.09	0.0	1.05	1090	554	536	0.02	-0.031
MA0868.1	SOX8	46887.4	56044.0	64058.4	-1.76	-0.32	0.48	482	239	243	-0.04	-0.096
MA0681.1	Phox2b	92794.4	107575.0	118570.4	-1.16	-0.09	0.73	659	327	332	-0.008	-0.039
MA0024.1	E2F1	110552.6	126622.5	142198.9	-0.29	0.59	2.19	729	376	353	0.16	0.106
MA0618.1	LBX1	74802.3	87380.0	99772.2	-1.86	-0.41	0.41	603	295	308	-0.059	-0.071
MA0494.1	Nr1h3::Rxra	556274.8	610244.5	653852.2	-1.43	-0.2	0.64	1573	786	787	-0.007	-0.025
MA1515.1	KLF2	227685.0	256084.0	279763.9	-0.59	0.24	1.54	1022	514	508	0.017	0.016
MA0469.1	E2F3	317974.4	352953.0	380255.8	-0.6	0.17	1.44	1196	614	582	0.009	-0.035
MA0503.1	Nkx2-5(var.2)	159847.6	182907.5	201522.0	-0.58	0.32	1.63	867	445	422	0.047	0.041
MA0024.3	E2F1	256218.8	291708.5	312139.8	-1.0	-0.02	1.06	1081	538	543	-0.017	0.033
MA0017.2	NR2F1	248925.3	283753.0	304399.0	-1.09	-0.04	0.86	1067	528	539	-0.019	-0.014
MA0816.1	Ascl2	124347.9	142233.0	157818.3	-0.54	0.25	1.57	763	385	378	0.034	0.056
MA0079.1	SP1	169005.5	190731.0	211395.5	-1.63	-0.28	0.58	884	439	445	-0.008	-0.04
MA1501.1	HOXB7	145620.8	166615.0	182435.0	-0.62	0.23	1.5	825	424	401	0.064	0.021
MA0647.1	GRHL1	181536.0	205060.0	223437.3	-0.51	0.27	1.66	916	460	456	0.01	0.065
MA0871.1	TFEC	156406.8	179590.5	201435.2	-0.33	0.83	2.83	872	450	422	0.035	0.074
MA0622.1	Mlxip	74320.9	87679.5	97926.2	-0.48	0.29	1.78	601	310	291	0.282	0.064
MA0598.3	EHF	320582.4	356029.0	395507.6	2.36	5.36	9.25	1292	714	578	0.095	0.225
MA1657.1	ZNF652	164496.2	186985.0	206358.2	-2.12	-0.55	0.6	883	438	445	-0.006	-0.083
MA0526.1	USF2	157053.5	177467.0	199327.4	0.38	1.77	4.48	884	476	408	0.175	0.139
MA0734.1	GLI2	297599.0	330975.0	358477.6	-1.55	-0.29	0.61	1163	577	586	-0.013	-0.037
MA1112.1	NR4A1	164050.4	186303.0	205267.9	-2.24	-0.53	0.19	881	419	462	-0.01	-0.038
MA0025.1	NFIL3	91133.2	104743.0	119061.1	-2.05	-0.55	0.52	663	327	336	-0.037	-0.088
MA0645.1	ETV6	198077.0	222600.5	248516.9	0.99	2.98	6.04	1005	538	467	0.097	0.231
MA0122.2	NKX3-2	128363.2	148452.0	165316.3	-0.63	0.27	1.59	780	393	387	0.029	0.034
MA0734.2	GLI2	329546.8	365407.5	399881.2	-2.45	-0.71	-0.01	1235	588	647	-0.075	-0.071
MA0035.1	Gata1	63290.0	74476.0	84497.5	-2.03	-0.45	0.34	558	269	289	-0.084	-0.03
MA0623.2	NEUROG1	136168.5	155526.5	172820.1	-0.12	0.36	1.77	801	422	379	0.082	0.035
MA0630.1	SHOX	80123.7	94772.5	105632.1	-1.54	-0.26	0.61	624	310	314	-0.006	-0.073
MA1629.1	Zic2	260192.9	290634.0	319271.6	-2.09	-0.47	0.29	1096	532	564	-0.02	-0.045
MA1583.1	ZFP57	297821.8	329656.0	358448.1	-0.37	0.61	2.25	1171	597	574	0.012	0.046
MA0755.1	CUX2	108184.9	124753.0	142909.2	-5.75	-2.89	-1.04	759	333	426	-0.143	-0.2
MA0030.1	FOXF2	140747.8	160680.0	180773.8	-2.31	-0.67	0.4	822	402	420	-0.093	-0.097
MA0036.1	GATA2	44537.1	53831.0	61140.3	-1.17	-0.11	0.57	467	217	250	-0.158	-0.027
MA0598.1	EHF	69882.4	82121.5	92384.4	-0.58	0.26	1.47	581	292	289	0.007	0.106
MA0106.1	TP53	161221.2	180332.0	203561.9	0.23	1.53	3.66	887	474	413	0.188	0.149
MA0658.1	LHX6	97915.4	113175.5	128432.0	-2.2	-0.6	0.23	690	329	361	-0.08	-0.069
MA1125.1	ZNF384	71823.5	84859.5	95112.3	-1.33	-0.17	0.65	588	291	297	-0.004	-0.062
MA0482.1	Gata4	131454.4	149813.5	170265.4	-3.9	-1.58	0.96	811	395	416	-0.026	-0.161
MA0104.4	MYCN	246484.7	275714.0	306152.2	0.18	1.42	3.63	1090	585	505	0.133	0.089
MA1553.1	RARG(var.3)	266658.0	297152.0	326211.2	-0.41	0.83	2.62	1118	572	546	0.057	0.076
MA1106.1	HIF1A	224108.2	251769.5	274722.3	-0.38	0.23	1.63	1013	528	485	0.058	0.012
MA0461.2	Atoh1	163611.3	185603.5	207299.7	-0.45	0.45	1.98	877	445	432	0.015	0.063
MA0700.2	LHX2	147959.9	168390.0	187736.3	-1.98	-0.53	0.43	838	412	426	-0.013	-0.108
MA1541.1	NR6A1	384158.5	420365.5	458641.9	-3.91	-1.48	0.32	1342	647	695	-0.087	-0.094
MA0155.1	INSM1	233279.0	260523.0	289711.3	-2.87	-0.93	0.5	1050	514	536	-0.07	-0.091
MA0709.1	Msx3	78888.8	91673.5	104214.5	-1.8	-0.35	0.43	616	303	313	-0.02	-0.107
MA0467.1	Crx	158104.0	181928.0	199334.9	-1.34	-0.1	0.73	857	420	437	-0.089	-0.023
MA1103.1	FOXK2	125603.1	147507.0	161381.5	-0.84	-0.08	1.27	771	384	387	-0.012	0.001
MA0019.1	Ddit3::Cebpa	215774.6	242529.5	265286.7	-1.34	-0.19	0.63	993	492	501	-0.046	-0.017
MA1140.1	JUNB(var.2)	174318.8	196946.5	218724.0	0.08	1.08	2.99	918	487	431	0.078	0.098
MA1584.1	ZIC5	375799.8	415362.0	444900.6	-1.59	-0.24	0.55	1300	639	661	-0.007	-0.03
MA0902.1	HOXB2	117514.7	134464.0	149465.3	-1.4	-0.19	0.64	740	368	372	-0.003	-0.065
MA1618.1	Ptf1a	229216.6	263071.5	282519.5	-1.09	-0.01	0.93	1026	511	515	-0.005	0.008
MA0684.2	RUNX3	208255.2	237490.5	256677.1	-0.85	-0.08	1.13	978	482	496	-0.009	0.049
MA0058.2	MAX	151040.4	172759.0	193579.3	-0.26	1.05	3.35	860	448	412	0.103	0.116
MA0007.3	Ar	316581.0	349712.0	383946.0	-2.58	-0.73	0.23	1209	586	623	-0.041	-0.059
MA0649.1	HEY2	199762.8	226134.5	247291.6	-0.56	0.22	1.48	960	494	466	0.04	0.015
MA0834.1	ATF7	175577.1	197030.5	222697.2	0.21	1.75	4.23	930	495	435	0.044	0.168
MA0161.2	NFIC	175549.3	199283.0	219798.2	-0.17	0.47	1.98	909	476	433	0.027	0.042
MA0632.2	TCFL5	215889.0	247300.0	263903.7	-1.02	-0.02	0.95	995	496	499	-0.006	0.001
MA1118.1	SIX1	173505.5	198557.5	217335.0	-0.63	-0.23	1.59	900	448	452	-0.009	0.053
MA1420.1	IRF5	295579.4	326629.5	358594.3	0.23	1.99	4.35	1195	627	568	0.085	0.142
MA1506.1	HOXD10	123949.9	141548.0	159684.2	-3.71	-1.34	-0.23	785	366	419	-0.07	-0.123
MA0639.1	DBP	133338.9	154208.5	168524.0	-0.8	-0.07	1.18	788	393	395	-0.001	0.02
MA0150.2	Nfe2l2	340448.0	377211.0	406063.7	-0.6	0.23	1.56	1239	627	612	0.032	0.049
MA0715.1	PROP1	54794.2	65614.5	73757.2	-0.73	0.09	1.24	515	260	255	0.041	0.015
MA1624.1	Stat5a	166467.0	189492.0	212611.0	-6.19	-3.0	-1.04	930	415	515	-0.058	-0.154
MA0640.2	ELF3	271553.8	304505.5	334474.9	0.53	2.72	5.63	1166	612	554	0.077	0.174
MA1126.1	FOS::JUN(var.2)	428141.0	471540.5	516270.2	0.02	1.0	3.03	1409	738	671	0.035	0.069
MA1134.1	FOS::JUNB	193075.2	219562.5	239694.7	-1.24	-0.09	0.75	941	465	476	-0.028	0.021
MA0042.1	FOXI1	107596.2	124144.5	137051.7	-1.33	-0.15	0.81	710	348	362	-0.05	0.001
MA0105.3	NFKB1	201623.3	231759.5	248762.6	-0.85	0.05	1.19	965	491	474	0.048	0.003
MA0736.1	GLIS2	328293.7	365054.0	392474.8	-1.27	0.14	0.87	1215	621	594	0.048	-0.047
MA1616.1	Prdm15	335553.8	372945.5	404666.4	-1.85	-0.39	0.41	1238	604	634	-0.014	-0.03
MA1145.1	FOSL2::JUND(var.2)	314409.7	349882.0	383481.0	0.0	0.79	2.66	1211	638	573	0.045	0.076
MA0002.2	RUNX1	160665.8	182104.5	203963.4	0.15	1.51	3.79	891	471	420	0.059	0.119
MA0490.2	JUNB	217851.4	244190.5	270532.0	-0.39	0.67	2.47	1011	517	494	0.028	0.075
MA1105.1	GRHL2	289783.2	324313.0	354057.9	-0.52	0.28	1.53	1151	584	567	0.018	0.04
MA1648.1	TCF12(var.2)	191194.6	218593.5	237691.4	-0.79	0.12	1.3	940	478	462	0.021	0.03
MA0620.3	MITF	389085.1	428050.0	469487.2	0.27	1.62	4.1	1357	731	626	0.084	0.077
MA0156.1	FEV	106745.8	122053.0	138562.9	1.06	3.42	6.23	757	402	355	0.202	0.319
MA0595.1	SREBF1	147080.4	167260.0	186859.4	-2.76	-0.83	0.62	842	412	430	-0.051	-0.101
MA0797.1	TGIF2	164174.4	187525.5	206413.5	-1.65	0.26	0.72	876	440	436	0.005	-0.065
MA1102.2	CTCFL	237873.9	266829.0	296244.7	1.62	3.9	7.34	1109	600	509	0.132	0.235
MA0615.1	Gmeb1	586771.0	644411.5	689381.9	-0.72	0.26	1.58	1619	822	797	0.027	0.024
MA0511.1	RUNX2	328364.2	364584.5	400470.7	-0.47	0.58	2.25	1230	623	607	0.033	0.07
MA1652.1	ZKSCAN5	279810.1	311604.5	338561.7	-0.58	0.45	2.05	1134	569	565	0.008	0.072
MA0507.1	POU2F2	164780.5	188336.0	208259.4	-0.57	0.51	2.17	885	445	440	0.009	0.061
MA0901.1	HOXB13	101206.5	115085.5	131028.7	-3.38	-1.25	0.31	708	338	370	-0.104	-0.118
MA0616.1	Hes2	234044.0	266074.5	286624.9	-1.07	0.1	0.95	1036	536	500	0.062	-0.026
MA0095.2	YY1	227811.6	255281.5	282428.5	-3.46	-1.09	0.34	1043	504	539	-0.054	-0.127
MA0024.2	E2F1	206880.2	230201.5	254035.6	-0.26	0.56	2.24	979	514	465	0.094	0.052
MA0663.1	MLX	166178.7	189726.5	209023.6	-0.58	0.2	1.39	879	443	436	0.023	0.035
MA1653.1	ZNF148	219876.1	246094.0	271335.8	0.01	0.6	2.29	1013	536	477	0.112	0.055
MA0748.1	YY2	247220.6	276262.0	304120.2	-0.96	-0.54	2.27	1071	530	541	-0.015	0.094
MA0484.2	HNF4G	239424.3	270726.5	292148.8	-1.42	0.15	0.76	1047	529	518	0.007	-0.024
MA1142.1	FOSL1::JUND	159110.0	183843.5	199243.5	-0.45	0.11	1.27	862	455	407	0.061	0.014
MA0900.1	HOXA2	136112.9	154227.0	171501.4	-1.78	-0.41	0.64	799	399	400	-0.003	-0.066
MA0479.1	FOXH1	154158.4	177143.5	195314.7	-1.41	-0.16	0.64	848	416	432	-0.015	-0.038
MA1120.1	SOX13	187115.0	210856.0	233272.8	-2.43	-0.7	-0.03	941	440	501	-0.05	-0.044
MA0092.1	Hand1::Tcf3	131154.2	150622.0	170583.4	-3.39	-1.21	-0.11	807	377	430	-0.124	-0.075
MA0147.1	Myc	200578.1	224235.0	249419.5	-0.1	0.74	2.63	971	507	464	0.079	0.065
MA0662.1	MIXL1	117327.0	134758.5	150430.1	-2.07	0.43	0.94	748	381	367	0.012	-0.086
MA0018.3	CREB1	206453.9	232706.0	259466.2	-0.21	1.06	3.2	996	517	479	0.052	0.112
MA0830.2	TCF4	246776.9	278322.5	305372.9	-0.27	0.38	1.81	1070	559	511	0.053	0.021
MA0833.2	ATF4	281094.8	313373.0	347805.7	-0.0	1.14	3.25	1155	605	550	0.05	0.088
MA1467.1	ATOH1(var.2)	108360.3	124836.5	138778.6	-0.49	0.39	1.95	719	369	350	0.043	0.069
MA0052.3	MEF2A	70240.0	82784.5	92887.6	-1.8	-0.28	0.46	584	279	305	-0.04	-0.037
MA0058.3	MAX	182304.9	207040.5	228457.7	-0.43	0.68	2.39	932	476	456	0.027	0.081
MA0143.2	Sox2	242373.6	275569.5	295516.6	-0.89	0.01	1.02	1050	529	521	0.016	0.002
MA0038.2	GFI1	198887.0	224771.0	249029.2	-2.23	-0.58	0.14	968	462	506	-0.024	-0.074
MA0112.1	ESR1	356132.9	396721.5	428624.2	-1.8	-0.32	0.52	1274	636	638	-0.004	-0.03
MA0681.2	PHOX2B	99474.8	114083.5	131119.9	-2.71	-0.86	0.05	698	329	369	-0.051	-0.071
MA0018.4	CREB1	214730.5	242320.5	266521.1	-0.23	0.55	2.2	1004	521	483	0.014	0.061
MA1110.1	NR1H4	189382.9	213469.5	234126.1	-0.5	0.45	2.07	940	474	466	0.015	0.079
MA1151.1	RORC	232141.5	260340.0	288244.8	-0.49	0.99	3.07	1051	537	514	0.069	0.077
MA0114.3	Hnf4a	277864.0	308246.0	336679.3	-2.12	-0.55	0.61	1131	561	570	-0.005	-0.109
MA0822.1	HES7	127476.9	147342.0	162273.6	-1.47	-0.2	0.24	775	367	408	-0.045	-0.017
MA1127.1	FOSB::JUN	180319.6	204325.0	228738.7	-0.01	1.31	3.42	939	495	444	0.108	0.129
MA1642.1	NEUROG2(var.2)	256580.6	291596.5	312572.2	-1.14	-0.05	0.91	1082	527	555	-0.029	-0.02
MA1107.2	KLF9	397329.9	436272.0	473995.7	-0.18	0.74	2.53	1349	695	654	0.035	0.05
MA0777.1	MYBL2	242488.8	271154.5	296157.5	-1.6	-0.31	0.18	1054	502	552	-0.091	-0.021
MA0063.1	Nkx2-5	69031.5	81573.0	90950.5	-0.82	0.12	1.39	575	292	283	0.033	0.0
MA1575.1	THRB(var.2)	365055.9	408132.0	432781.5	-1.04	0.03	0.96	1279	651	628	0.016	-0.009
MA0806.1	TBX4	117435.0	132480.0	150706.3	-4.41	-2.08	-0.45	771	348	423	-0.212	-0.162
MA0908.1	HOXD11	92027.5	106126.5	121447.4	-3.32	-1.35	0.05	682	321	361	-0.101	-0.143
MA1620.1	Ptf1a(var.3)	216960.2	248240.5	266781.3	-1.04	-0.02	1.0	997	495	502	-0.004	0.014
MA0495.1	MAFF	386481.2	430193.5	459413.5	-0.59	0.24	1.57	1323	676	647	0.053	0.039
MA0476.1	FOS	148581.5	172130.0	188008.5	-1.28	0.08	0.81	833	417	416	0.006	0.02
MA0674.1	NKX6-1	84299.4	100090.5	110322.2	-0.95	0.02	1.04	633	329	304	0.056	-0.016
MA0791.1	POU4F3	181195.8	204268.5	226591.3	-2.22	-0.57	0.32	923	448	475	-0.027	-0.054
MA1622.1	Smad2::Smad3	262847.5	297405.0	323930.0	-1.58	-0.19	0.51	1099	532	567	-0.033	0.011
MA0606.1	NFAT5	121947.7	139711.0	157294.3	-2.02	-0.49	0.44	763	374	389	-0.011	-0.059
MA0760.1	ERF	210599.0	236901.0	264858.3	-0.77	1.22	3.18	1008	514	494	0.066	0.146
MA0072.1	RORA(var.2)	182785.4	206075.0	227887.2	-0.15	0.61	2.35	928	487	441	0.14	0.069
MA1545.1	OVOL2	309368.1	345741.0	375485.2	-0.57	-0.33	1.93	1190	593	597	-0.001	0.051
MA1513.1	KLF15	191189.5	215769.0	238265.3	-0.37	0.45	1.95	945	487	458	0.127	0.069
MA0157.2	FOXO3	67037.2	79815.0	88833.8	-0.8	0.1	1.18	568	287	281	0.034	0.027
MA1634.1	BATF	159218.6	181757.5	199667.8	-0.43	0.25	1.5	862	445	417	0.042	0.026
MA0840.1	Creb5	164219.8	184282.0	208067.4	0.12	1.44	3.66	895	479	416	0.049	0.158
MA0699.1	LBX2	134135.2	153756.0	170452.2	-2.14	0.45	0.74	799	401	398	0.003	-0.07
MA0493.1	Klf1	194534.8	222175.0	239215.3	-0.92	-0.02	0.99	943	471	472	-0.004	-0.017
MA0483.1	Gfi1b	171287.9	194436.5	216971.2	-1.96	-0.4	0.35	896	436	460	-0.06	-0.047
MA0751.1	ZIC4	373165.6	412575.5	442149.4	-0.71	-0.22	1.49	1295	639	656	-0.016	0.034
MA0499.1	Myod1	177790.4	202168.0	222353.0	-0.72	-0.2	1.49	907	447	460	-0.017	0.048
MA0158.1	HOXA5	102142.1	117638.5	132900.5	-0.09	0.59	2.17	703	371	332	0.097	0.062
MA1129.1	FOSL1::JUN(var.2)	168428.9	191603.5	214722.1	0.09	1.21	3.29	908	486	422	0.111	0.106
MA0642.1	EN2	142861.3	164370.5	180434.1	-1.56	-0.19	0.67	818	401	417	-0.034	-0.048
MA0060.2	NFYA	489286.2	539179.0	583131.7	-0.19	0.51	2.08	1491	769	722	0.021	0.053
MA0603.1	Arntl	186042.8	211817.5	231853.6	-0.62	0.24	1.55	930	466	464	0.009	0.036
MA0907.1	HOXC13	119556.0	137689.5	154383.4	-2.13	-0.47	0.15	757	359	398	-0.022	-0.069
MA0164.1	Nr2e3	34549.7	41896.5	48919.2	-2.18	-0.56	0.34	422	201	221	-0.061	-0.128
MA0093.3	USF1	269689.8	300948.0	333330.6	0.02	0.87	2.66	1126	591	535	0.036	0.052
MA0593.1	FOXP2	101313.5	118979.5	133835.9	-1.56	-0.27	0.34	699	330	369	-0.017	-0.039
MA1592.1	ZNF274	437819.8	483316.0	520430.8	-0.37	0.42	1.92	1409	725	684	0.009	0.037
MA0697.1	ZIC3	304795.8	339687.5	367731.2	-0.47	0.28	1.53	1178	596	582	0.065	0.049
MA0113.1	NR3C1	358290.3	396885.0	429942.6	-1.89	-0.4	0.47	1277	630	647	-0.038	-0.041
MA0145.2	Tcfcp2l1	278892.6	309439.0	338318.1	-0.46	0.41	1.8	1129	574	555	0.058	0.035
MA0648.1	GSC	138113.3	159570.5	173549.7	-1.07	-0.03	0.87	800	395	405	-0.016	0.014
MA0717.1	RAX2	84897.6	99000.5	111993.8	-2.54	-0.65	0.17	647	307	340	-0.034	-0.094
MA0592.2	Esrra	148878.8	168648.0	189349.0	-3.29	-1.21	-0.14	853	388	465	-0.147	-0.116
MA0776.1	MYBL1	196050.9	222374.0	250373.2	-4.05	-1.65	-0.32	985	452	533	-0.093	-0.114
MA1647.1	PRDM4	173819.8	197709.5	215960.1	-1.17	-0.12	0.75	894	438	456	-0.023	-0.003
MA1112.2	NR4A1	197437.7	224251.5	245113.1	-1.56	-0.22	-0.01	956	452	504	-0.035	-0.005
MA0117.2	Mafb	203892.5	230876.0	252222.2	-0.48	0.34	1.78	974	494	480	0.021	0.032
MA0889.1	GBX1	123982.0	142871.5	160891.3	-2.5	-0.68	0.34	776	377	399	-0.025	-0.092
MA0114.2	HNF4A	289811.4	328848.5	352001.5	-1.08	0.07	1.05	1150	592	558	0.016	-0.033
MA1585.1	ZKSCAN1	161591.8	183393.0	204536.4	-0.61	0.69	2.6	878	444	434	0.005	0.086
MA1517.1	KLF6	219570.6	250499.0	269468.0	-1.11	-0.05	0.82	1003	497	506	-0.02	0.013
MA1494.1	HNF4A(var.2)	213124.2	240131.5	260406.4	-1.72	-0.33	0.54	993	496	497	-0.006	-0.068
MA0756.1	ONECUT2	123968.8	141591.0	159930.4	-3.78	-1.46	-0.11	787	368	419	-0.083	-0.141
MA1143.1	FOSL1::JUND(var.2)	204729.9	229527.5	255736.6	-0.11	1.05	2.88	989	517	472	0.032	0.087
MA0869.1	Sox11	71629.2	83760.0	94945.4	-0.18	0.61	2.31	595	312	283	0.169	0.058
MA0047.1	Foxa2	149990.8	173525.5	187606.2	-0.98	-0.01	1.1	833	407	426	-0.058	0.019
MA0864.2	E2F2	466148.2	512499.5	554913.7	-0.35	0.81	2.7	1463	750	713	0.015	0.068
MA0517.1	STAT1::STAT2	234936.6	261358.5	292152.9	0.9	2.74	5.65	1083	589	494	0.117	0.178
MA0600.1	RFX2	515898.1	562620.0	613568.7	0.13	1.49	3.63	1549	809	740	0.072	0.068
MA1637.1	EBF3	216424.0	242718.5	270599.8	0.0	1.27	3.38	1021	537	484	0.064	0.15
MA0080.1	SPI1	69681.4	80811.5	93509.4	0.45	1.85	4.27	604	331	273	0.126	0.178
MA0088.1	znf143	586465.3	643617.5	681303.9	-0.9	0.08	1.23	1609	805	804	0.0	0.013
MA0496.3	MAFK	300697.1	332767.0	366102.7	0.11	1.16	3.23	1190	635	555	0.107	0.068
MA0664.1	MLXIPL	178578.8	203191.0	224137.0	-0.26	0.51	2.11	919	482	437	0.058	0.056
MA0874.1	Arx	199531.4	224951.0	244005.0	-1.49	-0.21	0.61	957	478	479	-0.001	-0.021
MA0880.1	Dlx3	83145.5	97266.5	109090.1	-2.01	0.41	0.82	636	322	314	0.025	-0.088
MA0014.1	Pax5	611926.7	669202.5	713337.2	-1.85	-0.36	0.58	1654	819	835	-0.021	-0.042
MA0105.1	NFKB1	144880.5	166143.5	181918.4	-1.4	0.15	0.63	821	411	410	0.001	-0.018
MA1562.1	SOX14	169537.9	190893.0	213276.0	-2.43	-0.67	0.21	895	430	465	-0.108	-0.065
MA0732.1	EGR3	333365.9	370905.5	399130.0	-0.75	0.1	1.24	1223	618	605	0.021	0.033
MA0516.2	SP2	427153.1	468359.0	508919.9	-0.15	0.95	2.81	1403	725	678	0.059	0.088
MA0151.1	Arid3a	24680.8	30520.5	36683.6	-4.38	-1.89	-0.43	378	165	213	-0.383	-0.241
MA0659.2	MAFG	269550.4	307134.5	328296.8	-0.93	0.04	1.19	1110	563	547	0.018	-0.005
MA0703.1	LMX1B	72277.0	84726.5	97153.8	-2.97	-0.97	0.08	605	285	320	-0.025	-0.102
MA0525.2	TP63	126250.0	145207.5	162882.3	-0.36	0.54	2.15	779	400	379	0.06	0.085
MA0014.2	PAX5	571472.4	622273.0	665251.7	-0.66	-0.31	1.68	1593	793	800	-0.007	0.038
MA1631.1	ASCL1(var.2)	236572.7	263728.0	291325.7	-0.16	0.74	2.54	1052	549	503	0.054	0.047
MA0490.1	JUNB	152055.1	173310.0	190681.3	-0.67	0.25	1.48	842	422	420	0.017	0.093
MA1537.1	NR2F1(var.2)	289763.7	324282.0	351563.2	-1.53	-0.2	0.62	1148	570	578	-0.01	-0.051
MA0712.2	OTX2	195024.2	221082.5	243518.9	-1.52	-0.21	0.56	949	466	483	-0.026	-0.037
MA1476.1	DLX5	75150.5	88003.0	98818.8	-1.71	-0.32	0.63	603	301	302	-0.0	-0.126
MA0143.1	Sox2	243424.3	277528.5	296160.4	-1.12	0.02	0.89	1054	529	525	0.015	0.003
MA0845.1	FOXB1	110905.4	127475.0	146517.1	-0.32	0.9	2.73	738	382	356	0.069	0.099
MA1123.2	TWIST1	265266.7	296505.0	327223.8	-0.49	0.47	1.97	1107	559	548	0.021	0.066
MA0090.2	TEAD1	171053.9	193035.0	216068.7	-3.11	-1.09	0.14	909	434	475	-0.072	-0.097
MA0076.1	ELK4	153180.2	173934.5	196106.4	0.28	1.56	3.86	872	477	395	0.234	0.165
MA1567.1	TBX6	165941.6	186376.5	209462.8	-5.36	-2.5	-0.7	916	414	502	-0.119	-0.14
MA1146.1	NR1H4::RXRA	350850.7	390600.0	417072.7	-1.03	0.03	0.9	1251	636	615	0.025	-0.006
MA0066.1	PPARG	443297.8	488284.0	530174.7	-0.66	1.19	3.41	1438	735	703	0.093	0.092
MA0111.1	Spz1	196792.4	222303.5	245406.8	-2.11	-0.51	0.42	961	472	489	-0.044	-0.063
MA0623.1	Neurog1	188857.3	214302.5	235761.2	-0.74	-0.2	1.44	934	460	474	-0.028	0.02
MA0148.4	FOXA1	165618.9	190402.5	207327.9	-1.25	-0.08	0.74	876	434	442	-0.007	-0.006
MA0084.1	SRY	83882.6	98884.5	111039.1	-1.5	0.19	0.7	635	318	317	0.0	-0.046
MA0873.1	HOXD12	142473.5	162044.5	182292.6	-2.81	-0.93	0.06	831	392	439	-0.037	-0.097
MA0046.1	HNF1A	133081.8	152040.5	170169.9	-0.25	0.39	1.9	793	414	379	0.118	0.055
MA0641.1	ELF4	249754.5	279237.0	312941.4	1.3	3.46	6.8	1128	613	515	0.142	0.221
MA0865.1	E2F8	182085.0	207344.5	228505.1	-1.73	-0.27	0.56	921	454	467	-0.031	-0.063
MA0136.2	ELF5	223203.2	250006.5	276064.4	0.95	2.75	5.77	1060	584	476	0.146	0.195
MA0782.2	PKNOX1	311730.4	352585.5	375734.7	-1.07	-0.03	1.0	1189	582	607	-0.021	0.005
MA0080.4	SPI1	179327.9	201554.0	225402.2	1.84	4.63	8.62	977	543	434	0.202	0.32
MA0821.1	HES5	149739.3	174602.0	189099.0	-0.95	0.02	1.0	836	418	418	0.0	-0.002
MA0481.2	FOXP1	165958.5	191617.0	207512.0	-0.98	-0.02	1.04	876	431	445	-0.03	0.004
MA0768.1	LEF1	257502.0	286424.0	317752.3	-0.1	1.5	3.63	1112	580	532	0.114	0.099
MA1507.1	HOXD4	87082.7	102099.5	113656.8	-1.52	0.21	0.79	646	330	316	0.033	-0.074
MA1561.1	SOX12	206855.8	232295.0	256894.4	-2.36	-0.7	0.44	987	483	504	-0.059	-0.07
MA0486.1	HSF1	316619.7	352504.5	388325.5	-3.16	-1.1	0.16	1223	589	634	-0.083	-0.087
MA0782.1	PKNOX1	94404.7	109668.5	124683.9	-2.53	-0.73	0.29	682	328	354	-0.017	-0.139
MA0513.1	SMAD2::SMAD3::SMAD4	260847.3	293730.5	315622.6	-1.3	0.11	0.74	1089	556	533	0.014	-0.054
MA0668.1	NEUROD2	179206.3	204631.0	224164.7	-0.57	0.18	1.41	912	469	443	0.038	0.009
MA0912.2	HOXD3	77005.6	90327.5	101861.8	-1.97	-0.41	0.55	613	304	309	-0.036	-0.09
MA0901.2	HOXB13	147051.4	168197.0	185079.8	-1.65	-0.3	0.5	831	406	425	-0.035	-0.045
MA0851.1	Foxj3	250889.1	281662.5	304954.1	-1.35	0.2	0.95	1070	550	520	0.046	-0.046
MA0007.2	AR	295424.0	329866.5	355368.7	-1.5	-0.18	0.59	1157	569	588	-0.012	-0.042
MA1547.1	PITX2	80153.9	94465.0	106670.8	-1.79	-0.3	0.52	624	307	317	-0.017	-0.063
MA0701.1	LHX9	91183.0	106837.0	117041.8	-0.9	0.04	1.05	655	339	316	0.056	-0.044
MA0073.1	RREB1	349096.7	391295.5	416968.2	-1.14	-0.02	0.92	1252	624	628	-0.012	0.002
MA0047.2	Foxa2	139002.8	158691.5	175596.7	-0.61	0.26	1.63	806	408	398	0.033	0.033
MA1579.1	ZBTB26	278232.4	309836.5	342708.5	-5.5	-2.59	-0.67	1174	545	629	-0.04	-0.134
MA1627.1	Wt1	288458.2	322716.5	346708.1	-1.33	0.13	0.73	1142	573	569	0.011	-0.011
MA0788.1	POU3F3	139262.8	158543.0	175493.9	-1.39	-0.21	0.55	804	398	406	-0.014	-0.027
MA1530.1	NKX6-3	104915.1	121239.0	134339.6	-1.37	-0.19	0.59	703	337	366	-0.029	-0.036
MA0677.1	Nr2f6	273093.8	308179.5	333091.9	-0.73	-0.13	1.31	1116	555	561	-0.009	0.004
MA1639.1	MEIS1(var.2)	182622.9	209416.5	227236.5	-1.1	0.07	0.86	918	467	451	0.024	-0.042
MA1489.1	FOXN3	9292.6	12446.0	14653.7	-0.9	0.02	1.13	223	116	107	1.811	0.104
MA0609.2	CREM	380513.9	418992.0	457460.8	-0.07	1.25	3.33	1335	694	641	0.019	0.09
MA0521.1	Tcf12	119586.4	136908.5	155736.2	-0.22	0.83	2.67	763	396	367	0.095	0.095
MA1472.1	BHLHA15(var.2)	134398.0	152665.5	171612.9	-0.19	0.69	2.34	802	420	382	0.055	0.057
MA0040.1	Foxq1	91881.7	107820.0	117773.0	-0.83	0.07	1.28	659	336	323	0.042	0.005
MA0047.3	FOXA2	133814.8	153235.5	171091.5	-1.97	-0.43	0.26	797	379	418	-0.028	-0.012
MA0003.2	TFAP2A	276828.0	305644.5	337281.3	-0.39	1.2	3.21	1142	588	554	0.041	0.088
MA0605.2	ATF3	108183.0	123894.0	140259.6	-0.04	1.5	3.74	738	391	347	0.1	0.189
MA0893.2	GSX2	93305.6	109402.0	123177.8	-1.55	-0.26	0.64	670	334	336	-0.013	-0.04
MA0868.2	SOX8	146014.0	167397.0	184221.4	-1.31	-0.15	0.75	824	411	413	-0.001	-0.032
MA0259.1	ARNT::HIF1A	172118.9	198067.5	212886.6	-1.22	0.07	0.84	893	455	438	0.031	-0.023
MA1608.1	Isl1	163770.5	186065.5	203321.7	-1.55	0.25	0.7	872	442	430	0.034	-0.071
MA0113.3	NR3C1	232286.1	259130.5	284063.8	-1.83	-0.42	0.28	1034	494	540	-0.034	-0.034
MA0815.1	TFAP2C(var.3)	202787.3	229767.5	254593.1	-0.29	1.17	3.02	992	514	478	0.039	0.128
MA0056.2	MZF1	269420.2	301202.0	324930.4	-0.74	-0.14	1.34	1104	547	557	-0.007	0.031
MA0495.3	MAFF	290256.0	325951.0	347960.5	-0.86	-0.05	1.17	1144	570	574	-0.008	-0.003
MA0906.1	HOXC12	132943.8	151413.0	170919.1	-2.7	-0.84	0.46	802	391	411	-0.012	-0.105
MA0728.1	Nr2f6(var.2)	150845.8	172763.5	190764.0	-1.5	-0.23	0.54	840	403	437	-0.104	-0.037
MA1555.1	RXRB(var.2)	255975.8	286726.0	316752.3	-0.38	0.69	2.56	1095	559	536	0.051	0.057
MA0468.1	DUX4	114942.4	132085.0	147565.0	-1.78	-0.3	0.56	737	368	369	-0.001	-0.05
MA0104.2	Mycn	197618.9	223069.0	248610.2	0.04	1.14	3.46	977	515	462	0.105	0.088
MA0911.1	Hoxa11	169842.2	192989.5	214000.6	-1.95	-0.44	0.62	894	445	449	-0.011	-0.075
MA1104.2	GATA6	197598.6	221830.0	247116.0	-2.7	-0.88	0.12	969	464	505	-0.058	-0.059
MA0107.1	RELA	148045.8	167941.0	186140.4	-1.68	-0.32	0.41	831	400	431	-0.124	-0.052
MA0116.1	Znf423	286984.4	324974.0	345720.1	-0.91	0.04	1.13	1142	575	567	0.022	0.025
MA0759.1	ELK3	199223.8	225180.0	253558.7	0.5	2.22	4.89	1000	530	470	0.14	0.189
MA0749.1	ZBED1	160886.2	184123.5	200827.0	-0.65	0.2	1.5	866	438	428	0.005	0.011
MA0484.1	HNF4G	306171.4	345238.5	371962.7	-1.35	0.13	0.84	1181	600	581	0.016	-0.04
MA1535.1	NR2C1	143211.3	163136.5	180308.2	-2.09	-0.54	0.31	825	398	427	-0.03	-0.039
MA0671.1	NFIX	106215.3	123030.0	137499.7	-0.17	0.6	2.27	719	381	338	0.031	0.043
MA1140.2	JUNB(var.2)	145874.0	165979.0	186560.1	0.35	2.13	4.81	861	457	404	0.084	0.223
MA1520.1	MAF	305907.1	340068.5	370861.7	-0.36	0.47	2.06	1185	605	580	0.036	0.053
MA0138.2	REST	463664.8	507323.0	555348.8	-0.19	1.3	3.41	1468	760	708	0.052	0.104
MA0798.1	RFX3	305327.1	338716.0	368534.4	-0.41	0.45	1.95	1182	608	574	0.045	0.021
MA0527.1	ZBTB33	373395.0	419246.5	444425.3	-1.17	-0.03	0.85	1296	647	649	-0.012	0.003
MA1479.1	DMRTC2	185945.4	208927.5	231058.6	-2.48	-0.76	0.03	938	445	493	-0.08	-0.061
MA0098.1	ETS1	60842.9	71760.5	82797.1	0.08	1.25	3.25	562	306	256	0.16	0.148
MA0525.1	TP63	593442.8	647379.5	695109.1	-0.63	0.67	2.52	1638	823	815	0.006	0.054
MA1593.1	ZNF317	195767.0	224923.0	244874.4	-1.07	0.02	0.88	949	481	468	0.02	-0.011
MA0829.2	SREBF1(var.2)	283344.3	318696.0	338366.4	-0.99	0.01	1.0	1129	570	559	0.009	-0.009
MA0505.1	Nr5a2	273954.9	304546.5	332679.9	-1.65	-0.38	0.43	1119	547	572	-0.012	-0.047
MA0665.1	MSC	126060.1	143540.0	161638.5	-0.34	0.52	2.2	774	397	377	0.087	0.08
MA0696.1	ZIC1	287953.2	324661.0	351180.0	-0.64	0.14	1.36	1146	589	557	0.027	0.032
MA1645.1	NKX2-2	271621.0	303005.5	334101.5	-2.69	-0.84	0.03	1129	539	590	-0.034	-0.058
MA0773.1	MEF2D	70743.0	82415.0	93223.5	-1.78	-0.38	0.36	585	283	302	-0.014	-0.069
MA0161.1	NFIC	49737.1	61371.0	68410.2	-0.85	0.06	1.25	497	251	246	0.007	0.019
MA1505.1	HOXC8	97656.3	114456.5	129635.0	-1.93	-0.4	0.45	689	340	349	-0.035	-0.047
MA0154.3	EBF1	254733.3	287057.5	307269.8	-0.86	-0.12	1.42	1077	537	540	-0.004	0.051
MA1565.1	TBX18	216858.4	243957.5	272442.9	-4.09	-1.67	-0.25	1031	482	549	-0.086	-0.106
MA0112.3	ESR1	240695.5	269682.5	295693.2	-2.02	-0.46	0.29	1056	506	550	-0.078	-0.037
MA0060.1	NFYA	363913.4	407853.5	436912.0	-1.16	0.04	0.98	1279	650	629	0.025	-0.017
MA0842.2	NRL	216164.6	244951.5	265455.1	-0.61	0.2	1.36	998	512	486	0.037	0.027
MA0779.1	PAX1	373654.7	415666.5	444028.8	-1.31	-0.11	0.66	1295	623	672	-0.017	0.004
MA0062.2	Gabpa	213427.9	239864.5	264452.9	1.63	3.86	7.29	1053	571	482	0.119	0.261
MA0894.1	HESX1	107138.8	123373.0	139041.4	-2.45	-0.65	0.41	721	350	371	-0.028	-0.102
MA0466.2	CEBPB	152456.0	172424.0	195496.5	0.27	1.86	4.34	873	468	405	0.089	0.139
MA0875.1	BARX1	82610.6	98196.0	110456.2	-1.7	0.26	0.78	635	326	309	0.04	-0.076
MA0887.1	EVX1	131675.2	152024.5	168575.7	-1.8	-0.36	0.54	792	394	398	-0.01	-0.049
MA1607.1	Foxl2	198114.0	223903.0	246207.7	-0.47	0.33	1.81	959	487	472	0.036	0.032
MA0627.1	Pou2f3	208498.6	234619.5	258490.2	-0.46	0.38	1.74	983	501	482	0.059	0.045
MA1504.1	HOXC4	92947.7	109374.0	121534.0	-1.44	0.13	0.96	666	346	320	0.028	-0.066
MA0848.1	FOXO4	50357.5	61232.0	67305.8	-0.98	-0.02	0.93	495	235	260	-0.047	0.021
MA0693.1	Vdr	249991.3	279208.0	302056.0	-0.77	0.19	1.58	1065	539	526	0.005	0.004
MA0849.1	FOXO6	43941.0	53159.5	60241.7	-0.7	0.17	1.46	466	235	231	0.004	0.033
MA0137.3	STAT1	125762.8	143568.5	163458.6	-5.1	-2.48	-0.66	807	360	447	-0.079	-0.176
MA1139.1	FOSL2::JUNB(var.2)	177914.3	202277.5	225999.2	0.06	1.23	3.46	933	499	434	0.124	0.125
MA1600.1	ZNF684	471652.5	522033.0	555857.0	-1.34	-0.11	0.73	1451	714	737	-0.023	-0.022
MA0831.1	TFE3	172528.8	194935.0	218073.0	0.35	1.8	4.38	926	495	431	0.104	0.095
MA0801.1	MGA	111815.3	127861.0	144961.7	-5.52	-2.56	-0.82	764	351	413	-0.192	-0.191
MA0018.1	CREB1	264435.4	299360.0	323331.6	-1.18	0.08	0.83	1098	556	542	0.021	-0.022
MA0831.2	TFE3	123488.2	141238.5	158365.8	-0.13	0.65	2.35	771	405	366	0.097	0.073
MA0496.1	MAFK	248145.2	278320.5	300908.9	-0.7	0.11	1.22	1060	533	527	0.012	0.023
MA0763.1	ETV3	220977.7	248841.5	276093.7	-0.47	1.91	4.43	1045	544	501	0.123	0.154
MA0139.1	CTCF	510547.1	554960.0	605220.0	2.65	5.42	9.42	1600	860	740	0.168	0.261
MA1493.1	HES6	197993.0	228088.0	246061.6	-1.23	-0.09	0.83	959	474	485	-0.018	-0.013
MA1100.1	ASCL1	199172.8	222999.5	247001.1	-0.09	0.77	2.5	969	509	460	0.056	0.082
MA0093.1	USF1	89263.0	103343.5	117909.8	-0.22	0.57	2.11	659	346	313	0.048	0.087
MA0081.2	SPIB	364001.4	402952.5	442501.6	1.53	3.81	7.17	1352	730	622	0.101	0.211
MA0905.1	HOXC10	101799.5	117248.5	132493.2	-2.84	-0.83	0.48	707	345	362	-0.021	-0.112
MA0839.1	CREB3L1	368947.5	409601.5	440383.8	-0.63	-0.19	1.46	1289	644	645	-0.004	0.044
MA0003.4	TFAP2A	241169.9	270347.0	299049.2	-1.15	-0.87	2.84	1068	532	536	-0.006	0.087
MA0735.1	GLIS1	232461.0	258211.5	284663.2	-0.35	0.48	2.14	1034	534	500	0.009	0.051
MA0631.1	Six3	401174.4	441544.5	484645.5	-2.89	-1.0	-0.01	1364	649	715	-0.11	-0.076
MA0143.3	Sox2	64086.2	74975.5	86599.8	-2.77	-0.86	-0.04	568	258	310	-0.246	-0.104
MA0140.2	GATA1::TAL1	430569.7	474043.0	508822.4	-0.46	0.4	1.87	1395	712	683	0.029	0.016
MA1470.1	BACH2(var.2)	138157.7	156938.5	173842.5	-0.31	0.52	2.05	809	418	391	0.084	0.05
MA0769.2	TCF7	131388.2	150219.5	166956.1	-1.8	0.28	0.65	785	393	392	0.0	-0.068
MA1636.1	CEBPG(var.2)	320821.6	357131.5	385919.7	-0.5	0.27	1.77	1207	619	588	0.037	0.041
MA1559.1	SNAI3	146353.2	169994.0	184433.6	-1.01	-0.09	1.01	828	396	432	-0.038	0.046
MA0625.1	NFATC3	185285.9	210088.5	228576.5	-1.27	0.16	0.67	923	462	461	0.001	-0.025
MA0690.1	TBX21	145825.2	167138.5	189070.7	-7.43	-4.02	-1.67	887	386	501	-0.249	-0.237
MA1542.1	OSR1	165882.9	187909.0	206993.5	-0.53	0.27	1.68	877	446	431	0.038	0.011
MA1512.1	KLF11	232722.9	265251.0	284029.3	-0.96	0.01	0.93	1030	522	508	0.017	-0.003
MA1473.1	CDX4	112135.1	130771.0	145005.4	-1.33	-0.16	0.65	729	361	368	-0.019	-0.017
MA1643.1	NFIB	510252.6	565821.0	594368.8	-0.97	0.03	0.85	1506	758	748	0.017	-0.002
MA0095.1	YY1	49645.2	58967.0	69343.4	-3.36	-1.2	0.35	510	243	267	-0.083	-0.151
MA0162.1	Egr1	230221.6	257978.0	281935.4	-1.47	-0.28	0.36	1027	493	534	-0.114	-0.031
MA1523.1	MSANTD3	150243.8	172537.5	189181.9	-0.64	0.25	1.64	840	420	420	0.002	0.026
MA0852.2	FOXK1	227540.0	257117.5	278988.2	-0.47	0.24	1.58	1024	529	495	0.028	0.022
MA1468.1	ATOH7	167351.4	189217.0	210338.8	-2.17	-0.54	0.26	888	427	461	-0.054	-0.043
MA1546.1	PAX3(var.2)	401788.3	446711.5	476936.1	-1.17	-0.07	0.81	1340	661	679	-0.019	-0.007
MA0028.2	ELK1	221555.0	248437.0	276842.6	0.29	1.66	4.0	1040	561	479	0.098	0.16
MA0442.2	SOX10	126298.6	146011.0	161170.0	-1.41	0.19	0.61	771	386	385	0.001	-0.034
MA0689.1	TBX20	176111.2	199887.0	225852.3	-5.52	-2.6	-0.85	949	418	531	-0.187	-0.171
MA1531.1	NR1D1	343312.5	383424.5	413396.8	-1.61	0.23	0.67	1249	628	621	0.008	-0.044
MA0607.1	Bhlha15	91719.3	108340.0	120423.5	-0.84	-0.11	1.23	662	328	334	-0.036	0.046
MA0079.4	SP1	337455.3	378380.5	403069.0	-0.87	0.04	1.1	1232	619	613	0.009	0.007
MA0042.2	FOXI1	51969.0	62857.5	70375.3	-0.76	0.06	1.09	503	259	244	0.013	-0.005
MA0501.1	MAF::NFE2	286059.2	320371.5	347411.8	-1.35	-0.18	0.56	1140	563	577	-0.034	-0.012
MA0626.1	Npas2	175492.8	201621.5	217587.5	-0.74	0.05	1.05	900	464	436	0.043	-0.005
MA0510.1	RFX5	308945.9	342280.5	382769.0	0.7	2.25	5.03	1227	653	574	0.093	0.134
MA0089.2	NFE2L1	351875.0	395126.0	421253.3	-0.92	0.04	1.07	1259	631	628	0.001	0.034
MA0820.1	FIGLA	161886.0	184508.5	202576.3	-0.41	0.33	1.69	871	452	419	0.042	0.043
MA0899.1	HOXA10	112171.3	128695.0	143199.2	-1.81	-0.43	0.51	731	360	371	-0.013	-0.052
MA0855.1	RXRB	180751.0	205949.5	225710.2	-1.64	-0.24	0.51	917	452	465	-0.005	-0.048
MA0524.1	TFAP2C	269633.6	302732.5	331656.5	-0.69	0.55	2.19	1121	561	560	0.001	0.052
MA0056.1	MZF1	52026.1	62769.5	72122.2	-0.47	0.51	2.08	514	262	252	0.074	0.076
MA0783.1	PKNOX2	126075.8	144592.0	160840.7	-2.13	-0.57	0.6	778	386	392	-0.01	-0.134
MA0591.1	Bach1::Mafk	289931.0	324145.5	358478.6	-0.63	0.95	2.96	1170	596	574	0.087	0.101
MA1599.1	ZNF682	349971.4	385783.5	423244.3	-0.31	0.65	2.3	1267	649	618	0.012	0.054
MA0060.3	NFYA	173991.5	197281.0	220075.7	-2.01	-0.45	0.39	904	442	462	-0.045	-0.057
MA0753.1	ZNF740	196152.8	223306.0	241692.6	-1.07	-0.03	0.91	946	463	483	-0.058	0.004
MA0157.1	FOXO3	82236.3	96597.5	107940.0	-0.6	0.2	1.48	628	321	307	0.054	0.021
MA0522.1	Tcf3	145295.3	165060.5	184643.8	-0.38	0.67	2.42	833	429	404	0.038	0.097
MA1133.1	JUN::JUNB(var.2)	245708.2	273391.0	306132.6	-0.35	1.5	3.96	1087	563	524	0.064	0.123
MA1119.1	SIX2	361785.8	400701.5	432319.9	-0.49	0.31	1.78	1280	652	628	0.035	0.028
MA0654.1	ISX	77764.2	90287.5	102346.4	-1.87	-0.41	0.61	613	304	309	-0.004	-0.109
MA0772.1	IRF7	203570.4	229379.5	254687.7	-0.23	1.26	3.38	993	517	476	0.046	0.125
MA0765.2	ETV5	222648.6	248389.5	275406.8	1.02	3.07	6.11	1061	564	497	0.112	0.179
MA0101.1	REL	158310.2	182297.5	197889.2	-0.87	-0.1	1.21	858	427	431	-0.004	0.027
MA0829.1	Srebf1(var.2)	151395.9	174320.5	193065.7	-0.49	0.34	1.79	847	430	417	0.043	0.066
MA0913.1	Hoxd9	102787.9	118541.0	134547.9	-2.22	-0.65	0.4	707	346	361	-0.043	-0.059
MA0154.4	EBF1	307412.2	341980.5	377829.9	0.07	1.39	3.61	1211	636	575	0.082	0.122
MA0892.1	GSX1	118666.2	136339.0	153115.8	-2.11	-0.46	0.43	753	369	384	-0.033	-0.056
MA0721.1	UNCX	79545.6	93289.5	106375.7	-2.57	-0.69	0.36	629	305	324	-0.033	-0.091
MA0700.1	LHX2	127598.7	149017.0	162360.4	-0.98	-0.01	0.94	772	379	393	-0.013	-0.017
MA1576.1	THRB(var.3)	352742.2	390880.5	427824.8	-0.51	0.86	2.84	1281	652	629	0.059	0.091
MA0148.3	FOXA1	254586.2	289248.0	309538.3	-1.14	0.06	0.84	1078	546	532	0.018	-0.007
MA0799.1	RFX4	332552.8	372108.0	402611.2	-0.27	0.41	1.95	1237	640	597	0.048	0.016
MA1641.1	MYF5	170196.0	193643.0	209686.9	-1.13	-0.07	0.83	883	430	453	-0.013	0.031
MA0792.1	POU5F1B	116673.7	133565.5	149691.6	0.04	0.57	2.16	748	403	345	0.129	0.057
MA0825.1	MNT	177739.2	204188.0	223095.0	-0.72	0.16	1.51	910	469	441	0.009	0.048
MA0062.3	GABPA	292565.0	324937.0	361304.2	0.73	2.56	5.55	1201	649	552	0.041	0.169
MA0113.2	NR3C1	290602.7	325812.0	349653.5	-1.31	-0.14	0.85	1148	570	578	-0.015	-0.02
MA0528.2	ZNF263	205291.8	235718.5	257419.2	-0.76	0.09	1.29	975	500	475	0.023	-0.014
MA0859.1	Rarg	206119.5	234793.0	255798.3	-0.73	0.12	1.27	974	497	477	0.006	0.01
MA0655.1	JDP2	102173.4	117659.0	132935.1	-0.39	0.54	2.17	702	362	340	0.021	0.097
MA1632.1	ATF2	237268.1	265359.0	293284.3	-0.31	0.78	2.54	1056	543	513	0.033	0.092
MA0079.2	SP1	151924.4	172736.5	194373.7	-0.01	1.49	3.82	868	459	409	0.149	0.131
MA0037.2	GATA3	41419.8	49787.0	58322.8	-3.01	-1.08	0.53	468	226	242	-0.154	-0.217
MA1131.1	FOSL2::JUN(var.2)	192140.1	216710.0	243586.2	0.08	1.28	3.32	966	511	455	0.107	0.125
MA0741.1	KLF16	240207.4	270365.5	293770.2	-0.72	-0.16	1.32	1047	522	525	-0.008	0.011
MA0611.1	Dux	55348.4	65895.5	77064.6	-3.95	-1.68	-0.29	545	244	301	-0.191	-0.183
MA0610.1	DMRT3	154905.0	177316.0	194631.2	-1.33	-0.12	0.77	847	416	431	-0.029	-0.019
MA1104.1	GATA6	192656.9	215583.5	239324.6	-3.11	-1.05	-0.09	959	446	513	-0.052	-0.075
MA0724.1	VENTX	98093.3	114000.0	131212.4	-4.01	-1.66	-0.29	711	317	394	-0.159	-0.137
MA0847.2	FOXD2	133812.0	153047.0	172919.4	-2.48	-0.74	0.46	804	393	411	-0.045	-0.07
MA0502.1	NFYB	285177.2	320804.5	344046.1	-0.73	0.09	1.1	1137	570	567	0.009	0.013
MA0858.1	Rarb(var.2)	164412.8	186508.0	206050.8	-1.7	-0.31	0.34	875	415	460	-0.041	-0.018
MA0627.2	POU2F3	168874.2	193132.5	211292.4	-0.74	-0.24	1.64	888	438	450	-0.03	0.061
MA0132.2	PDX1	81030.0	94919.0	107476.6	-2.38	-0.62	0.61	633	313	320	-0.031	-0.109
MA1518.1	LHX1	95106.2	111139.5	125465.5	-1.99	0.48	1.12	681	351	330	0.032	-0.077
MA0830.1	TCF4	153119.7	175590.5	193372.4	-1.63	-0.27	0.53	848	414	434	-0.008	-0.01
MA0100.3	MYB	150031.2	171009.0	191162.0	-0.44	0.64	2.32	847	432	415	0.037	0.076
MA1534.1	NR1I3	115830.6	133954.0	150319.6	-2.49	-0.65	0.2	751	361	390	-0.083	-0.05
MA0144.2	STAT3	131622.3	150715.0	168404.4	-2.06	-0.56	0.45	794	389	405	-0.032	-0.076
MA0661.1	MEOX1	139519.0	159752.5	179092.0	-2.27	-0.64	0.51	819	403	416	-0.026	-0.076
MA0465.2	CDX2	141944.0	162405.5	180561.6	-1.88	-0.34	0.4	818	396	422	-0.032	-0.02
MA1651.1	ZFP42	693859.5	755220.0	813375.2	-0.23	0.53	2.04	1763	906	857	0.015	0.026
MA0878.1	CDX1	85060.1	99624.0	112918.0	-2.32	-0.65	0.19	649	308	341	-0.079	-0.055
MA0890.1	GBX2	112789.3	129564.5	146786.7	-2.79	-0.85	0.3	743	359	384	-0.073	-0.121
MA0847.1	FOXD2	51302.4	62722.5	69772.0	-0.92	0.02	0.98	501	251	250	0.009	-0.014
MA0050.2	IRF1	358782.0	401366.0	439034.7	0.26	1.58	4.03	1314	697	617	0.098	0.135
MA0705.1	Lhx8	68993.3	81516.5	92677.8	-2.15	-0.56	0.57	586	289	297	-0.044	-0.093
MA0790.1	POU4F1	144103.3	165634.0	183452.7	-1.64	-0.31	0.47	825	399	426	-0.056	-0.034
MA1527.1	NFIC(var.2)	310372.5	347965.0	374501.2	-0.65	0.16	1.39	1187	603	584	0.009	0.02
MA0766.1	GATA5	93656.5	109219.5	125239.8	-2.74	-0.85	0.44	683	331	352	-0.043	-0.112
MA0835.2	BATF3	160820.6	183676.5	202784.2	-0.39	0.36	1.86	870	453	417	0.048	0.029
MA0048.1	NHLH1	179679.6	207639.5	225390.0	-1.14	0.04	0.89	913	459	454	0.012	-0.012
MA0043.1	HLF	204031.8	229299.0	254489.4	0.03	0.67	2.39	980	521	459	0.106	0.059
MA1153.1	Smad4	76177.4	88636.0	102551.1	-3.95	-1.73	-0.14	630	292	338	-0.19	-0.195
MA0743.2	SCRT1	380257.9	419982.0	462094.8	-0.5	0.89	2.76	1328	675	653	0.008	0.072
MA1497.1	HOXA6	137110.7	159644.5	173060.4	-0.92	0.01	1.02	799	404	395	0.006	-0.03
MA0464.1	Bhlhe40	181208.5	209964.0	225725.6	-1.02	-0.02	1.04	917	453	464	-0.022	0.008
MA1418.1	IRF3	314777.9	349356.5	382404.0	0.03	1.17	3.21	1219	638	581	0.054	0.099
MA0089.1	MAFG::NFE2L1	59491.4	71078.0	79721.3	-0.92	-0.16	1.21	538	259	279	-0.113	0.054
MA0778.1	NFKB2	216254.8	244047.0	269328.4	-0.44	0.46	2.05	1005	510	495	0.003	0.068
MA0802.1	TBR1	160619.6	181525.0	204267.9	-3.83	-1.53	-0.18	890	410	480	-0.106	-0.12
MA1471.1	BARX2	117723.7	134751.0	152649.6	-3.66	-1.38	-0.17	767	354	413	-0.047	-0.108
MA0103.3	ZEB1	191264.4	215067.0	236676.2	-0.34	0.43	1.95	943	488	455	0.032	0.045
MA0495.2	MAFF	464606.6	510756.5	552264.2	-0.77	-0.53	2.13	1452	724	728	-0.001	0.061
MA0876.1	BSX	95694.2	110500.5	123857.3	-1.8	-0.32	0.47	675	330	345	-0.024	-0.055
MA0683.1	POU4F2	114088.3	132243.0	146382.0	-1.21	-0.1	0.78	731	353	378	-0.017	-0.021
MA0737.1	GLIS3	299595.7	331774.0	361298.6	-0.4	0.28	1.54	1164	608	556	0.109	0.02
MA0727.1	NR3C2	249417.2	280238.5	307044.0	-1.72	-0.36	0.24	1073	517	556	-0.006	-0.035
MA0775.1	MEIS3	91115.0	107276.0	117182.1	-0.88	0.06	1.24	657	335	322	0.021	0.008
MA0461.1	Atoh1	70497.4	83222.5	95391.1	-2.63	-0.71	0.46	595	291	304	-0.156	-0.118
MA1549.1	POU6F1(var.2)	138516.6	156818.0	175498.3	-2.07	-0.49	0.37	808	392	416	-0.032	-0.06
MA0142.1	Pou5f1::Sox2	211392.3	236421.5	263841.0	-2.16	-0.6	0.2	993	476	517	-0.039	-0.071
MA0784.1	POU1F1	163855.1	187382.0	208405.9	-0.33	0.41	1.95	880	453	427	0.045	0.056
MA1550.1	PPARD	319753.2	359263.5	387709.6	-1.67	-0.25	0.49	1210	592	618	-0.024	-0.043
MA0766.2	GATA5	146354.6	166779.0	184775.6	-2.02	-0.46	0.38	832	407	425	-0.031	-0.063
MA0867.1	SOX4	50435.6	61169.5	68365.8	-1.2	-0.08	0.77	497	245	252	-0.025	-0.033
MA1654.1	ZNF16	524168.2	574921.5	615996.5	-1.7	-0.32	0.56	1532	762	770	-0.027	-0.036
MA0464.2	BHLHE40	167942.8	190132.5	212457.6	-0.15	0.74	2.72	895	467	428	0.048	0.094
MA0720.1	Shox2	82751.6	95745.5	107987.0	-1.72	-0.37	0.45	630	310	320	-0.018	-0.103
MA0601.1	Arid3b	63450.2	74607.0	83089.9	-1.35	-0.15	0.68	551	265	286	-0.09	0.004
MA0877.1	Barhl1	121726.4	139937.5	157000.0	-2.14	0.55	0.75	765	384	381	0.006	-0.061
MA1491.1	GLI3	336148.6	375385.5	409357.4	-2.21	-0.55	0.14	1247	597	650	-0.047	-0.04
MA0499.2	MYOD1	220352.8	251104.0	269932.3	-0.88	-0.05	1.09	1004	498	506	-0.003	0.011
MA1116.1	RBPJ	137236.1	157840.0	174647.6	-0.55	0.26	1.64	804	407	397	0.01	0.028
MA1522.1	MAZ	191775.8	218823.0	234178.1	-0.89	-0.02	1.04	936	464	472	-0.01	0.003
MA0722.1	VAX1	99344.8	115482.5	127663.6	-1.29	0.13	0.79	684	343	341	0.008	-0.046
MA0684.1	RUNX3	162259.6	184140.0	206234.6	0.41	2.03	4.62	904	487	417	0.093	0.165
MA0462.1	BATF::JUN	148724.0	172402.0	186557.9	-0.89	-0.05	1.15	832	416	416	-0.008	0.02
MA1121.1	TEAD2	230071.5	258398.5	287931.2	-5.25	-2.4	-0.66	1072	501	571	-0.053	-0.142
MA0052.4	MEF2A	160682.2	184031.0	199987.3	-0.87	0.08	1.14	861	431	430	0.004	0.014
MA0477.2	FOSL1	224213.8	254292.5	275563.7	-0.78	-0.15	1.27	1015	497	518	-0.008	0.048
MA0682.1	Pitx1	82686.0	96372.5	110072.1	-2.15	-0.54	0.48	636	312	324	-0.037	-0.071
MA0789.1	POU3F4	89221.9	104480.0	115515.4	-0.35	0.26	1.81	655	341	314	0.033	0.049
MA0793.1	POU6F2	125623.8	145615.5	159374.5	-1.01	-0.03	0.94	764	376	388	-0.025	0.016
MA0099.3	FOS::JUN	162436.8	187315.5	203034.3	-0.82	0.06	1.26	868	437	431	0.012	0.024
MA0862.1	GMEB2	156964.8	179099.0	198188.7	-1.61	0.29	0.69	857	432	425	0.013	-0.042
MA0027.2	EN1	76637.0	89644.0	102073.5	-1.8	0.38	0.67	610	306	304	0.003	-0.093
MA0017.1	NR2F1	216145.6	244686.5	264571.3	-1.23	0.11	0.85	994	512	482	0.095	-0.044
MA1115.1	POU5F1	161883.1	186413.0	202096.0	-1.11	-0.07	0.88	866	426	440	-0.017	0.011
MA0836.1	CEBPD	142152.2	162320.0	183294.4	0.28	1.68	4.16	845	455	390	0.101	0.134
MA1105.2	GRHL2	208122.2	235519.0	256548.4	-1.43	-0.13	0.74	976	477	499	-0.045	0.017
MA0031.1	FOXD1	63652.4	76543.0	85568.2	-1.19	-0.09	0.39	556	260	296	-0.076	-0.011
MA0135.1	Lhx3	62843.2	75150.0	83020.9	-1.01	-0.03	0.97	549	271	278	-0.024	0.005
MA0708.1	MSX2	84053.3	98264.5	111832.9	-1.93	-0.4	0.58	639	318	321	-0.001	-0.095
MA1683.1	FOXA3	134522.4	153530.0	171098.6	-1.96	-0.4	0.42	797	385	412	-0.031	-0.025
MA0078.1	Sox17	108954.7	127908.5	138714.8	-0.9	-0.0	1.01	715	354	361	-0.038	-0.007
MA0864.1	E2F2	91568.7	108087.5	119713.4	-1.31	-0.1	0.76	661	323	338	-0.029	-0.026
MA0651.1	HOXC11	133643.4	151988.5	173327.5	-3.42	-1.29	-0.1	812	377	435	-0.116	-0.12
MA0149.1	EWSR1-FLI1	47239.8	56487.0	63992.1	-1.63	-0.24	0.47	482	232	250	-0.068	-0.087
MA0832.1	Tcf21	162637.1	186559.5	206401.3	-0.35	0.63	2.33	884	454	430	0.072	0.086
MA1540.1	NR5A1	162257.0	183806.0	204666.5	-2.76	-0.92	-0.06	884	408	476	-0.043	-0.059
MA0043.2	HLF	191345.0	219008.0	235591.1	-0.79	-0.05	1.13	938	469	469	-0.001	0.035
MA0628.1	POU6F1	76163.1	89658.5	102232.0	-2.38	-0.65	0.07	616	289	327	-0.011	-0.064
MA0745.2	SNAI2	248093.7	280514.5	301582.2	-0.84	0.11	1.3	1064	537	527	0.009	0.008
MA1529.1	NHLH2	386556.8	425224.5	459095.0	-1.61	0.3	0.64	1318	662	656	0.003	-0.031
MA0152.1	NFATC2	74660.8	87445.0	101267.9	-2.61	-0.78	0.17	611	291	320	-0.142	-0.11
MA0744.1	SCRT2	226408.6	253542.0	280627.1	-0.11	0.88	2.74	1035	542	493	0.06	0.075
MA0003.1	TFAP2A	128214.6	148142.0	165003.6	-0.22	0.64	2.4	789	411	378	0.032	0.057
MA1516.1	KLF3	225177.2	252294.0	278946.4	-0.2	0.58	2.36	1025	531	494	0.029	0.04
MA0780.1	PAX3	42706.6	52593.0	59685.5	-0.75	0.09	1.29	461	231	230	0.003	0.035
MA1621.1	Rbpjl	283241.7	313012.0	345785.8	-3.02	-0.99	-0.1	1151	536	615	-0.081	-0.026
MA0136.1	ELF5	143148.9	162898.0	183734.3	0.86	2.72	5.69	861	461	400	0.164	0.203
MA0762.1	ETV2	221752.0	249316.0	276468.4	1.22	3.39	6.56	1067	577	490	0.158	0.246
MA0843.1	TEF	103768.6	120489.0	134937.5	-2.21	-0.57	0.36	711	346	365	-0.05	-0.06
MA1655.1	ZNF341	197575.6	221901.0	247098.6	0.18	1.72	4.07	985	519	466	0.03	0.101
MA1137.1	FOSL1::JUNB	241848.0	270477.0	296569.7	-1.78	-0.35	0.46	1054	507	547	-0.051	0.006
MA0725.1	VSX1	79533.5	91889.5	103816.7	-1.97	-0.44	0.44	619	304	315	-0.027	-0.089
MA0767.1	GCM2	219314.6	247018.5	268820.0	-0.42	0.3	1.83	1006	517	489	0.018	0.023
MA0474.1	Erg	161310.2	182768.0	205968.2	0.51	1.98	4.57	900	486	414	0.234	0.174
MA1544.1	OVOL1	282637.9	316816.0	345272.2	-0.69	-0.37	1.85	1141	569	572	-0.007	0.051
MA0131.1	HINFP	244484.1	274118.5	302599.4	-0.18	0.66	2.48	1070	553	517	0.1	0.076
MA0738.1	HIC2	155800.9	177786.0	194979.0	-0.65	0.23	1.48	852	438	414	0.061	-0.007
MA0028.1	ELK1	183013.4	207212.5	229311.1	-0.2	0.75	2.55	934	485	449	0.097	0.081
MA1464.1	ARNT2	171191.9	194735.5	214717.6	-0.52	0.34	1.8	895	450	445	0.006	0.046
MA0488.1	JUN	216463.4	242370.0	269589.3	0.01	1.2	3.3	1019	536	483	0.095	0.113
MA0744.2	SCRT2	349791.7	385316.0	423872.1	0.39	1.85	4.25	1293	689	604	0.079	0.101
MA1604.1	Ebf2	227961.2	255525.0	282258.1	-0.27	0.97	3.11	1041	537	504	0.01	0.129
MA0823.1	HEY1	177993.4	202845.5	224681.3	0.03	0.43	1.95	916	495	421	0.103	0.02
MA0600.2	RFX2	177431.7	202172.5	222069.6	-0.66	0.17	1.46	906	459	447	0.006	0.009
MA0105.4	NFKB1	182940.2	207859.0	230561.2	-0.25	0.57	2.28	931	479	452	0.006	0.087
MA0105.2	NFKB1	126490.1	145804.5	161203.8	-0.51	0.3	1.88	774	393	381	0.047	0.067
MA0826.1	OLIG1	124264.0	142999.5	157835.5	-0.66	0.18	1.41	763	386	377	0.016	0.043
MA1101.1	BACH2	251899.8	284030.5	309366.2	-0.49	0.32	1.86	1079	543	536	0.003	0.059
MA0463.1	Bcl6	211161.2	238212.0	264362.8	-4.65	-1.79	0.31	1021	488	533	-0.116	-0.155
MA0620.2	MITF	381772.8	419580.0	462627.4	0.24	1.59	4.0	1343	717	626	0.055	0.083
MA0522.3	TCF3	200919.1	227629.5	249673.2	-0.34	0.33	1.76	967	502	465	0.027	0.046
MA1656.1	ZNF449	271043.8	302979.5	329509.4	-1.68	-0.26	0.35	1112	533	579	-0.037	0.01
MA0837.1	CEBPE	160711.8	181227.0	203601.2	0.19	1.58	3.97	890	482	408	0.077	0.124
MA0786.1	POU3F1	136854.0	156403.0	173165.8	-1.68	0.28	0.7	801	402	399	0.009	-0.03
MA0657.1	KLF13	505797.6	558535.0	595469.6	-0.75	0.08	1.21	1499	767	732	0.033	0.006
MA1514.1	KLF17	371592.5	415479.5	444631.4	-0.57	0.18	1.43	1298	662	636	0.045	0.027
MA0106.3	TP53	253621.8	283687.5	308010.6	-0.72	-0.15	1.31	1072	533	539	-0.005	0.034
MA0714.1	PITX3	102871.3	118334.5	134896.7	-2.79	-0.93	-0.06	712	329	383	-0.082	-0.09
MA0103.2	ZEB1	110263.8	128315.0	142152.0	-1.33	0.16	0.78	722	365	357	0.036	-0.027
MA0809.2	TEAD4	181130.6	204557.0	228384.7	-4.05	-1.74	-0.34	947	438	509	-0.078	-0.119
MA0713.1	PHOX2A	95999.7	113137.5	124208.9	-1.26	0.12	0.76	677	344	333	0.012	-0.044
MA0785.1	POU2F1	154645.2	177256.0	194538.5	-0.65	0.21	1.5	850	436	414	0.029	0.031
MA0125.1	Nobox	78339.0	91060.0	104668.6	-2.62	-0.93	0.57	626	306	320	-0.073	-0.128
MA0475.1	FLI1	172166.6	195647.0	217825.0	1.27	3.53	6.93	951	533	418	0.304	0.236
MA1475.1	CREB3L4(var.2)	246495.8	274396.5	305366.0	0.54	2.21	4.87	1101	595	506	0.098	0.134
MA0124.2	Nkx3-1	135431.0	153754.0	171023.7	-0.72	-0.34	1.86	796	395	401	-0.008	0.044
MA0038.1	Gfi1	127813.4	147059.5	162548.2	-1.71	-0.36	0.43	779	382	397	-0.027	-0.049
MA0592.1	ESRRA	166576.6	189501.0	212662.8	-3.6	-1.31	0.98	905	445	460	-0.053	-0.14
MA1114.1	PBX3	396564.9	439322.0	475604.8	-0.35	0.55	2.33	1348	693	655	0.05	0.051
MA0879.1	Dlx1	113744.0	133705.5	147117.7	-1.35	0.1	0.75	735	369	366	0.009	-0.061
MA0884.1	DUXA	182018.8	207499.5	227472.4	-2.12	-0.38	0.36	925	445	480	-0.066	-0.029
MA0903.1	HOXB3	115061.4	132388.0	150005.3	-3.0	-0.96	0.35	753	364	389	-0.052	-0.101
MA0080.3	Spi1	293741.1	327063.5	362620.9	0.82	2.91	6.09	1210	636	574	0.053	0.204
MA0857.1	Rarb	119634.8	137920.0	151062.5	-0.69	-0.14	1.39	748	373	375	-0.008	0.05
MA1588.1	ZNF136	218403.9	244314.0	274430.7	-3.05	-1.01	0.08	1019	486	533	-0.075	-0.096
MA0635.1	BARHL2	127314.2	147876.5	161590.6	-1.29	0.11	0.81	773	389	384	0.004	-0.03
MA1536.1	NR2C2(var.2)	110815.4	128358.0	141050.8	-1.5	-0.21	0.64	724	358	366	-0.023	-0.028
MA0516.1	SP2	340993.3	382219.0	409508.2	-0.65	0.14	1.29	1243	622	621	0.009	0.013
MA0159.1	RARA::RXRA	398670.6	445166.5	473553.4	-1.02	0.04	0.91	1336	675	661	0.021	-0.001
MA0719.1	RHOXF1	77009.8	90675.5	100907.8	-1.63	-0.25	0.54	610	298	312	-0.012	-0.068
MA0632.1	Tcfl5	208800.2	236199.5	259763.6	-0.56	0.25	1.56	982	497	485	0.009	0.013
MA0474.2	ERG	200864.0	226687.5	253624.1	1.47	3.62	7.22	1022	561	461	0.175	0.243
MA0523.1	TCF7L2	217733.7	251240.0	269193.6	-1.17	0.02	1.01	1003	508	495	0.004	-0.018
MA0065.2	Pparg::Rxra	339720.2	375223.0	411806.7	-0.37	1.05	3.14	1260	647	613	0.029	0.071
MA0115.1	NR1H2::RXRA	77423.5	89515.5	102794.3	-2.9	-1.0	0.47	622	301	321	-0.107	-0.154
MA0688.1	TBX2	196010.2	219568.0	246974.4	-4.33	-1.97	-0.41	984	448	536	-0.135	-0.117
MA0592.3	ESRRA	214915.8	242299.0	268904.0	-3.55	-1.26	0.12	1020	487	533	-0.041	-0.102
MA0504.1	NR2C2	349382.2	387240.5	417307.6	-1.6	-0.28	0.53	1257	625	632	-0.013	-0.039
MA0914.1	ISL2	101770.6	119010.5	130554.1	-0.92	0.01	1.02	690	357	333	0.055	-0.034
MA0083.1	SRF	150419.3	174226.5	187726.9	-1.06	-0.01	0.81	835	416	419	-0.007	-0.009
MA0140.1	Tal1::Gata1	456835.8	505712.5	538358.8	-1.13	0.05	0.87	1425	715	710	0.008	-0.012
MA1485.1	FERD3L	195724.7	220961.0	246883.7	0.24	1.6	3.8	981	527	454	0.049	0.142
MA0644.1	ESX1	121765.9	140700.5	154098.1	-1.41	0.16	0.76	756	384	372	0.023	-0.064
MA1571.1	TGIF2LX	202649.4	231289.5	249072.1	-1.37	0.08	0.88	965	485	480	0.008	-0.013
MA0081.1	SPIB	80398.2	93195.0	107500.6	1.1	3.59	6.69	667	357	310	0.152	0.302
MA0701.2	LHX9	72078.0	85940.5	94865.4	-1.05	-0.06	0.78	588	287	301	-0.03	-0.042
MA1623.1	Stat2	170631.4	194074.0	217171.2	-0.14	0.97	2.88	909	475	434	0.049	0.091
MA0154.1	EBF1	123750.6	142743.5	160850.4	-0.87	1.45	3.65	790	405	385	0.063	0.17
MA0083.2	SRF	352705.5	395541.5	424206.8	-1.49	0.19	0.68	1267	636	631	0.034	-0.041
MA0804.1	TBX19	361293.1	397289.5	432462.8	-2.87	-0.89	0.63	1292	636	656	-0.014	-0.083
MA1606.1	Foxf1	118734.7	138798.0	151395.6	-1.03	-0.01	1.02	745	364	381	-0.022	-0.007
MA0039.2	Klf4	179374.8	204105.5	224165.2	-0.52	0.3	1.69	915	463	452	0.019	0.045
MA1548.1	PLAGL2	119651.1	137247.5	155031.0	-1.87	-0.4	0.47	754	371	383	-0.065	-0.074
MA0863.1	MTF1	242765.6	270067.5	299478.9	0.05	1.17	3.13	1074	568	506	0.158	0.116
MA1581.1	ZBTB6	196188.3	222255.5	248301.1	0.43	1.85	4.28	988	537	451	0.139	0.097
MA0497.1	MEF2C	166394.2	187984.5	209915.1	-2.66	-0.7	0.22	889	429	460	-0.052	-0.057
MA0141.1	Esrrb	186885.4	213308.0	237168.4	-3.12	-1.05	0.06	954	453	501	-0.049	-0.098
MA0850.1	FOXP3	52801.4	63685.5	71050.7	-1.36	-0.15	0.79	509	253	256	-0.023	-0.03
MA0753.2	ZNF740	247701.7	276369.0	302728.8	-0.57	0.37	1.7	1066	536	530	0.021	0.061
MA0076.2	ELK4	203507.5	228535.5	253278.2	-0.48	2.2	4.8	1007	526	481	0.046	0.203
MA0646.1	GCM1	247160.4	278518.0	300103.6	-0.83	0.15	1.37	1062	542	520	0.031	0.001
MA0893.1	GSX2	116003.8	132469.5	149131.0	-2.46	-0.75	0.26	749	359	390	-0.037	-0.072
MA0667.1	MYF6	124989.4	143691.5	158051.0	-1.52	-0.22	0.56	766	379	387	-0.037	-0.037
MA0854.1	Alx1	216500.2	245819.0	264475.1	-1.22	0.1	0.73	996	500	496	0.009	-0.021
MA0691.1	TFAP4	120357.2	138594.5	152901.4	-0.76	-0.24	1.49	753	371	382	-0.008	0.071
MA1650.1	ZBTB14	294180.6	327754.5	353152.4	-0.53	0.2	1.61	1154	594	560	0.053	0.009
MA0057.1	MZF1(var.2)	175010.5	197062.5	218767.2	-0.31	0.66	2.29	909	469	440	0.087	0.053
MA0510.2	RFX5	155349.5	178801.0	197205.6	0.0	0.34	1.83	858	453	405	0.087	0.019
MA0091.1	TAL1::TCF3	208281.2	234145.0	256771.9	-1.7	-0.29	-0.02	979	458	521	-0.123	-0.015
MA0702.2	LMX1A	40384.5	49861.5	56972.5	-1.67	-0.2	0.54	452	219	233	-0.07	-0.044
MA0594.1	Hoxa9	139821.0	161662.0	177725.4	-1.27	0.1	0.71	808	405	403	0.004	-0.033
MA0463.2	BCL6	344838.7	379975.0	417797.9	-4.29	-1.73	-0.2	1282	609	673	-0.107	-0.116
MA0039.4	KLF4	237306.4	266302.0	290805.6	-0.45	0.32	1.62	1045	540	505	0.065	0.003
MA0896.1	Hmx1	292179.6	327890.0	356801.8	-1.99	-0.36	0.42	1160	568	592	-0.042	-0.043
MA0062.1	GABPA	160970.1	184109.5	206323.7	0.38	1.77	4.33	900	488	412	0.233	0.176
MA0633.1	Twist2	146076.8	167060.0	187509.0	-0.11	0.85	2.65	842	441	401	0.048	0.106
MA0088.2	ZNF143	261055.9	297832.0	319232.2	-0.91	0.02	1.08	1092	550	542	0.016	-0.002
MA1155.1	ZSCAN4	282932.6	313402.0	343232.2	-2.27	-0.57	-0.02	1141	531	610	-0.055	-0.047
MA0675.1	NKX6-2	76012.1	89534.0	101032.1	-1.84	-0.39	0.43	610	301	309	-0.014	-0.058
MA0137.1	STAT1	144310.8	164785.0	185988.9	1.58	3.66	6.92	877	489	388	0.328	0.282
MA0723.1	VAX2	102409.7	118757.0	130507.1	-1.56	0.2	0.67	696	351	345	0.012	-0.043
MA0841.1	NFE2	155595.2	178242.0	199170.7	-0.54	0.58	2.22	863	436	427	0.003	0.106
MA1149.1	RARA::RXRG	503788.7	551879.5	597267.2	-2.71	-0.86	0.23	1519	737	782	-0.057	-0.06
MA1646.1	OSR2	198971.8	227955.0	245956.1	-0.93	0.03	1.16	956	479	477	0.006	-0.01
MA0502.2	NFYB	214366.7	242951.0	264133.5	-1.37	-0.2	0.58	994	486	508	-0.024	-0.016
MA0528.1	ZNF263	501062.2	547521.0	593322.9	0.26	1.7	4.08	1533	810	723	0.075	0.072
MA1154.1	ZNF282	375295.3	411573.0	448178.7	-2.21	-0.64	0.02	1308	624	684	-0.06	-0.063
MA0739.1	Hic1	154456.2	175977.0	195480.4	-0.26	0.44	2.04	854	447	407	0.059	0.055
MA0124.1	NKX3-1	46451.0	55536.5	65092.3	-2.47	-0.62	0.42	486	236	250	-0.07	-0.102
MA0838.1	CEBPG	142727.7	162703.5	182555.3	0.12	1.15	3.35	837	453	384	0.106	0.097
MA0466.1	CEBPB	168341.2	189344.5	210784.7	-0.33	0.42	2.03	885	457	428	0.072	0.052
MA0672.1	NKX2-3	157249.4	178838.0	199875.1	-0.36	0.68	2.33	867	448	419	0.047	0.051
MA0686.1	SPDEF	261248.7	289225.0	322844.2	0.34	1.81	4.2	1123	600	523	0.117	0.16
MA0746.2	SP3	306831.9	344724.5	368356.3	-0.69	0.12	1.35	1180	590	590	0.001	0.023
MA1638.1	HAND2	169904.2	193016.0	214581.8	-0.15	0.55	2.25	897	470	427	0.013	0.06
MA0598.2	EHF	262938.8	296176.0	328656.8	0.34	1.92	4.58	1138	605	533	0.101	0.148
MA0156.2	FEV	202836.4	228071.0	253252.2	1.07	3.22	6.35	1020	554	466	0.103	0.227
MA0897.1	Hmx2	242346.0	269948.0	296202.5	-1.92	-0.45	0.37	1056	515	541	-0.048	-0.045
MA0472.2	EGR2	246281.6	279562.0	298757.8	-1.08	-0.02	0.87	1058	525	533	-0.016	0.006
MA0147.2	Myc	141309.2	162037.5	183649.8	-0.18	1.19	3.29	836	438	398	0.122	0.149
MA0612.2	EMX1	76938.3	89947.5	102174.2	-2.14	-0.55	0.67	615	305	310	-0.031	-0.104
MA0099.2	FOS::JUN	70994.4	84029.0	94648.3	-0.68	-0.27	1.71	588	294	294	-0.0	0.064
MA1147.1	NR4A2::RXRA	344666.2	378847.0	412524.6	-2.12	-0.56	0.34	1253	612	641	-0.057	-0.042
MA1589.1	ZNF140	465336.8	519870.5	548573.2	-1.2	-0.04	1.0	1444	710	734	-0.035	0.006
MA0769.1	Tcf7	156160.2	179189.5	195650.3	-0.74	-0.09	1.29	850	424	426	-0.003	-0.007
MA0629.1	Rhox11	360068.6	401100.5	440065.6	-3.31	-1.22	-0.08	1306	613	693	-0.101	-0.083
MA0827.1	OLIG3	171095.5	195440.0	212276.3	-1.02	0.05	0.92	886	445	441	0.013	-0.009
MA0080.2	SPI1	81364.3	95144.0	109068.7	-0.19	1.72	4.4	652	344	308	0.082	0.197
MA1496.1	HOXA4	96089.3	111826.0	124706.8	-1.23	-0.09	0.76	672	332	340	-0.017	-0.022
MA0018.2	CREB1	116979.2	134428.0	150311.2	-0.54	0.51	2.23	749	379	370	0.033	0.065
MA1500.1	HOXB6	93352.7	110023.5	121149.0	-1.19	-0.08	0.81	666	332	334	-0.008	-0.034
