Merged motif (Total sequences: 13347)	5% stats	Median stats	95% stats	5% p-val	Median p-val	95% p-val	All mutation	Pos mutation	Neg mutation	Median score difference	Mean score difference
Tcfl5$MA0632.1|Hes1$MA1099.1|Mitf$MA0620.1|TFE3$MA0831.2|HES1$MA1099.2|Arntl$MA0603.1|USF2$MA0526.2|TFEC$MA0871.2|BHLHE41$MA0636.1|ARNT2$MA1464.1|BHLHE40$MA0464.2|ARNT::HIF1A$MA0259.1|HES2$MA0616.2|USF1$MA0093.2|TFE3$MA0831.1|TFEB$MA0692.1|MITF$MA0620.2|MLX$MA0663.1|HEY1$MA0823.1|USF2$MA0526.3|TCFL5$MA0632.2|MLXIPL$MA0664.1|HEY2$MA0649.1|SREBF2(var.2)$MA0828.1|NHLH2$MA1529.1|HES5$MA0821.1|USF1$MA0093.3|Srebf1(var.2)$MA0829.1|TFEC$MA0871.1|USF2$MA0526.1|HES7$MA0822.1|HIF1A$MA1106.1|MITF$MA0620.3|Mycn$MA0104.2|SOHLH2$MA1560.1|Arnt$MA0004.1|Creb3l2$MA0608.1|Bhlhe40$MA0464.1|Mycn$MA0104.1|USF1$MA0093.1|Myc$MA0147.1|MNT$MA0825.1|HES6$MA1493.1|NHLH1$MA0048.1|MXI1$MA1108.1|Mlxip$MA0622.1|MAX$MA0058.3|Mycn$MA0104.3|MYC$MA0147.3|MYCN$MA0104.4|MAX$MA0058.1|NHLH1$MA0048.2|BHLHE23$MA0817.1|SREBF1(var.2)$MA0829.2|Hes2$MA0616.1|BHLHE22(var.2)$MA1635.1|Npas2$MA0626.1|ASCL1$MA1100.1|MAX::MYC$MA0059.1|MYOG$MA0500.2|OLIG3$MA0827.1|OLIG1$MA0826.1|Myog$MA0500.1|OLIG2$MA0678.1|Atoh1$MA0461.1|Myod1$MA0499.1|MXI1$MA1108.2|Tcf12$MA0521.1|CLOCK$MA0819.1|FIGLA$MA0820.1|Tcf3$MA0522.1|Atoh1$MA0461.2|MYF5$MA1641.1|SNAI2$MA0745.1|ASCL1$MA1100.2|TCF12(var.2)$MA1648.1|NEUROG2$MA0669.1|Ptf1a(var.2)$MA1619.1|TCF3$MA0522.3|Ascl2$MA0816.1|BHLHE22$MA0818.1|ATOH1(var.2)$MA1467.1|Ptf1a(var.3)$MA1620.1|TAL1::TCF3$MA0091.1|TFAP4$MA0691.1|Bhlha15$MA0607.1|TCF3$MA0522.2|MAX$MA0058.2|NEUROG1$MA0623.2|ASCL1(var.2)$MA1631.1|Rbpjl$MA1621.1|ZBTB18$MA0698.1|Myc$MA0147.2|Ptf1a$MA1618.1|TCF4$MA0830.1|Neurog1$MA0623.1|SNAI2$MA0745.2|BHLHA15(var.2)$MA1472.1|TWIST1$MA1123.1|TWIST1$MA1123.2|SNAI3$MA1559.1|MYOD1$MA0499.2|Twist2$MA0633.1|MYF6$MA0667.1|TCF4$MA0830.2|NEUROD2$MA0668.1|Tcf21$MA0832.1|SNAI1$MA1558.1|NEUROD1$MA1109.1|ATOH7$MA1468.1|TCF21(var.2)$MA1568.1|TFAP4(var.2)$MA1570.1|HAND2$MA1638.1|ZEB1$MA0103.3|MSC$MA0665.1|ZEB1$MA0103.2|MSGN1$MA1524.1|NEUROG2(var.2)$MA1642.1	38697179.75	39420958.88	40090486.64	6.36	10.58	15.35	13018	7164	5854	0.234	0.268
RARA::RXRG$MA1149.1|RARA::RXRA$MA0159.1|RARA(var.2)$MA0730.1|Rarb(var.2)$MA0858.1	40233089.85	40975011.5	41595615.62	1.02	2.74	5.86	13053	6802	6251	0.167	0.135
SP2$MA0516.1|SP1$MA0079.4|KLF5$MA0599.1|SP3$MA0746.2|EGR1$MA0162.2|ZNF263$MA0528.2|KLF15$MA1513.1|Klf4$MA0039.2|SP1$MA0079.3|SP9$MA1564.1|SP1$MA0079.2|KLF16$MA0741.1|KLF3$MA1516.1|TFDP1$MA1122.1|SP4$MA0685.1|ZNF148$MA1653.1|KLF14$MA0740.1|ZBTB14$MA1650.1|KLF2$MA1515.1|SP8$MA0747.1|E2F6$MA0471.2|E2F3$MA0469.1|KLF6$MA1517.1|EGR1$MA0162.4|SP2$MA0516.2|E2F4$MA0470.1|SP3$MA0746.1|MAZ$MA1522.1|KLF11$MA1512.1|KLF4$MA0039.4|Klf1$MA0493.1|KLF10$MA1511.1|Wt1$MA1627.1|Klf12$MA0742.1|ZNF740$MA0753.2|EGR3$MA0732.1|EGR2$MA0472.1|Egr1$MA0162.1|ZNF740$MA0753.1|EGR2$MA0472.2|EGR4$MA0733.1|E2F1$MA0024.2|E2F6$MA0471.1|Znf281$MA1630.1|EGR1$MA0162.3|KLF9$MA1107.2|KLF9$MA1107.1|VEZF1$MA1578.1|KLF4$MA0039.3|KLF13$MA0657.1	37228995.9	37950763.62	38665251.78	18.39	25.21	33.22	13040	7086	5954	0.461	0.566
Mecom$MA0029.1|GATA6$MA1104.2|GATA3$MA0037.2|GATA6$MA1104.1|Gata1$MA0035.3|GATA2$MA0036.2|GATA1$MA0035.4|GATA2$MA0036.3|Gata1$MA0035.2|GATA5$MA0766.1|GATA3$MA0037.3|GATA4$MA0482.2|Gata4$MA0482.1|GATA5$MA0766.2	38097968.25	38813312.04	39528456.42	-18.34	-12.74	-8.2	13046	6017	7029	-0.364	-0.394
JUN::JUNB$MA1132.1|FOS::JUND$MA1141.1|Bach1::Mafk$MA0591.1|FOSL2::JUN$MA1130.1|FOSL1::JUN$MA1128.1|FOS::JUN$MA0099.3|BACH1$MA1633.1|FOSL1::JUNB$MA1137.1|FOSL1$MA0477.1|JUNB$MA0490.1|FOSL2::JUND$MA1144.1|FOSB::JUNB$MA1135.1|FOS::JUNB$MA1134.1|FOS::JUN$MA0099.2|JUND$MA0491.1|FOSL2$MA0478.1|FOSL1::JUND$MA1142.1|FOSL2::JUNB$MA1138.1|JUN::FOS$MA0099.1|FOS$MA0476.1|Nfe2l2$MA0150.2|NFE2L2$MA0150.1|FOSL1$MA0477.2|Smad2::Smad3$MA1622.1|BACH2$MA1101.1|JUND$MA0491.2|MAFK$MA0496.3|BATF$MA1634.1|BATF::JUN$MA0462.2|JUN(var.2)$MA0489.1|JUNB$MA0490.2|NFE2$MA0841.1|MAFA$MA1521.1|NFE2L1$MA0089.2|BATF3$MA0835.2|JDP2$MA0655.1|MAF::NFE2$MA0501.1|NRL$MA0842.1|BATF::JUN$MA0462.1|MAF$MA1520.1|BACH2$MA1101.2|Mafb$MA0117.2|NRL$MA0842.2|MAFG$MA0659.1|MAFK$MA0496.2|MAFK$MA0496.1|MAFF$MA0495.1|MAFF$MA0495.2|MAFG$MA0659.2|MAFF$MA0495.3	37701310.27	38419611.53	39128128.98	15.0	21.01	28.09	13001	7015	5986	0.324	0.351
ATF4$MA0833.1|HLF$MA0043.1|CEBPD$MA0836.1|CEBPB$MA0466.2|CEBPG$MA0838.1|CEBPE$MA0837.1|NFIL3$MA0025.1|HLF$MA0043.2|CEBPB$MA0466.1|ATF4$MA0833.2|CEBPG(var.2)$MA1636.1|CEBPA$MA0102.3|DBP$MA0639.1|NFIL3$MA0025.2|CEBPD$MA0836.2|Cebpa$MA0102.1|CEBPA$MA0102.2|CEBPA$MA0102.4|HLF$MA0043.3|TEF$MA0843.1	40063795.82	40799740.7	41403014.66	1.65	4.28	7.66	13019	6917	6102	0.307	0.296
TBP$MA0108.1|TBP$MA0108.2	35254693.7	35954267.75	36661449.8	-64.9	-53.19	-42.83	13055	5818	7237	-0.384	-0.406
MEIS3$MA0775.1|MEIS1$MA0498.2|MEIS2$MA0774.1	38386887.2	39124475.0	39869981.43	4.57	8.27	13.41	12970	6809	6161	0.127	0.119
TFAP2E$MA1569.1|TFAP2A$MA0003.1|TFAP2A(var.2)$MA0810.1|TFAP2A$MA0003.3|TFAP2C(var.2)$MA0814.2|TFAP2B$MA0811.1|TFAP2C$MA0524.2|TFAP2B(var.2)$MA0812.1|TFAP2A$MA0003.4|TFAP2C(var.2)$MA0814.1|TFAP2A$MA0003.2|TFAP2C$MA0524.1	37842526.06	38555740.54	39289526.43	13.21	19.27	26.37	13005	7040	5965	0.342	0.322
ZNF384$MA1125.1|ONECUT3$MA0757.1|ONECUT2$MA0756.1|HOXB13$MA0901.2|Foxd3$MA0041.1|ONECUT1$MA0679.1|ONECUT1$MA0679.2|Arid3b$MA0601.1|PHOX2B$MA0681.2|FOXP1$MA0481.1|HOXA13$MA0650.1|Hoxd9$MA0913.1|Foxk1$MA0852.1|Foxj3$MA0851.1|HOXD13$MA0909.1|FOXI1$MA0042.1|HOXB13$MA0901.1|FOXC2$MA0846.1|Arid3a$MA0151.1|Hoxd8$MA0910.1|HOXA10$MA0899.1|LMX1B$MA0703.2|PROP1$MA0715.1|POU4F1$MA0790.1|CDX1$MA0878.1|Foxq1$MA0040.1|FOXC1$MA0032.2|HNF1A$MA0046.1|FOXE1$MA1487.1|POU4F3$MA0791.1|Lhx3$MA0135.1|Foxa2$MA0047.1|HOXD9$MA0913.2|CDX2$MA0465.2|POU4F2$MA0683.1|FOXF2$MA0030.1|HNF1A$MA0046.2|HOXC13$MA0907.1|Foxl2$MA1607.1|Hmx3$MA0898.1|CDX2$MA0465.1|Hmx2$MA0897.1|PAX3$MA0780.1|FOXB1$MA0845.1|LMX1B$MA0703.1|PAX7$MA0680.1|CUX2$MA0755.1|mix-a$MA0621.1|PHOX2A$MA0713.1|FOXD2$MA0847.2|MNX1$MA0707.1|Phox2b$MA0681.1|ARGFX$MA1463.1|Foxf1$MA1606.1|HOXD11$MA0908.1|HNF1B$MA0153.2|HOXA13$MA0650.2|LMX1A$MA0702.1|Prrx2$MA0075.1|CUX1$MA0754.1|HNF1B$MA0153.1|FOXK2$MA1103.1|FOXP2$MA0593.1|Dlx1$MA0879.1|CDX4$MA1473.1|Foxj2$MA0614.1|HOXC10$MA0905.1|GSX2$MA0893.1|FOXN3$MA1489.1|LMX1A$MA0702.2|HOXD12$MA0873.1|FOXG1$MA0613.1|HOXC12$MA0906.1|Hoxa11$MA0911.1|FOXP1$MA0481.3|FOXA1$MA0148.4|BARHL2$MA0635.1|FOXK2$MA1103.2|FOXA2$MA0047.3|POU6F1$MA0628.1|HOXC11$MA0651.1|FOXD2$MA0847.1|LHX2$MA0700.2|RAX$MA0718.1|FOXL1$MA0033.2|Arx$MA0874.1|ALX3$MA0634.1|NKX6-2$MA0675.1|CDX1$MA0878.2|Barhl1$MA0877.1|FOXA3$MA1683.1|HOXB9$MA1503.1|HOXD10$MA1506.1|NKX6-1$MA0674.1|FOXA1$MA0148.3|Hmx1$MA0896.1|Hoxd3$MA0912.1|Lhx4$MA0704.1|Alx1$MA0854.1|VSX1$MA0725.1|Pdx1$MA0132.1|SHOX$MA0630.1|HOXC9$MA0485.2|VENTX$MA0724.1|FOXK1$MA0852.2|GSX1$MA0892.1|FOXO3$MA0157.1|Alx4$MA0853.1|VSX2$MA0726.1|PRRX1$MA0716.1|Dlx2$MA0885.1|UNCX$MA0721.1|FOXP3$MA0850.1|PAX4$MA0068.2|HOXD13$MA0909.2|Dlx3$MA0880.1|MIXL1$MA0662.1|FOXO3$MA0157.2|DUX4$MA0468.1|TLX2$MA1577.1|HOXB3$MA0903.1|LBX1$MA0618.1|ISX$MA0654.1|VAX1$MA0722.1|Shox2$MA0720.1|DLX6$MA0882.1|HOXB2$MA0902.1|HESX1$MA0894.1|Prrx2$MA0075.2|NOTO$MA0710.1|ESX1$MA0644.1|LHX5$MA1519.1|Dlx4$MA0881.1|FOXD1$MA0031.1|PRRX2$MA0075.3|Nobox$MA0125.1|DRGX$MA1481.1|NKX6-3$MA1530.1|BARX1$MA0875.1|Foxa2$MA0047.2|RAX2$MA0717.1|DLX5$MA1476.1|PDX1$MA0132.2|Hoxb5$MA0904.1|Msx3$MA0709.1|FOXA1$MA0148.1|FOXO4$MA0848.1|FOXA1$MA0148.2|LHX9$MA0701.1|FOXP1$MA0481.2|HOXB4$MA1499.1|BSX$MA0876.1|FOXI1$MA0042.2|HOXD4$MA1507.1|BARHL1$MA0877.2|GBX2$MA0890.1|VAX2$MA0723.1|LHX9$MA0701.2|HOXC4$MA1504.1|FOXO6$MA0849.1|MSX2$MA0708.1|Foxo1$MA0480.1|Isl1$MA1608.1|EMX1$MA0612.1|HOXA6$MA1497.1|POU6F2$MA0793.1|EMX2$MA0886.1|LHX6$MA0658.1|HOXB6$MA1500.1|LBX2$MA0699.1|EMX1$MA0612.2|LHX2$MA0700.1|HOXA9$MA0594.2|HOXA2$MA0900.2|HOXC8$MA1505.1|MEOX2$MA0706.1|HOXB8$MA1502.1|EN1$MA0027.2|MSX1$MA0666.1|DUXA$MA0884.1|GSX2$MA0893.2|EVX2$MA0888.1|HOXA2$MA0900.1|GBX1$MA0889.1|EN2$MA0642.1|HOXD8$MA0910.2|HOXD3$MA0912.2|EVX1$MA0887.1|HOXB7$MA1501.1|HOXA7$MA1498.1|MEOX1$MA0661.1|POU6F1(var.2)$MA1549.1|LHX1$MA1518.1|HOXA5$MA0158.2|HOXA4$MA1496.1|Lhx8$MA0705.1|HOXA1$MA1495.1|HOXB2$MA0902.2|HOXB5$MA0904.2	37814007.53	38535857.56	39238252.47	-24.75	-18.45	-13.19	13043	5582	7461	-0.841	-0.889
TBX3$MA1566.1|Tbxt$MA0009.1|TBX20$MA0689.1|EOMES$MA0800.1|TBR1$MA0802.1|TBX21$MA0690.1|TBX2$MA0688.1|MGA$MA0801.1|TBX6$MA1567.1|TBX5$MA0807.1|TBX15$MA0803.1|TBX1$MA0805.1|TBX4$MA0806.1|TBX18$MA1565.1	40594274.8	41326715.07	41876067.99	-2.59	-0.72	1.25	13015	6678	6337	0.064	0.073
ZBTB7A$MA0750.1|ZBTB7C$MA0695.1|ZBTB7B$MA0694.1	40174637.03	40885485.0	41627675.37	1.7	4.06	7.36	13037	6744	6293	0.127	0.134
ETV5$MA0765.2|ETV6$MA0645.1|Gabpa$MA0062.2|ELK4$MA0076.2|ZBTB7A$MA0750.2|FLI1$MA0475.1|ELF5$MA0136.2|ETV5$MA0765.1|ELK3$MA0759.1|Ets1$MA0098.2|ELF1$MA0473.1|SPI1$MA0080.1|ETV4$MA0764.1|ETV1$MA0761.1|Erg$MA0474.1|ERF$MA0760.1|ETS1$MA0098.3|ELK1$MA0028.2|ELF3$MA0640.2|FEV$MA0156.2|ETS2$MA1484.1|ETV4$MA0764.2|ELF1$MA0473.3|EHF$MA0598.3|GABPA$MA0062.3|ERG$MA0474.2|GABPA$MA0062.1|ETV1$MA0761.2|EHF$MA0598.2|SPI1$MA0080.2|FLI1$MA0475.2|ETV3$MA0763.1|EHF$MA0598.1|ELF4$MA0641.1|Spi1$MA0080.3|SPIB$MA0081.2|ELF3$MA0640.1|ELF5$MA0136.1|ELK4$MA0076.1|ELK1$MA0028.1|ETS1$MA0098.1|ELF2$MA1483.1|FEV$MA0156.1|ELF1$MA0473.2|ETV2$MA0762.1|IKZF1$MA1508.1|SPI1$MA0080.5|SPIC$MA0687.1|SPI1$MA0080.4	35635716.21	36340105.99	37050323.57	27.67	35.81	45.01	13015	7354	5661	0.473	0.436
NFIX$MA0671.1|NFIC$MA0161.1|NFIC$MA0161.2|NFIA$MA0670.1	39103430.02	39841936.38	40529014.22	0.66	2.5	5.32	13008	6702	6306	0.067	0.071
NR2C1$MA1535.1|NR2F1$MA0017.2|NR4A2$MA0160.1|RORA(var.2)$MA0072.1|NR2C2(var.2)$MA1536.1|NR4A1$MA1112.2|Nr5a2$MA0505.1|Esrra$MA0592.2|ESRRB$MA0141.3|ESRRA$MA0592.1|RORC$MA1151.1|NR4A1$MA1112.1|NR5A1$MA1540.1|RORA$MA0071.1|Esrrb$MA0141.1|Esrrb$MA0141.2|ESRRA$MA0592.3|NR2F2$MA1111.1|Esrrg$MA0643.1|RORB$MA1150.1	40747955.54	41489791.8	42039979.88	-1.36	0.59	2.64	12984	6821	6163	0.098	0.143
ZNF135$MA1587.1	41601880.2	42366412.5	42604417.8	-0.45	0.21	1.49	13051	6596	6455	0.043	-0.004
NFIX(var.2)$MA1528.1|NFIC::TLX1$MA0119.1|NFIC(var.2)$MA1527.1|NFIB$MA1643.1	38783565.83	39509042.88	40227319.38	6.49	10.79	16.19	13040	6831	6209	0.22	0.233
THAP1$MA0597.1	37991228.0	38725510.0	39485445.3	11.0	16.67	23.42	13017	6899	6118	0.139	0.13
CREB3L4$MA1474.1|ATF6$MA1466.1|CREB3$MA0638.1|CREB3L1$MA0839.1|XBP1$MA0844.1	37109823.12	37823010.6	38552421.74	19.19	26.35	34.37	13027	7076	5951	0.275	0.288
Stat2$MA1623.1|IRF1$MA0050.2|IRF1$MA0050.1|IRF7$MA0772.1|STAT1::STAT2$MA0517.1|IRF2$MA0051.1|IRF9$MA0653.1|IRF5$MA1420.1|IRF4$MA1419.1|STAT1$MA0137.1|IRF3$MA1418.1|IRF8$MA0652.1|PRDM1$MA0508.1	39188638.66	39914763.85	40631784.58	-12.75	-8.28	-4.91	13042	6073	6969	-0.303	-0.333
TGIF2LY$MA1572.1|TGIF2LX$MA1571.1|TGIF1$MA0796.1|TGIF2$MA0797.1|PKNOX2$MA0783.1|PKNOX1$MA0782.1	39854467.67	40568549.83	41297777.93	1.52	3.79	7.13	13037	6747	6290	0.133	0.147
TEAD4$MA0809.1|TEAD1$MA0090.3|TEAD4$MA0809.2|TEAD1$MA0090.2|TEAD3$MA0808.1|TEAD1$MA0090.1|TEAD2$MA1121.1	40438769.89	41183127.57	41814635.1	-4.1	-1.67	0.1	13037	6382	6655	-0.065	-0.077
GRHL1$MA0647.1|GRHL2$MA1105.2|GRHL2$MA1105.1|TFCP2$MA0145.3	39082832.22	39800270.62	40508307.93	-16.7	-11.39	-7.21	13061	6082	6979	-0.253	-0.258
PAX1$MA0779.1|PAX9$MA0781.1	37228091.75	37975844.5	38669861.45	14.18	19.94	27.26	13006	6966	6040	0.322	0.28
RUNX1$MA0002.1|RUNX2$MA0511.2|RUNX3$MA0684.2|RUNX1$MA0002.2|RUNX2$MA0511.1|RUNX3$MA0684.1	41080032.75	41840035.67	42249574.97	-1.94	-0.51	1.03	13042	6360	6682	-0.08	-0.082
NR2C2$MA0504.1|Pparg::Rxra$MA0065.2|THRB$MA1574.1|NR2F1(var.2)$MA1537.1|Hnf4a$MA0114.3|NR2F1$MA0017.1|HNF4G$MA0484.1|HNF4A(var.2)$MA1494.1|NR1H2::RXRA$MA0115.1|Nr2f6$MA0677.1|HNF4A$MA0114.2|HNF4A$MA0114.1|PPARG::RXRA$MA0065.1|PPARD$MA1550.1|Rxra$MA0512.2|RXRB$MA0855.1|PPARA::RXRA$MA1148.1|RXRG$MA0856.1	40831358.11	41607178.75	42045885.78	-0.96	0.76	2.48	13045	6798	6247	0.187	0.2
BCL6B$MA0731.1|BCL6$MA0463.2|Stat5a$MA1624.1|Bcl6$MA0463.1|Stat5b$MA1625.1|Stat5a::Stat5b$MA0519.1|Stat3$MA0144.1|STAT1$MA0137.3|STAT3$MA0144.2|STAT1$MA0137.2|Stat4$MA0518.1	39750930.36	40468562.36	41127586.6	-6.2	-3.09	-0.83	12073	5743	6330	-0.186	-0.213
NR1D1$MA1531.1|NR1D2$MA1532.1	40809517.15	41550829.0	42103447.0	0.31	1.84	4.16	13033	6722	6311	0.119	0.118
ZNF528$MA1597.1	40667966.3	41394633.5	42151649.6	-0.25	1.87	4.36	13031	6602	6429	0.069	0.082
RXRG(var.2)$MA1556.1|RARB(var.3)$MA1552.1|RXRB(var.2)$MA1555.1|RARG(var.3)$MA1553.1	38247210.3	38972284.75	39698621.22	9.92	15.07	21.38	13006	6970	6036	0.309	0.325
Zfx$MA0146.2|Zfx$MA0146.1	37681860.15	38403030.25	39128262.8	14.79	20.85	28.3	13039	6965	6074	0.322	0.314
Nkx3-2$MA0122.3|ISL2$MA0914.1|Nkx3-2$MA0122.1|NKX2-8$MA0673.1|NKX2-3$MA0672.1|NKX3-2$MA0122.2|Nkx3-1$MA0124.2	40463832.77	41194711.64	41804037.19	-3.54	-1.2	1.16	13047	6240	6807	-0.166	-0.187
MEF2A$MA0052.4|MEF2A$MA0052.3|MEF2C$MA0497.1|MEF2A$MA0052.2|MEF2A$MA0052.1|MEF2D$MA0773.1|MEF2B$MA0660.1	34932802.36	35633135.14	36368198.64	-68.11	-56.5	-45.64	13045	5631	7414	-0.645	-0.619
CREB3L4(var.2)$MA1475.1|FOSL1::JUND(var.2)$MA1143.1|CREB1$MA0018.1|Atf3$MA0605.1|CREM$MA0609.2|Atf1$MA0604.1|ATF3$MA0605.2|JDP2(var.2)$MA0656.1|FOSL2::JUND(var.2)$MA1145.1|FOSB::JUNB(var.2)$MA1136.1|CREB1$MA0018.3|FOSL2::JUN(var.2)$MA1131.1|JUNB(var.2)$MA1140.2|FOSB::JUN$MA1127.1|FOSL1::JUN(var.2)$MA1129.1|FOSL2::JUNB(var.2)$MA1139.1|Creb5$MA0840.1|JUN::JUNB(var.2)$MA1133.1|JUNB(var.2)$MA1140.1|ATF7$MA0834.1|CREB1$MA0018.2|MAFG::NFE2L1$MA0089.1|FOS::JUN(var.2)$MA1126.1|Crem$MA0609.1|Gmeb1$MA0615.1|JUN$MA0488.1|CREB1$MA0018.4|JUND(var.2)$MA0492.1|ATF2$MA1632.1|GMEB2$MA0862.1	36234062.24	36953126.17	37666029.47	25.44	33.38	42.48	13016	7210	5806	0.455	0.491
ZBTB32$MA1580.1	40038842.0	40746252.5	41476732.2	-8.53	-4.69	-2.2	13050	6341	6709	-0.069	-0.121
CENPB$MA0637.1	40193427.2	40971808.5	41674447.0	1.41	3.57	7.28	13044	6712	6332	0.089	0.093
SRY$MA0084.1|SOX15$MA1152.1|Sox5$MA0087.1|SOX10$MA0442.2|Sox3$MA0514.1|SOX8$MA0868.2|SOX4$MA0867.2|Sox6$MA0515.1|SOX9$MA0077.1|SOX12$MA1561.1|SOX2$MA0143.4|SOX10$MA0442.1|SOX14$MA1562.1|SOX13$MA1120.1|Sox17$MA0078.1|Sox2$MA0143.3	37768765.15	38481877.62	39188718.75	-15.16	-10.22	-6.36	13007	6006	7001	-0.262	-0.274
PBX3$MA1114.1|PKNOX1$MA0782.2|Meis1$MA0498.1|PBX2$MA1113.1	39227153.8	39955322.25	40681126.72	4.9	8.7	13.68	13038	6871	6167	0.216	0.2
VDR$MA0693.2|NR1I3$MA1534.1	39689556.55	40404986.75	41117485.1	-8.06	-4.44	-1.94	12978	6320	6658	-0.075	-0.086
MEIS2(var.2)$MA1640.1|PBX2$MA1113.2|MEIS1(var.2)$MA1639.1|Hoxc9$MA0485.1|Hoxa9$MA0594.1|PBX1$MA0070.1	37961299.83	38702401.33	39423002.73	-26.25	-19.1	-13.27	13055	5976	7079	-0.321	-0.344
OTX2$MA0712.1|OTX2$MA0712.2|Pitx1$MA0682.1|PITX2$MA1547.1|Dmbx1$MA0883.1|PITX3$MA0714.1|GSC2$MA0891.1|OTX1$MA0711.1|RHOXF1$MA0719.1|GSC$MA0648.1|PITX1$MA0682.2	38822157.71	39546375.82	40269609.49	-14.45	-9.41	-5.56	13004	6157	6847	-0.142	-0.182
NR3C1$MA0113.2|Ar$MA0007.3|Ar$MA0007.1|NR3C2$MA0727.1|AR$MA0007.2|NR3C1$MA0113.3	41196182.22	41956645.83	42370073.45	-1.16	0.08	1.7	13055	6413	6642	-0.082	-0.067
PRDM1$MA0508.2	41056288.2	41768056.0	42321761.7	0.06	0.82	2.63	13020	6648	6372	0.063	0.023
SMAD5$MA1557.1|SMAD3$MA0795.1	41433262.65	42160734.25	42542845.55	-1.03	0.13	1.32	13044	6565	6479	0.019	0.025
DMRTC2$MA1479.1|DMRT3$MA0610.1|DMRTA2$MA1478.1	39095947.0	39830119.17	40592337.83	-14.62	-9.34	-5.19	13040	6184	6856	-0.187	-0.18
HNF4A$MA0114.4|HNF4G$MA0484.2	40681034.3	41391922.5	42132517.0	-5.12	-2.37	-0.58	13058	6371	6687	-0.067	-0.074
EBF1$MA0154.4|EBF3$MA1637.1|EBF1$MA0154.1|EBF1$MA0154.2|Ebf2$MA1604.1|EBF1$MA0154.3	40363876.43	41100105.92	41801508.72	1.01	2.97	6.13	13042	6756	6286	0.159	0.132
Tcfcp2l1$MA0145.1|Tcfcp2l1$MA0145.2	39038776.4	39782044.5	40498701.4	5.82	9.88	15.32	13045	6805	6240	0.161	0.176
TFAP2A(var.3)$MA0872.1|TFAP2B(var.3)$MA0813.1|TFAP2C(var.3)$MA0815.1	37982713.0	38702099.33	39439209.77	10.7	16.17	22.71	13000	6875	6125	0.27	0.281
Tcf7$MA0769.1|TCF7L1$MA1421.1|LEF1$MA0768.1|TCF7L2$MA0523.1|TCF7$MA0769.2	39122759.18	39850670.0	40568129.32	-14.64	-9.52	-5.58	13044	6249	6795	-0.168	-0.219
Nkx2-5(var.2)$MA0503.1|NKX2-5$MA0063.2|NKX2-2$MA1645.1	41218639.23	41949960.83	42472582.93	-1.12	0.18	1.6	13025	6570	6455	0.033	0.031
HSF2$MA0770.1|HSF1$MA0486.2|HSF4$MA0771.1|HSF1$MA0486.1	39314690.38	40063309.5	40752213.75	-13.92	-8.88	-5.36	13046	6140	6906	-0.245	-0.274
SCRT1$MA0743.2|SCRT2$MA0744.1|SCRT1$MA0743.1|SCRT2$MA0744.2	41276491.28	42050889.25	42488607.9	-1.48	-0.08	1.58	13059	6361	6698	-0.097	-0.057
NR2F1(var.3)$MA1538.1|NR2F6(var.3)$MA1539.1|NR4A2::RXRA$MA1147.1|NR1H4::RXRA$MA1146.1	39957923.6	40689790.5	41368615.57	1.66	3.77	7.48	13022	6845	6177	0.22	0.167
Klf4$MA0039.1	40987733.9	41740680.5	42339578.9	-2.86	-0.9	0.16	13022	6446	6576	-0.028	-0.032
ESR1$MA0112.1|ESR1$MA0112.2|ESR2$MA0258.2|ESR2$MA0258.1|ESR1$MA0112.3	39482425.9	40216930.1	40946691.94	3.04	6.03	10.31	13033	6784	6249	0.21	0.193
RFX5$MA0510.1|RFX2$MA0600.1|Rfx1$MA0509.1|RFX3$MA0798.2|RFX1$MA0509.2|RFX5$MA0510.2|RFX2$MA0600.2|RFX4$MA0799.1|RFX3$MA0798.1	40466721.37	41212527.22	41774980.62	0.48	2.18	4.65	13045	6755	6290	0.123	0.162
NRF1$MA0506.1	36922622.1	37667700.0	38409710.6	19.18	26.2	34.6	13002	7018	5984	0.31	0.379
TP63$MA0525.1|TP53$MA0106.1|TP73$MA0861.1|TP53$MA0106.3|TP63$MA0525.2|TP53$MA0106.2	38913778.47	39624445.58	40343059.75	1.17	3.29	6.45	13060	6732	6328	0.135	0.124
E2F3$MA0469.3|E2F2$MA0864.2|E2F1$MA0024.3|E2F4$MA0470.2	38813426.75	39545495.12	40090554.98	-3.07	-1.14	1.06	11732	5629	6103	-0.137	-0.171
ZEB1$MA0103.1	34478497.2	35165006.0	35902807.2	-17.79	-12.03	-7.47	12326	5848	6478	-0.152	-0.155
NFYB$MA0502.2|NFYA$MA0060.1|NFYA$MA0060.2|NFYA$MA0060.3|NFYB$MA0502.1|NFYC$MA1644.1	40163560.43	40883276.92	41616378.87	1.65	3.95	7.36	13026	6729	6297	0.115	0.135
NR1I2$MA1533.1|Vdr$MA0693.1	41110101.95	41862467.0	42428831.75	-0.89	0.62	2.23	13051	6652	6399	0.061	0.056
NFAT5$MA0606.1|NFATC2$MA0152.1|NFATC3$MA0625.1|NFATC4$MA1525.1|NFATC1$MA0624.1	38980208.68	39687399.5	40400733.44	-11.4	-7.16	-3.89	13033	6158	6875	-0.167	-0.172
Zic2$MA1629.1|Zic1::Zic2$MA1628.1	38402497.75	39116336.75	39830627.45	9.64	14.72	20.86	13048	6944	6104	0.245	0.232
Sox11$MA0869.1|SOX21$MA0866.1|SOX4$MA0867.1|Sox1$MA0870.1	36533867.58	37262679.25	37957648.6	-17.93	-12.04	-7.5	12617	5854	6763	-0.299	-0.298
E2F8$MA0865.1|E2F7$MA0758.1	39821858.65	40575419.75	41175828.15	0.35	1.7	4.08	13023	6662	6361	0.071	0.104
PAX5$MA0014.3	37097979.7	37801698.0	38474476.3	19.71	26.43	34.69	13028	7054	5974	0.283	0.264
ZNF410$MA0752.1	38102333.6	38851444.0	39577366.7	-8.89	-4.88	-2.15	12753	6192	6561	-0.149	-0.142
REST$MA0138.2|REST$MA0138.1	40342879.3	41038600.0	41776726.95	0.55	2.26	4.92	12984	6673	6311	0.13	0.095
Plagl1$MA1615.1	38657451.7	39336751.5	40091061.2	7.53	12.37	17.9	13030	6872	6158	0.222	0.194
YY2$MA0748.2|YY2$MA0748.1	39678205.6	40409101.0	41184937.15	3.28	6.78	10.98	13038	6840	6198	0.158	0.181
SREBF1$MA0595.1|SREBF2$MA0596.1	37575040.9	38309757.0	39077764.55	12.7	19.0	26.38	12990	6956	6034	0.277	0.262
CTCFL$MA1102.1|CTCFL$MA1102.2|CTCF$MA0139.1	37985228.5	38684653.5	39411676.1	12.75	18.76	25.79	13044	6948	6096	0.277	0.332
Dmrt1$MA1603.1	37571953.3	38324713.0	39052922.4	-30.28	-22.62	-16.1	13055	6053	7002	-0.283	-0.28
ZNF354C$MA0130.1	34953112.8	35668685.5	36323514.4	0.81	2.56	5.49	12136	6166	5970	0.132	0.064
Myb$MA0100.1|MYB$MA0100.3	39283152.95	40018975.0	40740351.65	3.9	6.94	11.13	12920	6795	6125	0.129	0.143
RFX7$MA1554.1	39853073.0	40578739.5	41271049.6	1.86	4.28	7.89	13009	6706	6303	0.074	0.079
DPRX$MA1480.1	40013866.6	40800950.5	41524504.2	-7.67	-3.96	-1.57	13032	6301	6731	-0.096	-0.078
Rarb$MA0857.1|Rarg$MA0859.1|RARA$MA0729.1|Nr2f6(var.2)$MA0728.1	39262466.9	39981651.88	40651857.15	-4.42	-1.94	-0.33	12784	6250	6534	-0.119	-0.121
POU3F3$MA0788.1|POU3F1$MA0786.1|POU5F1B$MA0792.1|POU2F1$MA0785.1|POU3F2$MA0787.1|POU1F1$MA0784.1|POU2F3$MA0627.2|POU2F2$MA0507.1|Pou2f3$MA0627.1|POU3F4$MA0789.1|POU5F1$MA1115.1	37179632.81	37899364.59	38624305.89	-34.57	-26.35	-19.29	13033	5980	7053	-0.347	-0.418
Stat6$MA0520.1	40173317.5	40900722.0	41609789.0	-6.95	-3.58	-1.33	13033	6330	6703	-0.101	-0.119
TBX19$MA0804.1|TBXT$MA0009.2	40660515.65	41452477.5	42009090.75	-4.27	-1.42	-0.11	13019	6318	6701	-0.119	-0.109
E2F2$MA0864.1|E2F3$MA0469.2	34854827.15	35579999.5	36294167.05	-11.15	-6.76	-3.46	12120	5788	6332	-0.2	-0.188
SRF$MA0083.2|SRF$MA0083.1|SRF$MA0083.3	39915010.2	40639245.67	41321938.63	-6.67	-3.47	-1.44	13057	6250	6807	-0.198	-0.15
SOX8$MA0868.1	33377631.6	34102157.5	34820228.4	-6.87	-3.47	-1.27	11907	5739	6168	-0.167	-0.127
ZNF652$MA1657.1	38538971.4	39290829.0	40023527.6	-20.4	-14.15	-9.13	13060	6196	6864	-0.197	-0.212
GLI2$MA0734.1	39262578.9	40003621.5	40721349.0	4.38	7.98	12.89	13032	6776	6256	0.143	0.145
GLI2$MA0734.2|GLI3$MA1491.1	39178282.1	39883367.75	40601103.1	4.72	8.54	13.36	13024	6805	6219	0.211	0.198
NR6A1$MA1541.1	40844674.4	41547493.0	42238531.0	-3.88	-1.59	0.35	13039	6450	6589	-0.042	-0.081
Ddit3::Cebpa$MA0019.1	41106001.2	41819478.0	42425195.2	0.05	1.0	3.0	13042	6626	6416	0.05	0.037
ZIC3$MA0697.1|ZIC5$MA1584.1|ZIC1$MA0696.1|ZIC4$MA0751.1	37433063.3	38142655.25	38849319.05	15.23	21.43	29.13	13015	7017	5998	0.362	0.336
SIX1$MA1118.1|SIX2$MA1119.1	40649737.9	41377666.0	42067080.55	-5.08	-2.28	-0.63	13046	6405	6641	-0.066	-0.081
NFKB2$MA0778.1|NFKB1$MA0105.2|NFKB1$MA0105.4|NFKB1$MA0105.1|REL$MA0101.1|NFKB1$MA0105.3|RELA$MA0107.1	39887396.93	40595760.93	41250152.03	1.49	3.69	6.75	12934	6749	6185	0.184	0.191
GLIS2$MA0736.1|GLIS1$MA0735.1|GLIS3$MA0737.1	37510322.77	38250317.17	38970666.37	4.55	8.14	12.97	13019	6854	6165	0.237	0.217
YY1$MA0095.2|ZFP42$MA1651.1	41161460.75	41912842.75	42352035.05	-2.98	-1.0	0.15	13037	6392	6645	-0.081	-0.06
Pou5f1::Sox2$MA0142.1|Sox2$MA0143.1|Sox2$MA0143.2	37495772.73	38234880.83	38953762.53	-30.82	-22.89	-16.5	13044	6015	7029	-0.326	-0.327
Gfi1b$MA0483.1|GFI1$MA0038.2	41516157.6	42296166.0	42518354.6	-1.33	-0.19	0.76	13032	6479	6553	-0.019	-0.025
OVOL1$MA1544.1|OVOL2$MA1545.1	39837763.7	40577583.25	41316032.4	-10.58	-6.48	-3.52	13051	6246	6805	-0.15	-0.171
HOXA5$MA0158.1	38435125.2	39182155.5	39908313.8	-13.41	-8.61	-4.9	12916	6205	6711	-0.109	-0.125
Nr2e3$MA0164.1	30716803.0	31420972.5	32079737.7	-3.86	-1.46	-0.2	11341	5558	5783	-0.061	-0.068
ZNF274$MA1592.1	41525389.3	42261835.5	42561461.6	-0.59	0.25	1.65	13040	6524	6516	0.005	0.031
ZKSCAN1$MA1585.1	41171580.8	41966304.5	42395841.1	-0.31	0.47	2.19	13019	6566	6453	0.027	0.02
PAX5$MA0014.2	38265715.1	39001034.5	39707626.1	10.63	15.62	22.25	13042	6911	6131	0.214	0.211
Tal1::Gata1$MA0140.1|GATA1::TAL1$MA0140.2	40357112.8	41082028.25	41802041.5	-6.58	-3.28	-1.23	13042	6349	6693	-0.08	-0.084
YY1$MA0095.1	34259440.5	34949474.0	35340176.9	-1.59	0.28	0.71	11863	5945	5918	0.004	-0.011
MSANTD3$MA1523.1	40512403.0	41244246.5	41973385.6	0.51	2.16	4.82	13023	6640	6383	0.057	0.049
Dux$MA0611.1	37276929.0	37892609.5	38342750.7	-1.75	-0.43	0.35	12368	6124	6244	-0.07	-0.02
RBPJ$MA1116.1	40914502.8	41617000.5	42288238.4	-0.1	1.29	3.43	13031	6600	6431	0.027	0.044
ZNF341$MA1655.1	40309306.2	40982614.5	41678545.1	1.25	3.29	6.48	13034	6683	6351	0.076	0.079
GCM2$MA0767.1|GCM1$MA0646.1	40555231.05	41328111.25	42082597.8	0.44	2.05	4.92	13029	6631	6398	0.055	0.055
HIC2$MA0738.1|Hic1$MA0739.1	40711012.8	41417785.25	42127313.5	-0.12	1.51	3.72	13013	6582	6431	0.037	0.046
Gfi1$MA0038.1	39936166.9	40659149.0	41393382.4	-8.05	-4.46	-1.85	13028	6312	6716	-0.083	-0.088
FERD3L$MA1485.1	38422100.8	39133032.0	39861275.5	8.27	13.55	19.57	13022	6844	6178	0.253	0.273
OSR2$MA1646.1	41491377.4	42255272.5	42486516.3	-1.43	-0.2	0.59	13032	6478	6554	-0.017	-0.014
ZNF263$MA0528.1	38592171.3	39326602.0	40043897.3	8.89	13.67	19.62	13056	6907	6149	0.369	0.346
ZNF140$MA1589.1	40124474.2	40839892.0	41536247.2	1.29	3.45	6.52	13018	6722	6296	0.13	0.115
Rhox11$MA0629.1	39758089.9	40480801.0	41226873.4	-10.22	-5.9	-2.89	13048	6259	6789	-0.118	-0.114
ZSCAN4$MA1155.1	41287341.3	42021764.5	42432383.6	-0.37	0.46	1.96	13027	6573	6454	0.047	0.026
BARX2$MA1471.1	35956903.8	36673822.5	37421897.2	-53.28	-42.93	-33.46	13060	5869	7191	-0.355	-0.381
ZBED1$MA0749.1	39396653.7	40149879.5	40871162.0	1.37	3.61	6.95	12915	6658	6257	0.123	0.098
SPIB$MA0081.1	34367353.3	35100574.0	35798385.9	15.53	21.88	29.69	12497	6687	5810	0.296	0.223
Arid5a$MA0602.1	35966070.6	36656173.5	37385167.7	-52.68	-42.61	-33.48	13053	5872	7181	-0.391	-0.394
PRDM4$MA1647.1	40599815.2	41357886.5	42091846.0	-4.83	-2.11	-0.52	13038	6389	6649	-0.056	-0.064
IRF6$MA1509.1	40755089.4	41450137.5	42166579.1	-3.8	-1.5	0.38	13018	6443	6575	-0.029	-0.059
OSR1$MA1542.1	40925883.7	41681949.0	42277957.9	-0.17	0.98	3.19	13019	6587	6432	0.041	0.043
ZNF460$MA1596.1	38974851.3	39706978.5	40370557.5	4.44	7.67	12.41	12976	6832	6144	0.306	0.17
THRB(var.2)$MA1575.1	38855229.8	39580856.0	40344753.2	5.07	9.29	14.76	12998	6789	6209	0.212	0.207
KLF17$MA1514.1	38522417.5	39187401.0	39874985.0	8.9	13.75	19.42	13035	6920	6115	0.284	0.249
Six3$MA0631.1	39261654.1	39907289.5	40660627.2	-13.63	-8.99	-4.85	13043	6253	6790	-0.15	-0.184
Spz1$MA0111.1	41060144.5	41774353.0	42334591.0	-0.14	0.81	2.54	13020	6582	6438	0.037	0.029
GATA2$MA0036.1	28267430.6	28899479.5	29557129.3	-7.1	-3.67	-1.4	10977	5297	5680	-0.178	-0.045
RELB$MA1117.1	41265194.9	41967194.0	42502865.2	-0.62	0.68	2.38	13039	6537	6502	0.009	0.033
Gata1$MA0035.1	37296637.0	38058113.0	38289857.4	-0.82	-0.1	1.15	12355	6151	6204	-0.023	-0.001
PAX6$MA0069.1	41390320.1	42141234.0	42526163.0	-1.84	0.39	0.83	13038	6542	6496	0.013	-0.027
FOXC1$MA0032.1	39211069.7	39919541.5	40630886.7	-5.3	-2.47	0.48	12829	6329	6500	-0.044	-0.056
SPDEF$MA0686.1	38969267.2	39633241.0	40400331.0	5.38	9.64	14.36	13015	6814	6201	0.162	0.167
MZF1$MA0056.1	31402127.0	32095563.0	32835328.0	5.91	10.23	15.68	11747	6217	5530	0.322	0.15
HINFP$MA0131.2	36039406.1	36760117.0	37428310.1	31.19	39.57	49.71	13033	7145	5888	0.349	0.35
Nkx2-5$MA0063.1	37437183.8	38197322.0	38929398.4	-18.36	-12.3	-7.62	12842	6115	6727	-0.139	-0.156
ZNF143$MA0088.2	40375767.3	41051833.0	41864736.5	1.0	3.15	6.19	13039	6707	6332	0.13	0.137
ZBTB26$MA1579.1	39820947.0	40506690.5	41266101.8	-9.38	-5.52	-2.61	13040	6360	6680	-0.074	-0.122
THAP11$MA1573.1	41571257.0	42349395.0	42496647.2	-1.27	-0.1	0.82	13032	6512	6520	-0.004	0.028
ZSCAN29$MA1602.1	41269442.3	42001669.5	42520278.8	-0.22	0.63	2.29	13040	6588	6452	0.044	0.023
GATA3$MA0037.1	36334510.4	37023844.0	37721837.3	-10.07	-5.98	-2.82	12488	5925	6563	-0.134	-0.073
PAX3(var.2)$MA1546.1	39703984.3	40418139.5	41124074.4	3.28	6.29	10.49	13050	6793	6257	0.143	0.116
FOXH1$MA0479.1	39984018.8	40703982.0	41422326.0	-7.88	-4.26	-1.78	13028	6318	6710	-0.106	-0.11
PLAGL2$MA1548.1	39612446.1	40329693.0	41067522.5	1.78	4.35	7.83	12972	6709	6263	0.155	0.123
Pax4$MA0068.1	37330152.2	38050825.5	38756256.3	-35.25	-26.99	-19.99	13078	5986	7092	-0.299	-0.31
MYBL1$MA0776.1	41199924.8	41841994.5	42447229.2	-2.76	-0.95	0.25	13042	6452	6590	-0.036	-0.045
Hand1::Tcf3$MA0092.1	40966672.2	41697241.0	42335383.2	-2.91	-0.97	0.3	13021	6452	6569	-0.024	-0.032
Znf423$MA0116.1	40155678.6	40921257.0	41647257.5	0.87	2.82	6.05	13004	6644	6360	0.108	0.12
Mafb$MA0117.1	35453059.2	36222560.0	36923021.0	22.0	29.22	38.46	12802	7015	5787	0.294	0.204
NR1H4$MA1110.1	40332021.6	41068442.5	41833196.0	1.12	3.25	6.41	13046	6670	6376	0.069	0.077
En1$MA0027.1	40323746.3	41041526.0	41731246.7	-3.76	-1.51	-0.06	12955	6374	6581	-0.045	-0.034
ZNF136$MA1588.1	39080939.4	39804167.0	40526032.0	-15.75	-10.19	-6.0	13056	6231	6825	-0.189	-0.2
SP1$MA0079.1	37186060.6	37937054.0	38685329.7	11.5	17.27	24.08	12898	6818	6080	0.241	0.211
ZNF682$MA1599.1	38237960.7	38952157.0	39694598.0	10.84	16.34	22.72	13048	6922	6126	0.271	0.271
Myb$MA0100.2	40984903.1	41712251.5	42315430.6	-0.19	0.88	2.83	13016	6584	6432	0.044	0.041
NR3C1$MA0113.1	39807228.2	40541326.0	41326597.7	-9.57	-5.47	-2.42	13044	6272	6772	-0.146	-0.132
RREB1$MA0073.1	39526640.8	40229024.0	40917037.6	0.55	2.09	4.65	12859	6616	6243	0.195	0.104
Prdm15$MA1616.1	39288258.8	39983130.0	40704157.3	-13.99	-9.3	-5.29	13063	6212	6851	-0.165	-0.154
Nr1h3::Rxra$MA0494.1	41431716.0	42226919.0	42576564.6	-0.38	0.36	1.92	13047	6564	6483	0.025	0.029
Ahr::Arnt$MA0006.1	26053060.3	26696937.5	27322299.8	12.63	18.57	25.8	10888	5814	5074	0.407	0.214
NKX3-1$MA0124.1	30799589.1	31481953.5	32116748.2	-29.25	-21.57	-15.4	11848	5483	6365	-0.515	-0.273
ZFP57$MA1583.1	37179433.1	37888022.0	38617399.5	18.97	26.21	34.86	13039	7069	5970	0.249	0.256
HLTF$MA0109.1	38386579.3	39121607.0	39855569.5	-20.22	-14.13	-9.16	13032	6154	6878	-0.08	-0.102
Crx$MA0467.1	39741834.9	40469105.0	41136805.2	-10.32	-6.02	-3.13	13050	6241	6809	-0.15	-0.112
MYBL2$MA0777.1	40429042.6	41161221.5	41899437.6	-5.75	-2.78	-0.86	13040	6396	6644	-0.069	-0.09
Pax5$MA0014.1	37346176.0	38072064.5	38781718.0	17.77	24.36	32.29	13041	7063	5978	0.279	0.256
ZNF317$MA1593.1	41467273.8	42177080.0	42535366.0	-0.76	-0.37	1.73	13041	6505	6536	-0.009	0.027
ZNF382$MA1594.1	39110620.5	39827466.5	40431958.2	-2.77	-0.88	-0.08	12720	6218	6502	-0.097	-0.046
SMAD2::SMAD3::SMAD4$MA0513.1	40456067.5	41203487.5	41948139.1	0.82	2.77	5.91	13046	6661	6385	0.073	0.086
MZF1(var.2)$MA0057.1	37649008.1	38355940.0	39042514.6	13.74	19.42	26.29	13006	6909	6097	0.198	0.197
ZNF75D$MA1601.1	40573288.8	41273398.5	41958757.3	0.57	2.15	4.81	13027	6660	6367	0.09	0.058
PLAG1$MA0163.1	37938312.2	38637153.5	39297047.2	8.98	13.75	19.78	12945	6859	6086	0.279	0.279
znf143$MA0088.1	38882032.7	39605739.0	40319319.5	6.42	10.62	15.98	13034	6832	6202	0.218	0.235
ZKSCAN5$MA1652.1	37229328.4	37951675.5	38669069.5	18.1	25.26	33.56	13035	7091	5944	0.336	0.328
INSM1$MA0155.1	39291073.6	40014388.0	40741584.4	4.12	7.7	12.64	13026	6784	6242	0.173	0.159
Smad4$MA1153.1	38243459.5	39020501.0	39383967.2	-1.73	-0.31	0.28	12538	6195	6343	-0.064	-0.018
HMBOX1$MA0895.1	40388237.3	41132423.0	41849224.8	-5.97	-2.81	1.11	13037	6446	6591	-0.035	-0.077
MZF1$MA0056.2	41715113.2	42444706.0	42638520.2	-1.34	-0.16	0.66	13055	6518	6537	-0.005	-0.019
ZNF24$MA1124.1	39965061.0	40669259.0	41452819.2	-8.75	-5.13	-2.27	13053	6320	6733	-0.14	-0.157
RXRA::VDR$MA0074.1	41296274.5	42098450.5	42275765.6	-1.38	-0.13	0.78	12998	6426	6572	-0.053	0.001
Rarg(var.2)$MA0860.1	39080485.4	39801880.5	40515821.6	1.43	3.57	6.74	12858	6594	6264	0.114	0.141
EWSR1-FLI1$MA0149.1	25608999.1	26234348.0	26876812.5	6.42	10.76	16.24	10652	5609	5043	0.24	0.349
E2F1$MA0024.1	34984190.8	35701086.0	36431120.5	1.99	4.55	8.21	12220	6332	5888	0.144	0.114
ZBTB12$MA1649.1	39176941.0	39947384.5	40686059.3	-13.84	-8.59	-4.65	13039	6192	6847	-0.12	-0.147
LIN54$MA0619.1	33898417.3	34572961.0	35278976.8	-83.23	-70.79	-59.04	12995	5589	7406	-0.532	-0.547
PPARG$MA0066.1	40775646.8	41481854.0	42206008.1	0.25	1.55	3.92	13026	6629	6397	0.093	0.079
ZNF684$MA1600.1	39301126.0	39967488.0	40703382.6	5.01	8.93	13.79	13051	6782	6269	0.176	0.201
ZBTB6$MA1581.1	40565797.2	41265129.5	41974727.1	0.67	2.45	5.11	13041	6634	6407	0.071	0.078
MTF1$MA0863.1	38059765.4	38768947.5	39495443.2	10.12	15.82	22.31	13008	6886	6122	0.253	0.264
THRB(var.3)$MA1576.1	39411087.0	40137799.0	40893532.0	3.49	6.82	11.35	13021	6733	6288	0.179	0.199
HINFP$MA0131.1	36821658.4	37558150.5	38245098.1	18.89	25.77	34.31	12977	7018	5959	0.292	0.251
ZNF282$MA1154.1	40728617.9	41421157.0	42092594.0	0.31	1.67	3.92	13024	6629	6395	0.078	0.073
FOXL1$MA0033.1	34631543.4	35341976.0	36066984.6	-61.53	-50.47	-40.23	12918	5744	7174	-0.306	-0.276
PROX1$MA0794.1	41334500.8	42035104.0	42504487.8	-0.53	0.57	2.13	13039	6537	6502	0.009	0.034
SOX18$MA1563.1	38977619.8	39726172.5	40469712.0	3.61	7.24	12.04	12967	6746	6221	0.094	0.084
ZNF16$MA1654.1	39911518.3	40678197.5	41402333.9	0.5	2.24	5.17	12938	6578	6360	0.089	0.106
ZNF449$MA1656.1	40735447.1	41491892.5	42267178.3	-0.24	2.07	4.82	13057	6613	6444	0.054	0.085
PRDM1$MA0508.3	41303445.0	42037806.0	42466355.8	-1.99	-0.5	0.37	13033	6478	6555	-0.019	-0.035
Pax2$MA0067.1	35597613.8	36356542.0	37038290.4	27.47	35.84	45.79	12916	7064	5852	0.234	0.208
ZBTB33$MA0527.1	38650833.5	39366975.0	40100516.0	7.96	12.7	18.59	13042	6871	6171	0.187	0.207
Nr2e1$MA0676.1	39409380.0	40135798.0	40923360.8	-10.07	-5.96	-2.78	12995	6287	6708	-0.102	-0.122
Rxra$MA0512.1	40584337.1	41316297.0	42041286.9	0.62	2.39	5.17	13046	6704	6342	0.099	0.079
BACH2(var.2)$MA1470.1	38040857.1	38757610.5	39480376.8	1.44	3.73	6.96	12696	6483	6213	0.102	0.155
