id	motif	correlation	p-val
MA0819.1	CLOCK	0.03870006200671288	0.778142247163387
MA0730.1	RARA(var.2)	-0.10959611756214956	2.623816552513865
MA0742.1	Klf12	-0.0009044748060404007	0.0067542702543673516
MA0482.2	GATA4	0.01901827645301806	0.2666017475076
MA0099.1	JUN::FOS	-0.040915884710848685	0.917999040424533
MA0102.1	Cebpa	-0.017423905014991383	0.2750521983776475
MA0108.1	TBP	0.12567378136515725	2.474971327088148
MA0498.2	MEIS1	-1.4725923540482016e-06	1.942018463142203e-05
MA1100.2	ASCL1	0.05004915405251208	1.409951414617067
MA0812.1	TFAP2B(var.2)	-0.002086506952531557	0.028662256349671775
MA0853.1	Alx4	-0.07096979289548637	1.1459755469585802
MA0033.2	FOXL1	-0.03957528027892135	0.636049904564916
MA0805.1	TBX1	-0.07688149464130378	1.4593753075468265
MA0075.1	Prrx2	0.08885867226123785	1.599262396480474
MA0912.1	Hoxd3	-0.05583835285622575	0.8149629460594432
MA1519.1	LHX5	-0.007930585056542986	0.06974433148463954
MA0694.1	ZBTB7B	0.014722925931215733	0.1578732142266513
MA0491.1	JUND	-0.0055685107782481955	0.05478061798785884
MA0148.2	FOXA1	-0.018622928410768055	0.25382919970588447
MA0475.2	FLI1	-0.02296572396159103	0.33338831617252596
MA0100.2	Myb	0.0067965630292892345	0.0892816018213749
MA0670.1	NFIA	0.027384628176689737	0.3172269652724887
MA1635.1	BHLHE22(var.2)	0.007887352708727344	0.14034547249386925
MA1573.1	THAP11	0.0496824955072073	0.4576347969309829
MA0765.1	ETV5	0.03773704242706148	0.6597124454598156
MA0877.2	BARHL1	-0.0025493038892746337	0.041355162827008705
MA0141.2	Esrrb	-0.048444057822227896	1.2528263748420447
MA0104.1	Mycn	-0.01905754019319993	0.30653252543751425
MA1587.1	ZNF135	-0.04531318016629789	0.5279931552968083
MA0512.1	Rxra	-0.04201273273676634	1.0661078685686083
MA0119.1	NFIC::TLX1	0.07352615780010711	1.1528100565117587
MA0904.1	Hoxb5	-0.06054454389214413	0.7321507366642799
MA0597.1	THAP1	-0.01793261790275523	0.3348962842212318
MA0471.1	E2F6	-0.05519774326682149	0.7462026572757035
MA0844.1	XBP1	0.025024196486919507	0.28107073273455957
MA1466.1	ATF6	0.03230249362066512	0.3110565795164692
MA0895.1	HMBOX1	-0.00044226258993149874	0.005989171499721045
MA0679.1	ONECUT1	0.002841734863817865	0.02379405246114319
MA0051.1	IRF2	-0.0016483560316264522	0.03632470021344734
MA0059.1	MAX::MYC	-0.017661390162073114	0.23654634267897034
MA0162.2	EGR1	-0.040318799710832756	0.652799636245594
MA0761.1	ETV1	0.008808821320533861	0.11071413543819006
MA0796.1	TGIF1	0.07007753741741296	1.2664183033104845
MA0090.1	TEAD1	-0.01882185382768536	0.1915620048164652
MA0037.3	GATA3	0.01955695235729226	0.24210344247525276
MA0145.3	TFCP2	-0.03665213350951626	0.7029794917108051
MA0781.1	PAX9	-0.04770844413829069	0.9371087669357543
MA0036.2	GATA2	0.03225019836728501	0.37931172381039757
MA0803.1	TBX15	-0.06156335997581462	0.9692754497620466
MA0818.1	BHLHE22	0.009430932584218999	0.09727537298639968
MA0048.2	NHLH1	-0.00016217745654290274	0.0023227577288829665
MA0904.2	HOXB5	-0.018586836218834137	0.2120350450250851
MA0481.1	FOXP1	-0.01891550930216966	0.25458393589621503
MA0750.2	ZBTB7A	-0.050430047243834056	1.8308703589945532
MA0846.1	FOXC2	-0.03047058025002504	0.4305704622064956
MA0679.2	ONECUT1	-0.05293244488816776	0.6360964997663427
MA1130.1	FOSL2::JUN	-0.04864925774000472	0.8436157826604589
MA0068.2	PAX4	-0.005858807742595435	0.07027304216706186
MA0881.1	Dlx4	0.010363157868385374	0.10924769011050503
MA0075.3	PRRX2	0.011643266022205561	0.1054689893329008
MA0747.1	SP8	0.010810014536604086	0.0959381470753688
MA0620.1	Mitf	-0.05258538067340777	1.2290137866395812
MA0032.1	FOXC1	0.03993047749996096	0.8431861773916348
MA0511.2	RUNX2	0.028257569909095597	0.5995260317757166
MA0761.2	ETV1	-0.008337776541709604	0.10582680297554782
MA0800.1	EOMES	-0.014997812151908874	0.19382777871132018
MA1633.1	BACH1	-0.026550593659282015	0.37325897873981506
MA0102.4	CEBPA	0.06562231642007905	0.6613915375220455
MA0707.1	MNX1	0.08015127944946317	1.4701959308818824
MA0032.2	FOXC1	-0.012451821833848478	0.13721495237246534
MA0811.1	TFAP2B	-0.011463557529262754	0.18300802278280207
MA0029.1	Mecom	-0.03192716794088521	0.2686928496163914
MA0003.3	TFAP2A	-0.015106123317033275	0.2562945115803224
MA0508.1	PRDM1	-0.020935473293066338	0.55811871062901
MA0065.1	PPARG::RXRA	-0.05928172322362705	1.180329272477689
MA0500.1	Myog	0.015353026675060489	0.28226951703168585
MA0808.1	TEAD3	0.07125604474544597	0.6278911847014697
MA0519.1	Stat5a::Stat5b	0.029088147252796955	0.25603817381371446
MA1532.1	NR1D2	0.03996304837241806	0.29551266481158484
MA1597.1	ZNF528	0.014005136296152824	0.13538594309407692
MA0754.1	CUX1	-0.0325577096119521	0.3876799075766718
MA1572.1	TGIF2LY	0.06762160628940796	1.2512618191113833
MA1117.1	RELB	-0.05133079391718131	0.8111968592681009
MA1487.1	FOXE1	-0.017616571962833772	0.15088295490612522
MA1569.1	TFAP2E	-0.022025124350562985	0.43040190325702843
MA0643.1	Esrrg	-0.08088376095891193	2.240907703635507
MA1552.1	RARB(var.3)	-0.07626866131788194	1.36569369754509
MA0764.2	ETV4	-0.02224952685832924	0.34893884328068636
MA0146.2	Zfx	-0.05267682989314349	1.5109363742895379
MA0836.2	CEBPD	0.04116788727044972	0.470917817854859
MA0122.3	Nkx3-2	0.019696690440177664	0.2354862261368741
MA0098.2	Ets1	-0.016213182985782296	0.2075135971662099
MA0660.1	MEF2B	0.0455248299641535	0.4268970931636212
MA0609.1	Crem	-0.0414140685349698	0.49026288508392235
MA1580.1	ZBTB32	0.01620906335115467	0.17622734969277112
MA0144.1	Stat3	0.019082505251746623	0.17386635737725456
MA1484.1	ETS2	-0.04424044448137292	0.7057655784567798
MA0807.1	TBX5	-0.019892803192137994	0.3245848090885071
MA0637.1	CENPB	-0.005521412975154738	0.06225100261041706
MA1509.1	IRF6	-0.04690554755926234	1.5125278671479958
MA0160.1	NR4A2	-0.023442419648170582	0.44117295058790945
MA0882.1	DLX6	0.01573869037628247	0.16114467584955847
MA0524.2	TFAP2C	-0.00384810426831253	0.05744508841808908
MA1152.1	SOX15	0.00025577199459098034	0.0030988272387955443
MA0143.4	SOX2	-0.016241296529770268	0.19556622121384987
MA1113.1	PBX2	-0.01805333487689492	0.2592734232665117
MA0492.1	JUND(var.2)	-0.00551277665421322	0.03865625089634765
MA1560.1	SOHLH2	0.001847309529781306	0.027114156236475742
MA0147.3	MYC	-0.006404928699135846	0.09398466831035654
MA1568.1	TCF21(var.2)	-0.010215394817292141	0.11501521760284497
MA0886.1	EMX2	-0.018587027907370966	0.1935128433992835
MA0885.1	Dlx2	0.02358640509843924	0.240746010802453
MA0141.3	ESRRB	-0.09634246442839353	2.486039631748002
MA0162.4	EGR1	0.01070753068849448	0.1268506810753359
MA0898.1	Hmx3	0.06474036592152008	0.7747657120403714
MA0472.1	EGR2	0.019426198425702427	0.2217648938111182
MA0693.2	VDR	-0.003795816898345794	0.06714057816437728
MA1419.1	IRF4	-0.021016000851989233	0.4341896403597478
MA0070.1	PBX1	0.009125156959519064	0.0845740261742516
MA0158.2	HOXA5	-0.03557099898159527	0.5665479050415148
MA0910.2	HOXD8	0.013727254122495617	0.15918546271659667
MA0711.1	OTX1	0.06654497444629852	0.9734403303413912
MA0007.1	Ar	-0.00544229837739783	0.039468408497108254
MA0508.2	PRDM1	-0.03290077829919663	0.9974501838282771
MA1594.1	ZNF382	0.02225883022882033	0.20043337990080784
MA0733.1	EGR4	0.04261233969847699	0.5160230758416365
MA0041.1	Foxd3	-0.024298495545983022	0.2581956563623318
MA0604.1	Atf1	-0.060806125756352296	1.2277398855472246
MA0599.1	KLF5	0.08203326568007717	0.9819145959992434
MA0514.1	Sox3	-0.038912504896520435	1.3100771358644951
MA0612.1	EMX1	-0.027346401929855737	0.35493646597190204
MA0102.2	CEBPA	-0.0034361079931260904	0.05119013683035193
MA1557.1	SMAD5	-0.019120272096246366	0.29036014153916645
MA1478.1	DMRTA2	0.06116547948122013	1.6419297285512495
MA0692.1	TFEB	0.021776611112058225	0.21301554794368618
MA0153.1	HNF1B	-0.12015722223371428	1.7687316703053084
MA0052.2	MEF2A	0.10986774818738948	1.1025929781411068
MA0033.1	FOXL1	0.02469004619121539	0.4528492362611528
MA0114.4	HNF4A	0.048880509197712405	0.955606715802959
MA0477.1	FOSL1	-0.020149356715381386	0.256976957163063
MA1566.1	TBX3	-0.006984409093856612	0.11085039860051513
MA0154.2	EBF1	-0.026298535728827187	0.3056345250654279
MA0910.1	Hoxd8	0.08822014191188048	0.9186052651553415
MA0004.1	Arnt	-0.010801704883575434	0.18131117077563205
MA0145.1	Tcfcp2l1	-0.08906689213961434	2.0975065187642716
MA0117.1	Mafb	0.0031001950502395226	0.07336484733406329
MA0685.1	SP4	-0.017948181340936162	0.15969886946675863
MA0478.1	FOSL2	-0.033398144054226586	0.46583898299160104
MA0706.1	MEOX2	-0.03832144826650582	0.6091037964438791
MA0813.1	TFAP2B(var.3)	-0.04466987212374688	1.0090409840120909
MA0913.2	HOXD9	0.1503630390614342	2.8733342658518524
MA0614.1	Foxj2	-0.00603576800599687	0.06760832973189744
MA1128.1	FOSL1::JUN	-0.04887079439358788	0.8233715972179528
MA0888.1	EVX2	0.005943827629089255	0.060234848650550316
MA0090.3	TEAD1	0.07426580289006073	0.6140860843999715
MA0132.1	Pdx1	-0.001517568349837788	0.017243918106947784
MA1111.1	NR2F2	-0.029339666724204752	0.6163610547907579
MA0442.1	SOX10	-0.005480383753776493	0.10248180524459473
MA1524.1	MSGN1	-0.010758929371833821	0.17396804428051135
MA0518.1	Stat4	0.0040060843341057474	0.02835980879360803
MA0098.3	ETS1	-0.015528415143489654	0.2026232527219826
MA0621.1	mix-a	-0.010352488149889044	0.08241762102585551
MA0814.1	TFAP2C(var.2)	-0.0076780912764370214	0.11693192015204987
MA0852.1	Foxk1	-0.008953311620279921	0.09768022250044238
MA0069.1	PAX6	-0.031121591553092166	0.48078392973031825
MA0704.1	Lhx4	-0.013795723378658661	0.17418598094299959
MA1483.1	ELF2	-0.0303762182891369	0.5080498067835526
MA0498.1	Meis1	-0.012411722183227664	0.1736318761035254
MA0037.1	GATA3	0.011934882879256923	0.2093838952243706
MA1503.1	HOXB9	-0.010027124986052094	0.10238682822065258
MA1421.1	TCF7L1	-0.029792604295537237	0.500507746782259
MA0526.3	USF2	-0.03550804309360529	0.3479300164293421
MA0867.2	SOX4	-0.027278888493775966	0.8504533356965636
MA1495.1	HOXA1	-0.03722904813289722	0.5947568591752528
MA0063.2	NKX2-5	-0.003249801635742256	0.03399601810312959
MA0770.1	HSF2	0.1260346322264529	1.1078484463191218
MA0743.1	SCRT1	0.00939237172342854	0.14498472849336944
MA0682.2	PITX1	0.08099167370796095	1.0543429525775725
MA0710.1	NOTO	-0.034169350743293594	0.4321381970922094
MA1539.1	NR2F6(var.3)	-0.003881303664296953	0.04876843190577427
MA0079.3	SP1	0.042825871761888255	0.41557175448373784
MA0039.1	Klf4	-0.007356965422629737	0.12497471992258467
MA0109.1	HLTF	-0.015214831590652213	0.3100383951334424
MA0731.1	BCL6B	-0.005238712674938266	0.06497991444454854
MA1556.1	RXRG(var.2)	-0.07106883741170256	1.2489361544684994
MA0883.1	Dmbx1	0.0775047503113774	0.9391644948470049
MA0680.1	PAX7	0.04895245951879884	0.5237306452772433
MA0258.1	ESR2	-0.018307679943740687	0.2122241298671365
MA1630.1	Znf281	0.08346244504489125	0.9968361527756064
MA0764.1	ETV4	0.007319601237773719	0.09284582424756693
MA0678.1	OLIG2	-0.02751122026983613	0.33517716554827554
MA0075.2	Prrx2	0.0045750339031219445	0.054873607221718655
MA0909.1	HOXD13	0.32505390918254884	5.934706007627262
MA0058.1	MAX	-0.04737868021055984	0.8273766681016779
MA1564.1	SP9	-0.01132990396022795	0.11235229896672382
MA1150.1	RORB	-0.017677136898040728	0.24981759883404053
MA0703.2	LMX1B	-0.05029616512358127	0.6215876055587694
MA1148.1	PPARA::RXRA	0.03210960415005685	0.44567870426105216
MA1108.1	MXI1	0.000999272443354138	0.013994135716253074
MA0481.3	FOXP1	-0.0013207037448885147	0.014883875098167814
MA0068.1	Pax4	0.1067142350301173	1.8647881516134757
MA1563.1	SOX18	-0.02053700780868551	0.5394653505238032
MA0162.3	EGR1	0.023669278931803445	0.26794772820177876
MA0080.5	SPI1	0.002779222734272409	0.029604729362999654
MA0025.2	NFIL3	0.1058081913590423	0.9666021064874806
MA1619.1	Ptf1a(var.2)	0.010890444035641851	0.17883846850575824
MA0798.2	RFX3	-0.045110704936087376	0.36323114382018457
MA0856.1	RXRG	-0.029087573728524378	0.4219937551535907
MA0471.2	E2F6	-0.08887242677807661	1.8779266691609917
MA1498.1	HOXA7	0.025092041850089286	0.33474331754776976
MA0039.3	KLF4	0.0711818231940276	1.2465342469675424
MA0465.1	CDX2	0.2718662350922776	4.626902677643565
MA0050.1	IRF1	-0.003553079009056023	0.24514467420318337
MA0833.1	ATF4	-0.03178618729487159	0.27215236372421003
MA0506.1	NRF1	-0.0023388233389705277	0.03093487064561378
MA0636.1	BHLHE41	-0.029350630658679103	0.28853162009160455
MA0074.1	RXRA::VDR	0.0293926725611087	0.39154021063615874
MA0740.1	KLF14	-0.0006863385718319373	0.005389130212927043
MA0861.1	TP73	0.06853046887414639	0.6853279156669502
MA1101.2	BACH2	0.007060163083486084	0.061208268268334344
MA0814.2	TFAP2C(var.2)	-0.009991164266131879	0.18286909033387483
MA0485.1	Hoxc9	0.023285987697542636	0.2120692758467574
MA0087.1	Sox5	0.05162876713275894	0.7143488432737846
MA1558.1	SNAI1	0.02685137005150256	0.5062878103693215
MA0676.1	Nr2e1	-0.028876088440418703	0.6095160530370523
MA0470.1	E2F4	-0.09506473471142664	2.3973405139359834
MA0745.1	SNAI2	0.010690480589866392	0.20673491690005041
MA0470.2	E2F4	0.0003870010487734647	0.0039005650722817265
MA0594.2	HOXA9	0.061822458505630076	1.6229872279989284
MA0103.1	ZEB1	0.004969022274017357	0.09866865555078273
MA0486.2	HSF1	0.12531896194070244	0.9731032454946797
MA1132.1	JUN::JUNB	-0.06324051025509779	1.5408135828150262
MA0716.1	PRRX1	0.0014153567552566272	0.01456876548159498
MA1644.1	NFYC	0.026628528714179277	0.32866278343389355
MA0774.1	MEIS2	-0.00011341685056669497	0.0014570513578004496
MA1135.1	FOSB::JUNB	-0.040499020740389656	0.5967449378824833
MA0509.1	Rfx1	-0.07037678252253798	1.1445981654088841
MA1463.1	ARGFX	0.008790892725809882	0.08692068440275437
MA0687.1	SPIC	0.00466710823774318	0.05461929293118563
MA0871.2	TFEC	-0.0011017792597414354	0.010721332852734794
MA1533.1	NR1I2	0.0010743936598301795	0.011445757039842424
MA1508.1	IKZF1	-0.0059946238398551725	0.09006504038868697
MA0624.1	NFATC1	0.0037645196914674467	0.04966419979699975
MA0602.1	Arid5a	0.1053213387727729	1.1657462125031035
MA0473.2	ELF1	-0.029240959852933544	0.46943949784917327
MA1628.1	Zic1::Zic2	-0.03562488831579709	1.0413394145845096
MA0071.1	RORA	-0.037516607180237305	0.6076155515548066
MA0104.3	Mycn	0.0070871734619139225	0.08885379861361568
MA0900.2	HOXA2	-0.03234832107741413	0.35353954114346314
MA0608.1	Creb3l2	-0.014277155313641064	0.21603937935618603
MA0866.1	SOX21	0.03726575558865558	0.48238387640358094
MA0860.1	Rarg(var.2)	-0.02047643881780106	0.2938439934228874
MA1578.1	VEZF1	0.051244749146513696	0.6282607804477672
MA0491.2	JUND	-0.019702374746091548	0.21993206699392914
MA1138.1	FOSL2::JUNB	-0.03926679869508287	0.5552693534658888
MA1103.2	FOXK2	-0.0021920038312673285	0.026932554191237704
MA0872.1	TFAP2A(var.3)	-0.04846454643085674	1.1017865935141196
MA0718.1	RAX	0.001114017754793181	0.010774803632245637
MA1124.1	ZNF24	0.003241128947585962	0.02598113548542836
MA1538.1	NR2F1(var.3)	-0.02090591566264647	0.2801593943201446
MA1474.1	CREB3L4	0.07418108978122416	1.3679773852346846
MA0473.3	ELF1	-0.00812432193756115	0.11618350886555541
MA0758.1	E2F7	-0.09503829445131291	1.8618230712713801
MA0469.3	E2F3	-0.014214799455366996	0.17568090842617248
MA0638.1	CREB3	0.038918238269165885	0.4643755260701673
MA0112.2	ESR1	0.013642582274973652	0.16060961965030535
MA0035.2	Gata1	-0.002811416298151203	0.033543143394003105
MA1099.1	Hes1	0.010667366743087504	0.2519461447050485
MA0014.3	PAX5	-0.04581405565142563	1.3897301636238766
MA0659.1	MAFG	0.03182759439386348	0.41828712211878366
MA0106.2	TP53	-0.008823693541809724	0.06894482644970498
MA0650.1	HOXA13	0.2379963276982301	4.305102801460295
MA0616.2	HES2	0.006542587909847423	0.07429970955692887
MA0043.3	HLF	0.05723797675222086	0.46077601401484414
MA0036.3	GATA2	0.0008461913764479293	0.00933469133396909
MA0752.1	ZNF410	1.3527692839279906	14.793481698517615
MA0750.1	ZBTB7A	0.021246390461921776	0.2990719864820721
MA0035.4	GATA1	-0.0006007211506366665	0.006064344010478581
MA1511.1	KLF10	-0.004631705261766355	0.03734417465849647
MA0480.1	Foxo1	-0.011754432171583553	0.16072495557635638
MA0496.2	MAFK	0.018147666997275883	0.22606618476342907
MA0148.1	FOXA1	-0.018121579259634098	0.24683727111781884
MA0163.1	PLAG1	-0.016503140037879147	0.17753304744304826
MA0817.1	BHLHE23	-0.016201764114200323	0.16507111653136217
MA0746.1	SP3	0.0019420470297336655	0.018557601121588052
MA0462.2	BATF::JUN	-0.021241931915283688	0.2789694675529761
MA0108.2	TBP	0.12023151427507735	2.333534975622076
MA0093.2	USF1	-0.02696619619894784	0.29095101337693674
MA0138.1	REST	0.0020343185565433455	0.021665433147667234
MA1615.1	Plagl1	0.015142940817400785	0.2511462784567404
MA1108.2	MXI1	-0.006543545007705536	0.05921008421109128
MA0613.1	FOXG1	0.017424036942422668	0.1765629726855686
MA0748.2	YY2	-0.013974761418998704	0.15515987119335647
MA0757.1	ONECUT3	-0.007821623070165432	0.0618382089364504
MA0150.1	NFE2L2	-0.05088120170310235	0.735147858941213
MA0052.1	MEF2A	0.01508737368322885	0.11508671981855191
MA0258.2	ESR2	-0.001959445174783505	0.020865098782166292
MA0596.1	SREBF2	0.051852727606891864	0.4245744234412658
MA1521.1	MAFA	0.014296392435207545	0.2112162761462235
MA0669.1	NEUROG2	0.01011951138079178	0.10199926449027252
MA0702.1	LMX1A	0.0026694723367695077	0.026756693553032413
MA1601.1	ZNF75D	0.037669139593840176	0.4058706214612009
MA0500.2	MYOG	0.01874504007399115	0.36437801511616547
MA0102.3	CEBPA	0.06878531177342172	0.6289717211349214
MA0512.2	Rxra	-0.030405091241001405	0.44824748178618473
MA1102.1	CTCFL	-0.03313290524575782	0.6511614189584559
MA0878.2	CDX1	0.1892925837188944	3.022896133430524
MA0650.2	HOXA13	0.2520856041237791	3.109110607590788
MA1481.1	DRGX	0.002215067982674058	0.02160611983637468
MA0002.1	RUNX1	0.10053526234626627	1.697615108875695
MA1603.1	Dmrt1	-0.000184659443795625	0.002006598432257455
MA1525.1	NFATC4	0.02358013677597044	0.36065609504560464
MA1502.1	HOXB8	0.028152108252048776	0.37432425385388557
MA0122.1	Nkx3-2	-0.009052637457847337	0.17790300732198164
MA1099.2	HES1	0.003995147103443869	0.051134237942196556
MA1113.2	PBX2	0.03892098901420898	0.40836866620166357
MA1640.1	MEIS2(var.2)	0.07851660167425677	1.0496726778301848
MA0619.1	LIN54	0.027216480821370886	0.5249978224318532
MA0605.1	Atf3	-0.05586114690452799	0.799014117646968
MA0726.1	VSX2	-0.008073822617530568	0.07823022483336642
MA0130.1	ZNF354C	0.03379416024684885	0.7552152573463418
MA1109.1	NEUROD1	0.0045694329440593585	0.0574313671052531
MA0712.1	OTX2	0.10562717342376661	1.8625140346315745
MA0077.1	SOX9	-0.021021652102469996	0.34445186740593375
MA0100.1	Myb	0.032978402614593984	0.8784251955899276
MA0067.1	Pax2	-0.04088338112831165	1.3203979331464355
MA0515.1	Sox6	-0.028225869476795035	0.5788116169577786
MA1649.1	ZBTB12	-0.06612081652879681	1.6749709384100642
MA1554.1	RFX7	-0.0462445722818384	1.0447865254333668
MA0695.1	ZBTB7C	-0.0018186447322368427	0.021204849503232384
MA0698.1	ZBTB18	-0.04502681609801981	0.7830875252676528
MA1499.1	HOXB4	-0.03921052118483931	0.48186109625285856
MA0891.1	GSC2	0.15591796064376987	3.428717182257078
MA1480.1	DPRX	0.10649801087379707	1.6891224494252368
MA0153.2	HNF1B	-0.12903775525791664	2.5230670833695736
MA0828.1	SREBF2(var.2)	0.022032594354824207	0.1594429887828192
MA1577.1	TLX2	0.01660480803251328	0.18726770892353775
MA0131.2	HINFP	-0.020705797050148512	0.46047079254934414
MA0809.1	TEAD4	0.015185256004332959	0.12846561901915643
MA0656.1	JDP2(var.2)	-0.052592285197228694	0.5626809845462566
MA1570.1	TFAP4(var.2)	-0.03761378256976559	0.4589705087412744
MA0666.1	MSX1	0.00020616018772125436	0.0021337880780622
MA0652.1	IRF8	-0.01388397646695359	0.3089292686410508
MA0870.1	Sox1	0.004824431831017051	0.03554942941454232
MA1107.1	KLF9	0.05010194279998539	0.5826503013477108
MA0027.1	En1	0.005722707271576056	0.11081439952479523
MA0485.2	HOXC9	0.001887588798999957	0.01744074903325493
MA0909.2	HOXD13	0.1862666366994364	2.085695970797498
MA0729.1	RARA	-0.03220273235940749	0.6959449519980011
MA0787.1	POU3F2	0.05000391056016197	0.6514440699689439
MA0035.3	Gata1	0.008134960601106321	0.09413974640637499
MA1136.1	FOSB::JUNB(var.2)	-0.002432598963379362	0.017465803435261225
MA0795.1	SMAD3	-0.02365237879101195	0.36740568755181985
MA0902.2	HOXB2	-0.01688877153396629	0.2100681760580823
MA1574.1	THRB	-0.0025902194455265917	0.02789024806318155
MA1528.1	NFIX(var.2)	0.03953231363836735	0.5035653961106898
MA0009.1	Tbxt	-0.02487513273861222	0.338444351058635
MA1602.1	ZSCAN29	0.012495594657957692	0.15569570293137014
MA0526.2	USF2	-0.009834628950804539	0.10477374725968133
MA0522.2	TCF3	0.005527627706527785	0.0961102448718495
MA0653.1	IRF9	-0.02707464828202507	0.6986308586579113
MA0520.1	Stat6	-0.044917425728636405	0.889585086829441
MA1141.1	FOS::JUND	-0.04035266176611227	0.6087999362950056
MA0810.1	TFAP2A(var.2)	-0.014143110552802589	0.2253224545296775
MA0634.1	ALX3	0.02967352199554364	0.44042139415423526
MA0794.1	PROX1	0.004032633337192778	0.03295931683072946
MA1625.1	Stat5b	0.08882923981547415	0.8202786663538937
MA0137.2	STAT1	0.0570398352295162	0.5033386278239524
MA0009.2	TBXT	-0.03878824364906112	0.5318522674123837
MA0489.1	JUN(var.2)	0.009348926252685519	0.10121485383202146
MA1596.1	ZNF460	-0.03682459889259247	0.5734009717890594
MA0508.3	PRDM1	-0.0010926929116250024	0.01797192086820748
MA0640.1	ELF3	-0.04793237555213217	0.7936954718310094
MA0469.2	E2F3	0.018534924642183252	0.20761075770114093
MA0473.1	ELF1	-0.024954725027084488	0.4852452759912661
MA0509.2	RFX1	-0.061781117836013796	0.663983578056774
MA0673.1	NKX2-8	-0.01158381128311168	0.2166188659931356
MA0046.2	HNF1A	-0.11494352108845488	2.1332552560749845
MA0114.1	HNF4A	-0.018484887301921934	0.39496622195774306
MA0771.1	HSF4	0.00971371002495292	0.06537071344034617
MA1144.1	FOSL2::JUND	-0.041468646124005526	0.6072924605245575
MA0083.3	SRF	0.12961805724585457	1.662224478434529
MA1123.1	TWIST1	-0.021715305149554776	0.3237269658189501
MA0146.1	Zfx	-0.05283557932078918	1.517853122662685
MA0006.1	Ahr::Arnt	-0.004600430369377182	0.09251094857475302
MA0842.1	NRL	0.0179772670865054	0.33178524403742715
MA1122.1	TFDP1	-0.11595561337843499	4.0144930715079425
MA0868.1	SOX8	-0.03339746976085002	0.3155458372982396
MA0681.1	Phox2b	0.041662782985717496	0.46361122059514726
MA0024.1	E2F1	-0.015152921386063235	0.24744501223700596
MA0618.1	LBX1	-0.005095022797584421	0.03994805355576233
MA0494.1	Nr1h3::Rxra	-0.05900585805624686	0.7462464966980519
MA1515.1	KLF2	0.009618100345134297	0.09698367358137863
MA0469.1	E2F3	-0.1193735120799407	3.0747845908295686
MA0503.1	Nkx2-5(var.2)	-0.019807190433144287	0.29369639924381213
MA0024.3	E2F1	-0.004032819301355454	0.04822765466089025
MA0017.2	NR2F1	-0.006174635142087646	0.09260054049544546
MA0816.1	Ascl2	0.026511447450146722	0.5344383210392887
MA0079.1	SP1	0.01678851616382598	0.18842309585489994
MA1501.1	HOXB7	-0.052573485791682806	0.9471038619573374
MA0647.1	GRHL1	-0.002790858125081332	0.02819086446398492
MA0871.1	TFEC	0.035094102203844506	0.39410560805355
MA0622.1	Mlxip	-0.0152841206789012	0.24419365862003514
MA0598.3	EHF	-0.0038506628274921524	0.048580201459313466
MA1657.1	ZNF652	-0.042746922984718556	0.7318698565973818
MA0526.1	USF2	-0.03743407177925019	0.39192065144423
MA0734.1	GLI2	0.04536026497185208	0.7503797740201875
MA1112.1	NR4A1	-0.010571902662515804	0.16567744253420036
MA0025.1	NFIL3	0.09651438109576534	0.88211638712519
MA0645.1	ETV6	-0.005753967642784182	0.08127236552948054
MA0122.2	NKX3-2	0.04116170227527623	0.8718463759350282
MA0734.2	GLI2	0.04763157799095017	0.5588304068486366
MA0035.1	Gata1	0.06108913195133091	1.7345465789567138
MA0623.2	NEUROG1	0.0015990558015182917	0.014997688119797707
MA0630.1	SHOX	0.024537699818611664	0.3135630217648992
MA1629.1	Zic2	-0.031091847069560877	0.7084206332238719
MA1583.1	ZFP57	-0.026858509160578192	0.5659547250114898
MA0755.1	CUX2	-0.03120722639560741	0.34895242017261924
MA0030.1	FOXF2	0.00026713871955894654	0.002351306922699622
MA0036.1	GATA2	0.047448999166489196	1.9142149274428455
MA0598.1	EHF	-0.05195236405730334	0.8738075745120821
MA0106.1	TP53	0.03644709208887134	0.39397157049151543
MA0658.1	LHX6	-0.03824853163957493	0.5012116630354684
MA1125.1	ZNF384	-0.03717205139156465	0.5310188943730202
MA0482.1	Gata4	0.023264852255583123	0.2815585024497677
MA0104.4	MYCN	-0.01728802458662463	0.3262641695951851
MA1553.1	RARG(var.3)	-0.06580331612378265	1.064291411801889
MA1106.1	HIF1A	0.015058790802955403	0.2253158638419636
MA0461.2	Atoh1	0.0017203173041344195	0.01791304988753044
MA0700.2	LHX2	0.09867934173345373	1.4862924529527717
MA1541.1	NR6A1	-0.022901492125820388	0.3553579072617064
MA0155.1	INSM1	-0.03939745758846351	0.4428386302176218
MA0709.1	Msx3	0.009899145126342195	0.09615279282971627
MA0467.1	Crx	0.06245217058062506	0.7834835709718351
MA1103.1	FOXK2	0.003015495941043053	0.03547292062325599
MA0019.1	Ddit3::Cebpa	-0.03168080937862315	0.4064333641332226
MA1140.1	JUNB(var.2)	0.02037445793300847	0.19904606349170886
MA1584.1	ZIC5	0.013287919964641575	0.1636345174653262
MA0902.1	HOXB2	-0.023593203067779796	0.3429823590092023
MA1618.1	Ptf1a	0.008516212999820779	0.10027692098783263
MA0684.2	RUNX3	0.04429653668403553	0.9934676799293277
MA0058.2	MAX	0.008363922685384554	0.08733522127116393
MA0007.3	Ar	-0.006474757470190631	0.05972692069065371
MA0649.1	HEY2	0.027634581930935067	0.41510436996578837
MA0834.1	ATF7	-0.0857721703303984	1.0449989037488912
MA0161.2	NFIC	-0.058357501804827974	1.226250782822007
MA0632.2	TCFL5	1.7053678631754274e-05	0.0002508120036176323
MA1118.1	SIX1	0.00840647847950459	0.13053007537593372
MA1420.1	IRF5	-0.003836808501626343	0.0712646039746841
MA1506.1	HOXD10	-0.00038320674561009084	0.0036981331075346536
MA0639.1	DBP	0.11317610125243716	1.024031462839265
MA0150.2	Nfe2l2	-0.03602927596867156	0.4977276125723092
MA0715.1	PROP1	0.0993606467536002	1.5469785131229137
MA1624.1	Stat5a	0.06356212782859746	0.6936055315313779
MA0640.2	ELF3	-0.002277570068836016	0.029939073741495247
MA1126.1	FOS::JUN(var.2)	-0.09624754896760204	1.8513494603626466
MA1134.1	FOS::JUNB	-0.039495112206786476	0.5618335508285415
MA0042.1	FOXI1	-0.07793016140162813	1.1272573210788766
MA0105.3	NFKB1	-0.04403194637596716	0.4597120854637689
MA0736.1	GLIS2	0.0004593841060999362	0.004859949892204264
MA1616.1	Prdm15	-0.016584927543997673	0.27987703726400937
MA1145.1	FOSL2::JUND(var.2)	-0.05501977037079531	0.6348967100001378
MA0002.2	RUNX1	0.012242806732654174	0.17117153543096247
MA0490.2	JUNB	-0.02185659687744991	0.24765951139626724
MA1105.1	GRHL2	-0.0014888130575418594	0.017223160757486058
MA1648.1	TCF12(var.2)	0.026466117680072145	0.546548388472867
MA0620.3	MITF	-0.005669080624007493	0.0407439342502223
MA0156.1	FEV	0.040304039061069157	0.6236485455145644
MA0595.1	SREBF1	0.04315425375103948	0.3678626122790415
MA0797.1	TGIF2	0.08308865492604557	1.4469526323879496
MA1102.2	CTCFL	-0.049724169984458964	1.005330954981462
MA0615.1	Gmeb1	0.013367951571941011	0.17392942085224744
MA0511.1	RUNX2	0.040625892594456675	0.49734079214268934
MA1652.1	ZKSCAN5	-0.0515557852536437	0.7361056679337656
MA0507.1	POU2F2	0.03008727448852748	0.37235165494267486
MA0901.1	HOXB13	0.3214667580127623	5.167768936725465
MA0616.1	Hes2	-0.009977202296256971	0.19558240579607153
MA0095.2	YY1	-0.008458547234535407	0.11154597884545049
MA0024.2	E2F1	-0.06946288713812883	1.4017066217663166
MA0663.1	MLX	0.03324517143890196	0.26586738046275166
MA1653.1	ZNF148	0.033819746030495326	0.3239186392596907
MA0748.1	YY2	-0.008583790004253264	0.10296411313609202
MA0484.2	HNF4G	0.04881947320699698	0.9782555409202851
MA1142.1	FOSL1::JUND	-0.037687919497490285	0.9019955951791028
MA0900.1	HOXA2	-0.04085424315929361	0.7129971513868312
MA0479.1	FOXH1	0.037099595651029896	0.3584864139698116
MA1120.1	SOX13	-0.02687126123905196	0.39314359554351813
MA0092.1	Hand1::Tcf3	0.007006134033202987	0.08045905903720356
MA0147.1	Myc	-0.01167745052278056	0.18293575496072575
MA0662.1	MIXL1	-0.010404072046279716	0.14390663420693423
MA0018.3	CREB1	-0.06357145419297698	0.9911814627479826
MA0830.2	TCF4	0.038363966897130196	0.8743171694258036
MA0833.2	ATF4	0.019605954663827748	0.14841562162930513
MA1467.1	ATOH1(var.2)	0.04600383222848174	0.8661008794959494
MA0052.3	MEF2A	0.006485650591552186	0.04348165656028515
MA0058.3	MAX	-0.015352398451417332	0.2111064371213067
MA0143.2	Sox2	-0.051084931567310525	0.7623931277049837
MA0038.2	GFI1	0.03409815302770575	0.5186210982231695
MA0112.1	ESR1	-0.04879631000384769	0.7039589467439232
MA0681.2	PHOX2B	0.09107935224473654	0.9792175995313845
MA0018.4	CREB1	0.01208208748698266	0.09988069088888549
MA1110.1	NR1H4	-0.050116541206837534	0.9572617505141022
MA1151.1	RORC	0.02836349678039476	0.396294268369417
MA0114.3	Hnf4a	0.003044478621334011	0.02970172003109
MA0822.1	HES7	-0.002192532494664331	0.018485004682237065
MA1127.1	FOSB::JUN	-0.0674748746014668	0.9022899145031913
MA1642.1	NEUROG2(var.2)	0.0011943055689334783	0.014330419306407391
MA1107.2	KLF9	0.01871290625631796	0.17521752955900105
MA0777.1	MYBL2	0.06153927137516539	1.1124105007694884
MA0063.1	Nkx2-5	0.07553586912154926	1.2341200233882577
MA1575.1	THRB(var.2)	-0.02333223755750787	0.36274616244556895
MA0806.1	TBX4	-0.03413520622253355	0.6163856805298694
MA0908.1	HOXD11	-0.013166718244553222	0.14658948518835238
MA1620.1	Ptf1a(var.3)	-0.0053567162752150834	0.09127546986877222
MA0495.1	MAFF	0.028509547099471483	0.3194771697104283
MA0476.1	FOS	-0.04511295735090909	0.7189446951990381
MA0674.1	NKX6-1	0.0008639160990715044	0.007274846808638628
MA0791.1	POU4F3	-0.026005606111139296	0.21265862480344577
MA1622.1	Smad2::Smad3	-0.02141829949617369	0.3065950043198553
MA0606.1	NFAT5	0.001643800854683175	0.021202214486271527
MA0760.1	ERF	0.022371045768260326	0.22856206742137203
MA0072.1	RORA(var.2)	0.0005386500749732478	0.004368567011948051
MA1545.1	OVOL2	-0.029526466265320732	0.41350776141431267
MA1513.1	KLF15	-0.08557919111848057	1.337947985469148
MA0157.2	FOXO3	0.018763378411533183	0.23939231090678223
MA1634.1	BATF	-0.02193973204493508	0.297217813635329
MA0840.1	Creb5	-0.043177883660420954	0.40900634563164406
MA0699.1	LBX2	-0.014676484584807607	0.1991431673877735
MA0493.1	Klf1	0.005290317039936672	0.04072825406273121
MA0483.1	Gfi1b	0.04116662638261889	0.7063541160832861
MA0751.1	ZIC4	-0.006704877216368876	0.08760535614263225
MA0499.1	Myod1	0.05390925843361655	1.552524026588028
MA0158.1	HOXA5	-0.006101037025451983	0.08978073283125002
MA1129.1	FOSL1::JUN(var.2)	0.0018331751376390764	0.013134737655490697
MA0642.1	EN2	-0.02849734479188898	0.4398231705178805
MA0060.2	NFYA	0.00224019351042825	0.021702450720303065
MA0603.1	Arntl	-0.018595845460891276	0.2365503373388234
MA0907.1	HOXC13	0.10237802845239873	1.5347381980547499
MA0164.1	Nr2e3	-0.05287871932983543	1.4536371867862643
MA0093.3	USF1	-0.03352407642081342	0.31201697294761715
MA0593.1	FOXP2	-0.0308384799715135	0.43720452095650697
MA1592.1	ZNF274	-0.007620369151234888	0.061533588519052926
MA0697.1	ZIC3	0.0003820254115853787	0.00411627892264126
MA0113.1	NR3C1	-0.025519899122416208	0.22755171485898112
MA0145.2	Tcfcp2l1	-0.08894190973415952	2.0893951457196156
MA0648.1	GSC	0.1276440494060465	2.2491246968709775
MA0717.1	RAX2	0.0018582729697225395	0.02174197345246513
MA0592.2	Esrra	-0.06858367880992661	1.323775421725726
MA0776.1	MYBL1	-0.048035143970047246	0.9518770835169256
MA1647.1	PRDM4	0.007010717272758398	0.14396058662403788
MA1112.2	NR4A1	0.02996812325716068	0.5746301058464598
MA0117.2	Mafb	0.006567975670099369	0.0813109220776379
MA0889.1	GBX1	-0.015108516704290552	0.15839188277829477
MA0114.2	HNF4A	0.01869635432213499	0.28007467295809635
MA1585.1	ZKSCAN1	-0.011690713852644046	0.08529986349621686
MA1517.1	KLF6	0.03800085937976751	0.4771029085987414
MA1494.1	HNF4A(var.2)	-0.05707401585299593	1.1597423037028511
MA0756.1	ONECUT2	0.011452217311132884	0.10080167575319965
MA1143.1	FOSL1::JUND(var.2)	-0.02133731317520034	0.27477828384550024
MA0869.1	Sox11	0.010028923377394968	0.10841807427668214
MA0047.1	Foxa2	-0.016958991497754813	0.19586359713124696
MA0864.2	E2F2	0.010989350741380088	0.12368543148760026
MA0517.1	STAT1::STAT2	-0.01612515342235556	0.61315702471069
MA0600.1	RFX2	-0.07177120661549428	1.101839333872217
MA1637.1	EBF3	-0.06483540673693536	1.360449363306524
MA0080.1	SPI1	-0.04916135990619522	1.8589326177897563
MA0088.1	znf143	0.13102458351315013	1.0924622622694695
MA0496.3	MAFK	-0.015175305493176186	0.20786010105875447
MA0664.1	MLXIPL	0.0010715527385473545	0.008548815014875661
MA0874.1	Arx	-0.00871892311982788	0.06408785996489108
MA0880.1	Dlx3	0.012759220600128796	0.14533593808372255
MA0014.1	Pax5	0.00825246855616538	0.08810478245462339
MA0105.1	NFKB1	0.0047823155149816455	0.03496945185226286
MA1562.1	SOX14	-0.014416074454784038	0.21256228856263737
MA0732.1	EGR3	0.011534827301279181	0.11704847244537893
MA0516.2	SP2	-0.0039846765007826995	0.02937624912357919
MA0151.1	Arid3a	-0.009437301158904779	0.13869337124332734
MA0659.2	MAFG	0.025026767499745573	0.3252691335434634
MA0703.1	LMX1B	0.005538313567637879	0.05908718107386393
MA0525.2	TP63	0.060970671229064285	0.5643267486749988
MA0014.2	PAX5	-0.014659543327987143	0.19424401195939828
MA1631.1	ASCL1(var.2)	0.03967239874601395	0.7446456146406093
MA0490.1	JUNB	-0.03053123745741383	0.4216514824302512
MA1537.1	NR2F1(var.2)	-0.006358410144573933	0.07564524385316328
MA0712.2	OTX2	0.09568562150001271	1.2891482063681923
MA1476.1	DLX5	0.01778035444021186	0.15141474024279228
MA0143.1	Sox2	-0.05062951503694044	0.7552178216586962
MA0845.1	FOXB1	-0.011511708853766641	0.1229516433811607
MA1123.2	TWIST1	-0.02179153960943198	0.3261691655661065
MA0090.2	TEAD1	0.10556151676177813	1.3258514132356365
MA0076.1	ELK4	-0.044036590874195175	0.6685539946083638
MA1567.1	TBX6	0.0005799704790115424	0.007557619979863028
MA1146.1	NR1H4::RXRA	-0.016126329435035544	0.22620573476606182
MA0066.1	PPARG	-0.01633841129578685	0.15191480414730804
MA0111.1	Spz1	-0.021006217598915237	0.2496300998683433
MA0623.1	Neurog1	-0.009213349223137362	0.11940151428910512
MA0148.4	FOXA1	0.0273307745456694	0.3808029044532013
MA0084.1	SRY	0.004804534912109433	0.05976460316001568
MA0873.1	HOXD12	0.016831483528018	0.1921853741372073
MA0046.1	HNF1A	-0.06925190748900677	0.9584697336120697
MA0641.1	ELF4	-0.023053461413830308	0.3503648377787195
MA0865.1	E2F8	-0.10915458752960214	2.58752246909427
MA0136.2	ELF5	-0.008506100177764786	0.16544188254638495
MA0782.2	PKNOX1	-0.02367138314247102	0.3825193484964054
MA0080.4	SPI1	-0.0109276076303794	0.1329623828142018
MA0821.1	HES5	0.019324206033721373	0.19435806798433333
MA0481.2	FOXP1	-0.023262388497590606	0.3878091794756944
MA0768.1	LEF1	-0.03790987226366973	0.5811170230073102
MA1507.1	HOXD4	-0.012563141584397008	0.12214225376371526
MA1561.1	SOX12	-0.04136370213329727	0.6752583563515933
MA0486.1	HSF1	0.03207328827958416	0.25079784659952653
MA0782.1	PKNOX1	0.08963960364647391	1.6876735782252004
MA0513.1	SMAD2::SMAD3::SMAD4	-0.0073396001681688425	0.07900357693423607
MA0668.1	NEUROD2	-0.009960622027516505	0.13439391713556476
MA0912.2	HOXD3	-0.03399906528741049	0.4443744716006097
MA0901.2	HOXB13	0.3058789439369015	4.653307158113575
MA0851.1	Foxj3	-0.013793866351246941	0.1485987492668691
MA0007.2	AR	-0.04241274454258254	0.6307672532715317
MA1547.1	PITX2	0.08521194851398192	1.0922718998625953
MA0701.1	LHX9	-0.0013510308265686037	0.01488575744596867
MA0073.1	RREB1	-0.018726269817503773	0.1355277929802689
MA0047.2	Foxa2	-0.024365817308426636	0.32976678744509336
MA1579.1	ZBTB26	0.004198266088962493	0.04510850472327076
MA1627.1	Wt1	0.07944681114517067	1.3376179025261832
MA0788.1	POU3F3	0.0701078979545271	0.8943102166577562
MA1530.1	NKX6-3	0.09417238427698388	1.2284905771268644
MA0677.1	Nr2f6	-0.023316047254949217	0.3131723189568972
MA1639.1	MEIS1(var.2)	0.02144039590656719	0.22030259600084623
MA1489.1	FOXN3	0.029300895214082436	0.41762770805521565
MA0609.2	CREM	-0.06593427607417142	1.0235827939342528
MA0521.1	Tcf12	0.016144439496099516	0.2909051602677029
MA1472.1	BHLHA15(var.2)	0.01650433900952361	0.3011876138382786
MA0040.1	Foxq1	-0.025043459281324985	0.23025786093404535
MA0047.3	FOXA2	0.010351178107317768	0.12759226882917785
MA0003.2	TFAP2A	-0.029320329673589034	0.5574387586229751
MA0605.2	ATF3	-0.06910868988372304	0.8537454128375941
MA0893.2	GSX2	-0.03635308134555906	0.5954463489102055
MA0868.2	SOX8	-0.014582179546355555	0.21364449306602273
MA0259.1	ARNT::HIF1A	0.03263981449604036	0.6802486315535555
MA1608.1	Isl1	-0.0051224184632291244	0.049156209023406006
MA0113.3	NR3C1	-0.02383188380301019	0.2255447671326881
MA0815.1	TFAP2C(var.3)	-0.03882708551129404	0.8974642830514856
MA0056.2	MZF1	0.0969139057695873	1.5793321006672392
MA0495.3	MAFF	0.019147085703909873	0.21456148421933824
MA0906.1	HOXC12	0.011559810534119412	0.1283976494458688
MA0728.1	Nr2f6(var.2)	-0.021236371338367196	0.34028602254981877
MA1555.1	RXRB(var.2)	-0.04759286446496795	0.6990236543905505
MA0468.1	DUX4	0.024183725450187363	0.2903675319042114
MA0104.2	Mycn	-0.014350576415658553	0.23677267900504984
MA0911.1	Hoxa11	0.01933491845428948	0.24544921249299245
MA1104.2	GATA6	0.026400772690772515	0.31133384982229256
MA0107.1	RELA	-0.06890474473359294	0.8778294123101709
MA0116.1	Znf423	0.005231130496598805	0.06239207867765873
MA0759.1	ELK3	-0.019439633786677422	0.3030007999048685
MA0749.1	ZBED1	-0.05317590970592509	0.5987239164866743
MA0484.1	HNF4G	0.025443374335765576	0.4725972082746544
MA1535.1	NR2C1	-0.04809048408269896	1.2315243570925032
MA0671.1	NFIX	0.002413942873477921	0.03484570388048114
MA1140.2	JUNB(var.2)	-0.0635563469862676	0.7772346512436077
MA1520.1	MAF	0.02105655251070831	0.30713723424905637
MA0138.2	REST	0.014003879158524708	0.16428010933248363
MA0798.1	RFX3	-0.07890674490039312	0.9491539681725428
MA0527.1	ZBTB33	-0.04366374084167149	0.7641358539983678
MA1479.1	DMRTC2	0.04410779619216825	0.7679419227231448
MA0098.1	ETS1	0.03995015621185239	1.0075259911674732
MA0525.1	TP63	-0.046167262491070615	0.6042506586327521
MA1593.1	ZNF317	0.016190031277015925	0.21941836333808135
MA0829.2	SREBF1(var.2)	0.05425534918624843	0.4720892403193224
MA0505.1	Nr5a2	-0.04385646922979501	0.8681432284635494
MA0665.1	MSC	0.0022962239682673556	0.02848426570418944
MA0696.1	ZIC1	0.006357882104814014	0.08213813089101417
MA1645.1	NKX2-2	0.018976227581500565	0.25191454830551246
MA0773.1	MEF2D	0.01868977992981693	0.14750847261203706
MA0161.1	NFIC	0.014207103729247947	0.2782244522559094
MA1505.1	HOXC8	0.0034996047131717898	0.036875682968784566
MA0154.3	EBF1	-0.045310989378020514	0.46149621357068116
MA1565.1	TBX18	0.007744574606418979	0.09791202187719746
MA0112.3	ESR1	-0.03251248043682497	0.4616155289731225
MA0060.1	NFYA	0.04854570224880985	0.6426575836468418
MA0842.2	NRL	-0.009292560900561552	0.1028240564655756
MA0779.1	PAX1	-0.03723850943893291	0.6096026177657161
MA0062.2	Gabpa	-0.023324819482863267	0.5832217459562847
MA0894.1	HESX1	-0.005033002264797402	0.044395087935356
MA0466.2	CEBPB	-0.03366849218308944	0.4064171030987511
MA0875.1	BARX1	0.005425841689109706	0.05279111065820187
MA0887.1	EVX1	0.020432269930840352	0.225815179714046
MA1607.1	Foxl2	-0.0015744986087083976	0.02025053544148471
MA0627.1	Pou2f3	0.05846436190605139	0.8194067134269797
MA1504.1	HOXC4	-0.012889843106269578	0.1333594189499995
MA0848.1	FOXO4	-0.022196065783500703	0.3304668988837819
MA0693.1	Vdr	0.006308970553567757	0.062394802355523055
MA0849.1	FOXO6	-0.011201845049858062	0.1385816072948137
MA0137.3	STAT1	0.053588924568145305	0.46760536408223424
MA1139.1	FOSL2::JUNB(var.2)	-0.016382810558193468	0.1283314413918332
MA1600.1	ZNF684	0.26370865186362524	3.701069733498777
MA0831.1	TFE3	-0.0053301255106926885	0.05433445693070798
MA0801.1	MGA	-0.05175482511520378	0.9546473505262798
MA0018.1	CREB1	-0.01072759864991586	0.13569424822182224
MA0831.2	TFE3	-0.05030557538196475	0.7560022576990697
MA0496.1	MAFK	0.026889274438842623	0.30978548484655216
MA0763.1	ETV3	-0.005161353796720231	0.04894832443445012
MA0139.1	CTCF	-0.03821245556231659	0.6443974854619543
MA1493.1	HES6	0.0207783730402583	0.22689681075965246
MA1100.1	ASCL1	0.003171505793347147	0.050229224657394024
MA0093.1	USF1	-0.01253829708695432	0.17371699500287646
MA0081.2	SPIB	0.014436477661132634	0.17505822365402968
MA0905.1	HOXC10	0.05893819653987779	1.0041745933035713
MA0839.1	CREB3L1	0.05321205331571445	0.7663813995078711
MA0003.4	TFAP2A	-0.01709158601425552	0.35492837778223746
MA0735.1	GLIS1	-0.02574268791265709	0.2746230579119305
MA0631.1	Six3	0.053582967557014693	0.5657277317167566
MA0143.3	Sox2	-0.0653507457971578	1.627824699964544
MA0140.2	GATA1::TAL1	0.057478813562541406	0.7663094195786634
MA1470.1	BACH2(var.2)	-0.06479345604800771	0.6548828614590898
MA0769.2	TCF7	-0.042536514401436167	1.0889354529521789
MA1636.1	CEBPG(var.2)	0.02274402367696186	0.15771397313829824
MA1559.1	SNAI3	0.04549864850193359	0.8845821969299827
MA0625.1	NFATC3	0.011900891542434603	0.16686704136105832
MA0690.1	TBX21	-0.03691115212440515	0.5324627334133316
MA1542.1	OSR1	-0.034423185616731994	0.7378609802876159
MA1512.1	KLF11	0.004526407649740369	0.04087432685849109
MA1473.1	CDX4	0.2019792187511915	3.5163353668318282
MA1643.1	NFIB	0.07730470520909877	1.3021463914453164
MA0095.1	YY1	0.06630584621429621	1.103501709286697
MA0162.1	Egr1	0.03207971679419218	0.5204904314570455
MA1523.1	MSANTD3	-0.0035101506114004638	0.054291509511741755
MA0852.2	FOXK1	-0.028163148283958078	0.5126762879804303
MA1468.1	ATOH7	-0.026636155188084244	0.3780185822248811
MA1546.1	PAX3(var.2)	-0.006109610263258203	0.05301521170642772
MA0028.2	ELK1	-0.03901597818732287	0.6814996192994813
MA0442.2	SOX10	-0.016365686178207113	0.36463274408814894
MA0689.1	TBX20	-0.05461747681349602	0.8028230501661057
MA1531.1	NR1D1	0.0036542806643991136	0.024424161209359103
MA0607.1	Bhlha15	-0.01130401680618509	0.14302590199286191
MA0079.4	SP1	-0.004364362657070254	0.033668769895145605
MA0042.2	FOXI1	-0.020692317411303895	0.30999234084395805
MA0501.1	MAF::NFE2	-0.014057977207005138	0.13774643096130998
MA0626.1	Npas2	0.017663551092148188	0.30219851281800425
MA0510.1	RFX5	-0.0055497468858961676	0.046960773265453344
MA0089.2	NFE2L1	-0.04207658919203142	0.5003760742530753
MA0820.1	FIGLA	-0.01423243293166183	0.25422866618782297
MA0899.1	HOXA10	0.12048622012138446	2.9615313114427186
MA0855.1	RXRB	-0.03140471604838947	0.4611890706941819
MA0524.1	TFAP2C	-0.05346441253647334	1.2876869038919017
MA0056.1	MZF1	0.05053887856006573	1.0171190877198144
MA0783.1	PKNOX2	0.08276798285637083	1.428894002285572
MA0591.1	Bach1::Mafk	-0.02167728073336192	0.27562890920018035
MA1599.1	ZNF682	-0.014215648283250698	0.13061502374376402
MA0060.3	NFYA	0.03609989231824931	0.4902357334554578
MA0753.1	ZNF740	0.1043015325041502	1.44610436565641
MA0157.1	FOXO3	0.023801478117704403	0.3989216229878129
MA0522.1	Tcf3	-0.009694239865988542	0.16639053427485487
MA1133.1	JUN::JUNB(var.2)	-0.01921929310262182	0.18455867326333056
MA1119.1	SIX2	0.03640808853507134	0.6841469944453412
MA0654.1	ISX	0.011157436579465873	0.10338721572178362
MA0772.1	IRF7	-0.0031634203642605494	0.07607381436839439
MA0765.2	ETV5	-0.014371538639069125	0.2777627133530919
MA0101.1	REL	-0.015305842503905102	0.17206997288844905
MA0829.1	Srebf1(var.2)	0.017897352242841943	0.12880549175365621
MA0913.1	Hoxd9	0.08943728566169917	1.9894346619613208
MA0154.4	EBF1	-0.0316084341430105	0.5183919164604626
MA0892.1	GSX1	0.02082940578460758	0.31995531417702544
MA0721.1	UNCX	0.0018295400142667416	0.02163688484484356
MA0700.1	LHX2	-0.02348723603785017	0.2583570197921491
MA1576.1	THRB(var.3)	-0.0016132441932568524	0.012804586673637692
MA0148.3	FOXA1	0.008443214580416792	0.1025832709673766
MA0799.1	RFX4	-0.05461260884813977	0.6241253481818173
MA1641.1	MYF5	0.009750252246856819	0.15437919557389937
MA0792.1	POU5F1B	0.056326176226139675	1.1079619666513136
MA0825.1	MNT	-0.008005811555310965	0.11271105902176011
MA0062.3	GABPA	3.378725051902601e-05	0.0003959708524404905
MA0113.2	NR3C1	-0.042471194817685166	0.5507052616541206
MA0528.2	ZNF263	0.026480662122369113	0.3262389864496518
MA0859.1	Rarg	-0.01467380030825773	0.2062590811146937
MA0655.1	JDP2	-0.03206752609089021	0.34222227111776454
MA1632.1	ATF2	-0.01798311078362196	0.14574808135104667
MA0079.2	SP1	-0.008454159650951771	0.07212145726791726
MA0037.2	GATA3	0.03375710156560026	0.48041448733145115
MA1131.1	FOSL2::JUN(var.2)	-0.053836517946796086	0.5989663546886161
MA0741.1	KLF16	0.01882824550988174	0.175294882554677
MA0611.1	Dux	-0.01952231335639958	0.2305934650898038
MA0610.1	DMRT3	0.06032936504483183	1.0146357096962542
MA1104.1	GATA6	0.019380126930773314	0.21416116791264145
MA0724.1	VENTX	-0.007191033586859831	0.07211571730221432
MA0847.2	FOXD2	-0.023771055862307922	0.3023710879562648
MA0502.1	NFYB	-0.006789554115384767	0.07131204171028495
MA0858.1	Rarb(var.2)	-0.07296281039155851	1.4805859974990843
MA0627.2	POU2F3	0.046388141810893055	0.6753445935367617
MA0132.2	PDX1	-0.018226900696754637	0.19851245737343773
MA1518.1	LHX1	0.003220667123794691	0.043055364309747844
MA0830.1	TCF4	0.008116898030974052	0.1462943552127898
MA0100.3	MYB	0.00698263026773936	0.13452882969994603
MA1534.1	NR1I3	-0.05934213029220601	1.7477326694241417
MA0144.2	STAT3	-0.03570895070955162	0.35316097668139135
MA0661.1	MEOX1	-0.043396765246985686	0.6065063925950527
MA0465.2	CDX2	0.10675710418820779	1.8935035226587362
MA1651.1	ZFP42	-0.04249214519746616	0.6077671762724927
MA0878.1	CDX1	0.21131709289551026	5.146484100961123
MA0890.1	GBX2	-0.010129959464073498	0.10067101197695619
MA0847.1	FOXD2	-0.030180014550685624	0.6036856779241907
MA0050.2	IRF1	-0.03647696741670354	1.7938115663937315
MA0705.1	Lhx8	-0.022647956952452395	0.336112422652112
MA0790.1	POU4F1	-0.014750953334382777	0.11298114561362992
MA1527.1	NFIC(var.2)	0.03390234882757029	0.4296073090151963
MA0766.1	GATA5	0.007432965159416399	0.09793339093313894
MA0835.2	BATF3	-0.02655632269382452	0.3492078839870936
MA0048.1	NHLH1	-0.0017824830561876909	0.026988939120997146
MA0043.1	HLF	0.017660997807980538	0.15587235536275276
MA1153.1	Smad4	-0.0477924964725969	0.953029575224036
MA0743.2	SCRT1	-0.01154555086791491	0.18821870266506938
MA1497.1	HOXA6	0.00954536104202283	0.11587251956935961
MA0464.1	Bhlhe40	-0.01699405796080837	0.20306724959850184
MA1418.1	IRF3	0.0013977872505783891	0.018600664960734547
MA0089.1	MAFG::NFE2L1	-0.07759285128116734	1.9491359648849205
MA0778.1	NFKB2	-0.018020928210462493	0.17128597589011726
MA0802.1	TBR1	-0.005320905089378028	0.06864194399938696
MA1471.1	BARX2	0.003297613739966894	0.02714884641298634
MA0103.3	ZEB1	0.016235925596207575	0.31863906139277975
MA0495.2	MAFF	0.015922191682271943	0.17670388756251515
MA0876.1	BSX	0.02100983142852677	0.25136846049466444
MA0683.1	POU4F2	-0.017667025489965658	0.13232979867453495
MA0737.1	GLIS3	0.005740334430709188	0.041649503750566995
MA0727.1	NR3C2	-0.026455956204794403	0.25367107137630696
MA0775.1	MEIS3	-0.005937123298644907	0.0838471846459504
MA0461.1	Atoh1	-0.012648130893707187	0.172067178341113
MA1549.1	POU6F1(var.2)	0.048676485002042004	0.5065958264526379
MA0142.1	Pou5f1::Sox2	-0.03916085008159421	0.3964458942609943
MA0784.1	POU1F1	0.10105291211605205	1.6905360675895178
MA1550.1	PPARD	-0.0015293887481093722	0.016327984833637958
MA0766.2	GATA5	-0.005734162375330677	0.05599744774047298
MA0867.1	SOX4	0.010823102116585008	0.13263402559355394
MA1654.1	ZNF16	-0.045160370111931795	0.5454705901270769
MA0464.2	BHLHE40	-0.009257052697241138	0.09101111225995666
MA0720.1	Shox2	0.009530142486095518	0.09880996825170375
MA0601.1	Arid3b	0.04171695236861634	0.35578766211429425
MA0877.1	Barhl1	-0.009942933797836114	0.13431416803165577
MA1491.1	GLI3	0.05363067088974718	0.6801050833885577
MA0499.2	MYOD1	0.037346391052007134	0.8374879338212677
MA1116.1	RBPJ	0.03234565961360807	0.3095489366326027
MA1522.1	MAZ	0.06100304656103169	0.5796874936087404
MA0722.1	VAX1	-0.03296579575538705	0.5556340175061807
MA0684.1	RUNX3	0.01686275750398583	0.29249387741112165
MA0462.1	BATF::JUN	-0.05564368474623038	0.8689367296490188
MA1121.1	TEAD2	0.047613973826170164	0.4185921753977589
MA0052.4	MEF2A	0.06726580208912505	0.6924581239827995
MA0477.2	FOSL1	-0.026837822830304347	0.34667840864158794
MA0682.1	Pitx1	0.09791055417060773	1.8924225014955132
MA0789.1	POU3F4	0.06197040581144427	0.9139832705015525
MA0793.1	POU6F2	0.02525950579345258	0.2054129573094759
MA0099.3	FOS::JUN	-0.04917303955927563	0.8443932151191529
MA0862.1	GMEB2	-0.0034496526122089373	0.04374766151273781
MA0027.2	EN1	-0.007083332359790575	0.08049441960021443
MA0017.1	NR2F1	-0.06813023931533292	1.6480218138080511
MA1115.1	POU5F1	0.028001858711242708	0.458791785914232
MA0836.1	CEBPD	-0.04188114318251697	0.5066790595468533
MA1105.2	GRHL2	0.009674161277711335	0.13943159706394448
MA0031.1	FOXD1	0.0027645252346992044	0.0320946503808527
MA0135.1	Lhx3	-0.014020692123566015	0.13458661468793617
MA0708.1	MSX2	0.014460808396338688	0.15005399078707501
MA1683.1	FOXA3	-0.0018784142732620039	0.02233034462110931
MA0078.1	Sox17	-0.018215732038020908	0.24638568683943882
MA0864.1	E2F2	0.028325444085990036	0.3630728908823545
MA0651.1	HOXC11	-0.009186796963214545	0.1072510288572118
MA0149.1	EWSR1-FLI1	0.004063512586988566	0.06361028018785696
MA0832.1	Tcf21	-0.0036616624817251524	0.04439344371545851
MA1540.1	NR5A1	-0.06955663502216242	2.7490428729401617
MA0043.2	HLF	0.09301233448088143	0.8847464715407045
MA0628.1	POU6F1	-0.030566590793430506	0.3294138583035595
MA0745.2	SNAI2	0.034704234689473756	0.6539250156219902
MA1529.1	NHLH2	0.014008972071111306	0.2017582244660803
MA0152.1	NFATC2	0.008496899366378883	0.12222031998798256
MA0744.1	SCRT2	-0.00811637098342183	0.1240805588477526
MA0003.1	TFAP2A	-0.030967538990079712	0.8586826178559068
MA1516.1	KLF3	-0.06653759201988622	0.9591433300854798
MA0780.1	PAX3	0.051957855971529326	0.6009386049257197
MA1621.1	Rbpjl	-0.00715286225080486	0.12407102074608603
MA0136.1	ELF5	0.0706878602504731	1.6689051608797418
MA0762.1	ETV2	0.0031660729646682886	0.03494273415292181
MA0843.1	TEF	0.1684328466746963	1.619124725040768
MA1655.1	ZNF341	-0.03905154317617396	0.6285887019745781
MA1137.1	FOSL1::JUNB	-0.04104209959506934	0.7480973707950133
MA0725.1	VSX1	-0.0162902799248695	0.1877185753328882
MA0767.1	GCM2	-0.04182825267314799	0.6550543043480801
MA0474.1	Erg	-0.032667429268360096	0.5587907226698847
MA1544.1	OVOL1	0.003964086487889341	0.03412727019415161
MA0131.1	HINFP	0.004670531734824127	0.06630923870182341
MA0738.1	HIC2	-0.011967681169509508	0.16186201791432842
MA0028.1	ELK1	-0.012581762433052084	0.32365196084788583
MA1464.1	ARNT2	-0.013075511354953374	0.1506007295625865
MA0488.1	JUN	0.012305874673649159	0.083174657825371
MA0744.2	SCRT2	-0.017501535795629023	0.3313878222046756
MA1604.1	Ebf2	-0.061087044825078034	1.1613554596862352
MA0823.1	HEY1	-0.0003276053518056853	0.0037365453367984437
MA0600.2	RFX2	-0.08063530534785254	0.9590532858341468
MA0105.4	NFKB1	-0.008402247015386676	0.07196655008630075
MA0105.2	NFKB1	-0.02404491592571128	0.2373160825242726
MA0826.1	OLIG1	-0.01881001039268422	0.20319317902547054
MA1101.1	BACH2	-0.016152751840651184	0.19873773243925627
MA0463.1	Bcl6	-0.06258085786783986	1.152583834110385
MA0620.2	MITF	-0.052669767555315265	0.5828222596914487
MA0522.3	TCF3	0.03132771269977153	0.6325298646050853
MA1656.1	ZNF449	0.011640875833108907	0.11570665874843124
MA0837.1	CEBPE	-0.025819950342178422	0.3131420582951474
MA0786.1	POU3F1	0.034437487015501415	0.4309111140844324
MA0657.1	KLF13	-0.010633055905811685	0.08788501997108854
MA1514.1	KLF17	0.02031359678506844	0.16644620785466685
MA0106.3	TP53	0.0352064404869451	0.31643527743439864
MA0714.1	PITX3	0.09094900250435131	1.6248786922286191
MA0103.2	ZEB1	-0.02084844858851257	0.3588926737110071
MA0809.2	TEAD4	0.11541742193699325	1.0805547104311715
MA0713.1	PHOX2A	0.05074240046739531	0.6278328329375641
MA0785.1	POU2F1	0.09189537131041238	1.6809483765547444
MA0125.1	Nobox	0.015443032056093283	0.14166300884055397
MA0475.1	FLI1	-0.04571582639217268	0.9424560848631189
MA1475.1	CREB3L4(var.2)	-0.06553997602406879	1.0654375667902254
MA0124.2	Nkx3-1	0.03653735154867189	0.6443120403486038
MA0038.1	Gfi1	0.061708933353425595	1.8098782446508423
MA0592.1	ESRRA	-0.05168986853025745	1.3292924487752948
MA1114.1	PBX3	-0.02332239846885198	0.34520453580282673
MA0879.1	Dlx1	-0.017933849096297142	0.20316457217290107
MA0884.1	DUXA	-0.015033051440958057	0.1834053012765065
MA0903.1	HOXB3	-0.020362656950950693	0.28157130043076367
MA0080.3	Spi1	-0.0492423925176265	1.0966268298652462
MA0857.1	Rarb	-0.026745354548096168	0.5454797383153718
MA1588.1	ZNF136	0.41612045067175635	4.930194026780073
MA0635.1	BARHL2	0.021386286258697252	0.4037091107660171
MA1536.1	NR2C2(var.2)	-0.017029191255569096	0.3812789985031167
MA0516.1	SP2	-0.035645605781348816	0.47647704517721834
MA0159.1	RARA::RXRA	-0.08545792224444423	1.64042207140462
MA0719.1	RHOXF1	-0.0019457511901857327	0.0214900070598132
MA0632.1	Tcfl5	-0.001875356554985011	0.034632443635489896
MA0474.2	ERG	-0.024187679171562067	0.3709849124776917
MA0523.1	TCF7L2	-0.04730449208617175	1.0560760148920048
MA0065.2	Pparg::Rxra	0.027072229921817483	0.4782372472448908
MA0115.1	NR1H2::RXRA	-0.03079440762102604	0.6958783527203791
MA0688.1	TBX2	0.0027299839258198917	0.037224802534738824
MA0592.3	ESRRA	-0.06313237119209791	1.728444126345971
MA0504.1	NR2C2	-0.007821587815880809	0.09999877462238226
MA0914.1	ISL2	0.02564710247516634	0.6004972983106723
MA0083.1	SRF	0.1550300105535423	1.746863197091729
MA0140.1	Tal1::Gata1	0.03645036947727131	0.5767826918750962
MA1485.1	FERD3L	-0.019104230310768033	0.23490213208351737
MA0644.1	ESX1	-0.009975340008735997	0.12170882094081512
MA1571.1	TGIF2LX	0.06198184533487171	1.0670302478562343
MA0081.1	SPIB	-0.005790564894676171	0.10709830574172029
MA0701.2	LHX9	0.010640733212231936	0.0986097697660022
MA1623.1	Stat2	0.008104271784424624	0.22897352949703084
MA0154.1	EBF1	0.0040495344400400925	0.046851692245757456
MA0083.2	SRF	0.12762024918757428	1.3856538277980806
MA0804.1	TBX19	-0.02724722931557341	0.3541608761597492
MA1606.1	Foxf1	0.014470688819885185	0.18183381582964286
MA0039.2	Klf4	0.03348540516942839	0.3179867309450759
MA1548.1	PLAGL2	-0.019451176900416464	0.24606931130548945
MA0863.1	MTF1	0.0052548608351497585	0.04833444797882233
MA1581.1	ZBTB6	-0.021775347080082032	0.3575958411366545
MA0497.1	MEF2C	0.08248331362754109	0.8067987913353702
MA0141.1	Esrrb	-0.04775367206335059	1.2274090034127123
MA0850.1	FOXP3	-0.032199271798134366	0.6676821809269937
MA0753.2	ZNF740	0.12753863004222438	1.6994393572037294
MA0076.2	ELK4	-0.030884350612760143	0.7395906448988517
MA0646.1	GCM1	-0.0616706898146086	1.0446372196426552
MA0893.1	GSX2	0.02416228604316717	0.3688297325973464
MA0667.1	MYF6	0.041506488602609054	0.782758020379247
MA0854.1	Alx1	-0.07225367147382414	1.201828807368083
MA0691.1	TFAP4	0.026788999476469535	0.349781274754292
MA1650.1	ZBTB14	0.00205961634963754	0.028297061722129153
MA0057.1	MZF1(var.2)	0.13732584655285038	2.801388247573835
MA0510.2	RFX5	-0.08708068249467586	1.124841963743906
MA0091.1	TAL1::TCF3	-0.0030885221394710534	0.029411258172980924
MA0702.2	LMX1A	-0.05657498742639949	0.7990981578693942
MA0594.1	Hoxa9	0.021114566158503142	0.1818614395051309
MA0463.2	BCL6	-0.08808716343156876	1.758295238544249
MA0039.4	KLF4	0.05344469666108537	0.6294331664254316
MA0896.1	Hmx1	0.07173055705428127	1.0290849049591744
MA0062.1	GABPA	-0.023355490282178225	0.4970671356874531
MA0633.1	Twist2	0.004500054515898087	0.047935035562532174
MA0088.2	ZNF143	0.29108681047241397	2.7385325807525644
MA1155.1	ZSCAN4	0.010219794327393488	0.1064439252512656
MA0675.1	NKX6-2	0.027551388740539702	0.3600642496331661
MA0137.1	STAT1	-0.02351558900624446	0.8001469995827141
MA0723.1	VAX2	-0.03979683876037537	0.7504110739805383
MA0841.1	NFE2	0.014721709957346002	0.14333140146682333
MA1149.1	RARA::RXRG	-0.13052504343539195	3.693887812880146
MA1646.1	OSR2	-0.015187451481819424	0.29199236144686963
MA0502.2	NFYB	-0.042683454521001564	0.91042809861761
MA0528.1	ZNF263	-0.054030435739550374	0.606729458741121
MA1154.1	ZNF282	0.3901466838507943	4.702633664165631
MA0739.1	Hic1	0.02919481992721468	0.36530426967479973
MA0124.1	NKX3-1	0.04188492572307444	0.48971982476816805
MA0838.1	CEBPG	-0.07120211023092363	0.9620854148997525
MA0466.1	CEBPB	0.013332102529705315	0.09732827159449246
MA0672.1	NKX2-3	-0.0015058655738829155	0.025071957489058858
MA0686.1	SPDEF	-0.0038204161152236085	0.031104171832891273
MA0746.2	SP3	0.008802781003760064	0.06898462622292488
MA1638.1	HAND2	-0.006496347039937666	0.0739998713832635
MA0598.2	EHF	-0.039234921842813165	0.66206771286685
MA0156.2	FEV	-0.006540837794542249	0.07737946935496379
MA0897.1	Hmx2	0.07858049460686786	0.9940415731115033
MA0472.2	EGR2	0.025258177720010086	0.41145192722606116
MA0147.2	Myc	0.005497612366453191	0.06336591905353949
MA0612.2	EMX1	-0.006156969554722194	0.05916766837460958
MA0099.2	FOS::JUN	-0.027380413770675287	0.7018094091224274
MA1147.1	NR4A2::RXRA	0.0024202810632996553	0.026008950426043505
MA1589.1	ZNF140	-0.09110767946089575	1.3599561447147956
MA0769.1	Tcf7	-0.04943172021210108	0.9477037616364271
MA0629.1	Rhox11	0.10030088565498395	1.7261654348299351
MA0827.1	OLIG3	0.0009100317880513564	0.008632464500331444
MA0080.2	SPI1	-0.033974794268608006	0.6790223365248947
MA1496.1	HOXA4	-0.008120020866394274	0.09365299423453603
MA0018.2	CREB1	-0.034252816259861055	0.6623889123627567
MA1500.1	HOXB6	0.006067742228507802	0.07805993818020751
