Merged motif (Total sequences: 78)	5% stats	Median stats	95% stats	5% p-val	Median p-val	95% p-val	All mutation	Pos mutation	Neg mutation	Median score difference	Mean score difference
ARNT::HIF1A$MA0259.1|MITF$MA0620.2|BHLHE41$MA0636.1|MITF$MA0620.3|HIF1A$MA1106.1|USF2$MA0526.2|HES1$MA1099.2|HEY1$MA0823.1|Arnt$MA0004.1|Srebf1(var.2)$MA0829.1|ARNT2$MA1464.1|BHLHE40$MA0464.2|SREBF2(var.2)$MA0828.1|Ahr::Arnt$MA0006.1|Npas2$MA0626.1|SOHLH2$MA1560.1|MLXIPL$MA0664.1|TFEB$MA0692.1|Mlxip$MA0622.1|SREBF1(var.2)$MA0829.2|MLX$MA0663.1|Mycn$MA0104.2|TFEC$MA0871.2|TFE3$MA0831.1|MAX::MYC$MA0059.1|Mitf$MA0620.1|Hes2$MA0616.1|Myc$MA0147.1|Arntl$MA0603.1|MXI1$MA1108.1|USF1$MA0093.1|HES6$MA1493.1|Creb3l2$MA0608.1|Hes1$MA1099.1|MNT$MA0825.1|MYC$MA0147.3|Tcfl5$MA0632.1|USF1$MA0093.3|HES5$MA0821.1|USF1$MA0093.2|Bhlhe40$MA0464.1|MAX$MA0058.3|ZBTB14$MA1650.1|Mycn$MA0104.3|USF2$MA0526.1|CLOCK$MA0819.1|USF2$MA0526.3|TFEC$MA0871.1|TFE3$MA0831.2|HES7$MA0822.1|MAX$MA0058.1|Mycn$MA0104.1|MYCN$MA0104.4|HES2$MA0616.2|ZBED1$MA0749.1|HEY2$MA0649.1	10.28	48.6	93.53	-0.49	0.43	1.64	11	9	2	1.574	1.611
RARA(var.2)$MA0730.1|Rarb(var.2)$MA0858.1	0.0	21.5	55.0	0.0	1.04	2.5	15	11	4	0.792	0.709
ZNF740$MA0753.1|Egr1$MA0162.1|ZNF740$MA0753.2|KLF13$MA0657.1|EGR1$MA0162.2|KLF5$MA0599.1|EGR1$MA0162.4|EGR4$MA0733.1|ZNF148$MA1653.1|SP2$MA0516.2|VEZF1$MA1578.1|KLF9$MA1107.2|EGR2$MA0472.1|SP3$MA0746.1|MAZ$MA1522.1|Pax2$MA0067.1|Klf12$MA0742.1|KLF4$MA0039.3|SP1$MA0079.4|KLF15$MA1513.1|SP2$MA0516.1|KLF2$MA1515.1|KLF6$MA1517.1|SP4$MA0685.1|SP1$MA0079.3|EGR2$MA0472.2|EGR3$MA0732.1|Klf4$MA0039.2|SP9$MA1564.1|KLF11$MA1512.1|EGR1$MA0162.3|SP8$MA0747.1|SP1$MA0079.2|PAX5$MA0014.3|KLF4$MA0039.4|KLF10$MA1511.1|KLF16$MA0741.1|KLF14$MA0740.1|Klf1$MA0493.1|SP3$MA0746.2|KLF9$MA1107.1|SP1$MA0079.1|KLF3$MA1516.1	8.66	48.26	91.62	-0.7	0.17	1.4	12	9	3	0.853	1.199
GATA6$MA1104.1|GATA6$MA1104.2|Gata4$MA0482.1|GATA5$MA0766.2|GATA4$MA0482.2|Gata1$MA0035.3|E2F3$MA0469.2|ZNF382$MA1594.1|Gata1$MA0035.2|Tal1::Gata1$MA0140.1|YY1$MA0095.2|GATA1$MA0035.4|YY2$MA0748.1|ZFP42$MA1651.1|GATA2$MA0036.2|Mecom$MA0029.1|Gata1$MA0035.1|GATA3$MA0037.2|GATA2$MA0036.3|GATA3$MA0037.3|GATA2$MA0036.1|E2F2$MA0864.1|YY1$MA0095.1|GATA5$MA0766.1|GATA3$MA0037.1	7.48	29.6	62.73	-0.3	0.31	1.26	15	11	4	0.337	1.014
JUN::FOS$MA0099.1	0.0	0.0	25.0	0.0	0.0	1.56	8	5	3	1.122	0.512
FLI1$MA0475.1|ETV1$MA0761.2|Gabpa$MA0062.2|Ets1$MA0098.2|ETV5$MA0765.1|ELK3$MA0759.1|GABPA$MA0062.3|FLI1$MA0475.2|ELK4$MA0076.2|FEV$MA0156.2|ELK1$MA0028.2|ETS2$MA1484.1|NKX2-5$MA0063.2|ZBTB7A$MA0750.2|NFATC4$MA1525.1|ETV5$MA0765.2|SOX4$MA0867.2|ETS1$MA0098.3|TEF$MA0843.1|ETV1$MA0761.1|GBX1$MA0889.1|ELF1$MA0473.1|ERG$MA0474.2|ETV6$MA0645.1|ELF1$MA0473.3|ELF3$MA0640.2|ETV4$MA0764.1|GABPA$MA0062.1|SOX2$MA0143.4|EHF$MA0598.3|Erg$MA0474.1|NFATC3$MA0625.1|ETV4$MA0764.2|BARHL1$MA0877.2|DBP$MA0639.1|HOXA9$MA0594.2|CENPB$MA0637.1|IKZF1$MA1508.1|ELF2$MA1483.1|ETV3$MA0763.1|NKX2-2$MA1645.1|ELK4$MA0076.1|ERF$MA0760.1|Sox3$MA0514.1|LMX1B$MA0703.1|PBX3$MA1114.1|Meis1$MA0498.1|MSX2$MA0708.1|FEV$MA0156.1|SOX13$MA1120.1|SOX14$MA1562.1|Foxj3$MA0851.1|MYBL1$MA0776.1|STAT1$MA0137.3|JUNB$MA0490.1|ELF3$MA0640.1|Sox17$MA0078.1|PKNOX1$MA0782.2|BARHL2$MA0635.1|Hoxd8$MA0910.1|ELF5$MA0136.2|HOXB13$MA0901.2|SPI1$MA0080.2|EN2$MA0642.1|HOXC13$MA0907.1|ELF1$MA0473.2|HOXA7$MA1498.1|Sox6$MA0515.1|FOSL2::JUND(var.2)$MA1145.1|MSX1$MA0666.1|HOXB8$MA1502.1|SOX15$MA1152.1|POU1F1$MA0784.1|SRY$MA0084.1|EN1$MA0027.2|LHX1$MA1518.1|HOXB2$MA0902.2|HLF$MA0043.2|ELF4$MA0641.1|JUN(var.2)$MA0489.1|FOSL2$MA0478.1|Isl1$MA1608.1|Myb$MA0100.2|Arx$MA0874.1|PBX2$MA1113.2|FOXF2$MA0030.1|Nkx3-1$MA0124.2|NFATC1$MA0624.1|Msx3$MA0709.1|EHF$MA0598.1|Cebpa$MA0102.1|Nobox$MA0125.1|RXRA::VDR$MA0074.1|NFE2$MA0841.1|CDX2$MA0465.2|EMX1$MA0612.1|FOXK1$MA0852.2|BACH2$MA1101.1|Stat5a::Stat5b$MA0519.1|POU3F2$MA0787.1|CREM$MA0609.2|NR1H4$MA1110.1|NKX2-3$MA0672.1|ONECUT1$MA0679.1|SPI1$MA0080.1|JUND$MA0491.2|LBX2$MA0699.1|HLF$MA0043.1|OVOL2$MA1545.1|DLX6$MA0882.1|STAT1$MA0137.2|JDP2$MA0655.1|ESX1$MA0644.1|BACH2$MA1101.2|Prrx2$MA0075.2|Pou2f3$MA0627.1|JUND(var.2)$MA0492.1|LHX2$MA0700.2|PBX2$MA1113.1|FOXO3$MA0157.1|Pou5f1::Sox2$MA0142.1|ATF4$MA0833.2|HOXB7$MA1501.1|Stat5a$MA1624.1|JUNB$MA0490.2|ELF5$MA0136.1|EHF$MA0598.2|Dlx3$MA0880.1|HOXA10$MA0899.1|CEBPA$MA0102.4|FOSL1::JUNB$MA1137.1|CREB3L4(var.2)$MA1475.1|POU3F1$MA0786.1|JUN::JUNB(var.2)$MA1133.1|HOXD8$MA0910.2|BACH1$MA1633.1|Vdr$MA0693.1|Dlx1$MA0879.1|POU5F1$MA1115.1|Hoxa9$MA0594.1|NFIL3$MA0025.2|GMEB2$MA0862.1|FOXA1$MA0148.4|Stat5b$MA1625.1|ETV2$MA0762.1|HOXA1$MA1495.1|Smad2::Smad3$MA1622.1|POU2F1$MA0785.1|JUN$MA0488.1|Bcl6$MA0463.1|Atf1$MA0604.1|Foxk1$MA0852.1|SOX8$MA0868.2|BATF::JUN$MA0462.2|FOXA1$MA0148.2|ATF4$MA0833.1|POU2F2$MA0507.1|FOXO3$MA0157.2|RAX2$MA0717.1|PRRX1$MA0716.1|Spi1$MA0080.3|FOXC1$MA0032.2|ONECUT2$MA0756.1|CEBPA$MA0102.3|Hoxa11$MA0911.1|ALX3$MA0634.1|FOS::JUNB$MA1134.1|SOX10$MA0442.2|Foxa2$MA0047.2|SOX12$MA1561.1|SPIB$MA0081.1|FOXA3$MA1683.1|FOXP1$MA0481.3|Dlx2$MA0885.1|CEBPG(var.2)$MA1636.1|ETS1$MA0098.1|BATF$MA1634.1|Hoxd9$MA0913.1|FOSL2::JUND$MA1144.1|CREB1$MA0018.2|VSX2$MA0726.1|Foxf1$MA1606.1|FOSB::JUNB$MA1135.1|Dlx4$MA0881.1|Hoxc9$MA0485.1|FOXA1$MA0148.1|FOS::JUND$MA1141.1|Bach1::Mafk$MA0591.1|PRDM4$MA1647.1|EMX2$MA0886.1|FOSL2::JUN$MA1130.1|POU2F3$MA0627.2|Crem$MA0609.1|CREB1$MA0018.3|SPI1$MA0080.5|XBP1$MA0844.1|MEIS2(var.2)$MA1640.1|HOXA2$MA0900.1|MAFG::NFE2L1$MA0089.1|BATF3$MA0835.2|NFE2L1$MA0089.2|Creb5$MA0840.1|FOSL1::JUND(var.2)$MA1143.1|NKX2-8$MA0673.1|LMX1A$MA0702.1|FOS::JUN$MA0099.3|CEBPB$MA0466.1|DLX5$MA1476.1|FOXK2$MA1103.2|BATF::JUN$MA0462.1|HOXD10$MA1506.1|Hmx2$MA0897.1|FOSL2::JUNB(var.2)$MA1139.1|ATF7$MA0834.1|NKX3-2$MA0122.2|SPDEF$MA0686.1|MAFK$MA0496.3|CREB1$MA0018.4|ARGFX$MA1463.1|Barhl1$MA0877.1|FOSL1::JUN(var.2)$MA1129.1|JUNB(var.2)$MA1140.2|DRGX$MA1481.1|FOS$MA0476.1|SPIB$MA0081.2|FOXP1$MA0481.1|HOXC11$MA0651.1|FOSL1$MA0477.2|Stat4$MA0518.1|JUNB(var.2)$MA1140.1|GBX2$MA0890.1|CEBPD$MA0836.1|ATF3$MA0605.2|HOXB2$MA0902.1|CDX1$MA0878.1|CDX1$MA0878.2|FOSL2::JUNB$MA1138.1|FOXC2$MA0846.1|FOXA2$MA0047.3|HESX1$MA0894.1|NFIL3$MA0025.1|Alx1$MA0854.1|ISL2$MA0914.1|Hmx3$MA0898.1|ONECUT1$MA0679.2|Nfe2l2$MA0150.2|Hmx1$MA0896.1|HOXB9$MA1503.1|CEBPB$MA0466.2|FOXP1$MA0481.2|OVOL1$MA1544.1|FOXA1$MA0148.3|Gmeb1$MA0615.1|VAX2$MA0723.1|MIXL1$MA0662.1|mix-a$MA0621.1|Atf3$MA0605.1|JUN::JUNB$MA1132.1|ATF2$MA1632.1|CEBPD$MA0836.2|FOSL1::JUN$MA1128.1|BARX2$MA1471.1|HOXC12$MA0906.1|POU3F3$MA0788.1|EVX2$MA0888.1|GSX2$MA0893.1|FOS::JUN(var.2)$MA1126.1|FOSL2::JUN(var.2)$MA1131.1|Alx4$MA0853.1|JDP2(var.2)$MA0656.1|FOSL1::JUND$MA1142.1|FOXK2$MA1103.1|HOXA5$MA0158.1|POU6F1(var.2)$MA1549.1|POU5F1B$MA0792.1|FOSB::JUNB(var.2)$MA1136.1|CEBPG$MA0838.1|FOSB::JUN$MA1127.1|RAX$MA0718.1|MEOX1$MA0661.1|GSX1$MA0892.1|SPIC$MA0687.1|FOXD1$MA0031.1|CEBPE$MA0837.1|MEOX2$MA0706.1|FOXB1$MA0845.1|NOTO$MA0710.1|Hoxb5$MA0904.1|HOXD13$MA0909.1|UNCX$MA0721.1|NFE2L2$MA0150.1|FOSL1$MA0477.1|Shox2$MA0720.1|GSC$MA0648.1|Nkx2-5$MA0063.1|FOXG1$MA0613.1|LHX6$MA0658.1|SOX9$MA0077.1|DUXA$MA0884.1|HOXD12$MA0873.1|NKX6-1$MA0674.1|FOXO4$MA0848.1|Arid3b$MA0601.1|HOXA13$MA0650.1|Foxq1$MA0040.1|PAX3$MA0780.1|Arid3a$MA0151.1|HOXA2$MA0900.2|PITX2$MA1547.1|Stat3$MA0144.1|HOXC8$MA1505.1|HOXB13$MA0901.1|HOXD11$MA0908.1|HOXB4$MA1499.1|BCL6B$MA0731.1|DPRX$MA1480.1|PROP1$MA0715.1|PAX7$MA0680.1|FOXD2$MA0847.2|PHOX2B$MA0681.2|NKX6-2$MA0675.1|LHX9$MA0701.2|POU6F2$MA0793.1|Lhx4$MA0704.1|HOXA6$MA1497.1|HOXD13$MA0909.2|Foxo1$MA0480.1|MEIS2$MA0774.1|HOXA13$MA0650.2|ISX$MA0654.1|FOXE1$MA1487.1|FOXO6$MA0849.1|HOXD9$MA0913.2|HOXA4$MA1496.1|FOXP2$MA0593.1|PRRX2$MA0075.3|HOXB5$MA0904.2|LMX1B$MA0703.2|NR4A2$MA0160.1|Pdx1$MA0132.1|FOXN3$MA1489.1|POU3F4$MA0789.1|LHX5$MA1519.1|PHOX2A$MA0713.1|FOXI1$MA0042.1|ZNF384$MA1125.1|HOXC10$MA0905.1|EMX1$MA0612.2|MEIS3$MA0775.1|Lhx8$MA0705.1|CEBPA$MA0102.2|HOXB6$MA1500.1|Sox2$MA0143.3|MNX1$MA0707.1|Nkx3-2$MA0122.1|SOX10$MA0442.1|Sox5$MA0087.1|Prrx2$MA0075.1|MYBL2$MA0777.1|Hoxd3$MA0912.1|LHX2$MA0700.1|VSX1$MA0725.1|BSX$MA0876.1|FOXL1$MA0033.2|VAX1$MA0722.1|NKX6-3$MA1530.1|BARX1$MA0875.1|PDX1$MA0132.2|HOXC4$MA1504.1|MAF::NFE2$MA0501.1|Foxj2$MA0614.1|EVX1$MA0887.1|LHX9$MA0701.1|GSX2$MA0893.2|Dux$MA0611.1|JUND$MA0491.1|PBX1$MA0070.1|LMX1A$MA0702.2|HOXD3$MA0912.2|CDX2$MA0465.1|HOXC9$MA0485.2|STAT3$MA0144.2|CDX4$MA1473.1|HOXD4$MA1507.1|Phox2b$MA0681.1|POU6F1$MA0628.1|TLX2$MA1577.1|Foxl2$MA1607.1|ONECUT3$MA0757.1|NKX3-1$MA0124.1|FOXI1$MA0042.2|HOXA5$MA0158.2|SHOX$MA0630.1|LBX1$MA0618.1|VENTX$MA0724.1|Lhx3$MA0135.1|MEIS1$MA0498.2|DUX4$MA0468.1|HOXB3$MA0903.1	3.86	28.98	63.69	-0.88	0.07	0.91	14	13	1	1.41	1.631
TBP$MA0108.2|TBP$MA0108.1	11.5	44.5	98.25	-2.64	-1.13	0.38	18	7	11	-0.421	-0.461
MAX$MA0058.2|SNAI3$MA1559.1|ATOH1(var.2)$MA1467.1|ATOH7$MA1468.1|TFAP4(var.2)$MA1570.1|TCF12(var.2)$MA1648.1|TCF4$MA0830.1|Myc$MA0147.2|ASCL1(var.2)$MA1631.1|ASCL1$MA1100.2|TCF3$MA0522.2|TCF3$MA0522.3|SNAI2$MA0745.1|Tcf12$MA0521.1|NEUROG2$MA0669.1|HAND2$MA1638.1|Atoh1$MA0461.2|SCRT2$MA0744.1|NEUROG2(var.2)$MA1642.1|Ptf1a$MA1618.1|OLIG1$MA0826.1|SNAI1$MA1558.1|SCRT1$MA0743.2|NHLH1$MA0048.2|TCF21(var.2)$MA1568.1|Ptf1a(var.3)$MA1620.1|NEUROG1$MA0623.2|Myog$MA0500.1|Ptf1a(var.2)$MA1619.1|Rbpjl$MA1621.1|SNAI2$MA0745.2|ZEB1$MA0103.2|SCRT1$MA0743.1|BHLHE22$MA0818.1|TCF4$MA0830.2|MXI1$MA1108.2|OLIG3$MA0827.1|BHLHA15(var.2)$MA1472.1|OLIG2$MA0678.1|Twist2$MA0633.1|Bhlha15$MA0607.1|NHLH2$MA1529.1|BHLHE23$MA0817.1|MYOD1$MA0499.2|MYF5$MA1641.1|FIGLA$MA0820.1|ZEB1$MA0103.3|MYOG$MA0500.2|TWIST1$MA1123.2|BHLHE22(var.2)$MA1635.1|Neurog1$MA0623.1|Myod1$MA0499.1|TWIST1$MA1123.1|NEUROD1$MA1109.1|ASCL1$MA1100.1|Tcf3$MA0522.1|SCRT2$MA0744.2|TAL1::TCF3$MA0091.1|NEUROD2$MA0668.1|TFAP4$MA0691.1|ZBTB18$MA0698.1|NHLH1$MA0048.1|Ascl2$MA0816.1	16.43	61.67	114.86	-1.84	-0.45	0.41	14	3	11	-0.722	-1.277
TFAP2B(var.2)$MA0812.1|TFAP2A$MA0003.2|TFAP2A$MA0003.4|TFAP2A$MA0003.3|ZBTB32$MA1580.1|TFAP2C(var.2)$MA0814.1|TFAP2C(var.2)$MA0814.2|TFAP2C$MA0524.2|TFAP2C$MA0524.1|TFAP2B$MA0811.1|TFAP2A(var.2)$MA0810.1|TFAP2E$MA1569.1	2.08	26.58	60.75	-2.17	-0.76	0.28	15	3	12	-0.573	-0.693
TBX4$MA0806.1|TBX18$MA1565.1|TBX1$MA0805.1|TBX15$MA0803.1|MGA$MA0801.1|TBX5$MA0807.1|Tbxt$MA0009.1|EOMES$MA0800.1|TBX3$MA1566.1|TBX6$MA1567.1|TBX20$MA0689.1|TBR1$MA0802.1|TBX21$MA0690.1|TBX2$MA0688.1	35.79	102.57	163.71	-1.28	-0.11	0.78	20	8	12	-0.408	-0.205
ZBTB7C$MA0695.1|ZBTB7A$MA0750.1|ZBTB7B$MA0694.1	8.67	42.17	85.33	-0.36	0.5	1.79	16	10	6	0.416	0.353
Hic1$MA0739.1|HIC2$MA0738.1|NFIA$MA0670.1|ZBTB6$MA1581.1|OTX2$MA0712.2|PITX1$MA0682.2|OTX2$MA0712.1|Hand1::Tcf3$MA0092.1|RHOXF1$MA0719.1|OTX1$MA0711.1|NFIC$MA0161.1|Pitx1$MA0682.1|NFIX$MA0671.1|PITX3$MA0714.1	0.0	6.86	24.54	-0.8	-0.12	0.12	10	2	8	-1.703	-1.185
NR2F2$MA1111.1|ESRRA$MA0592.1|Esrrb$MA0141.1|Esrrb$MA0141.2|Nr5a2$MA0505.1|ESRRB$MA0141.3|NR5A1$MA1540.1|ESRRA$MA0592.3|Esrrg$MA0643.1	2.78	37.78	74.0	-0.75	0.11	1.22	13	9	4	0.194	-0.052
Rxra$MA0512.1	13.0	51.0	106.0	-2.2	-0.64	0.37	17	7	10	-0.894	-0.327
NFIB$MA1643.1|NFIX(var.2)$MA1528.1|NFIC::TLX1$MA0119.1|NFIC(var.2)$MA1527.1	25.5	81.25	138.25	-0.49	0.29	1.68	22	13	9	0.242	0.396
E2F6$MA0471.2|E2F6$MA0471.1|E2F4$MA0470.1|ZNF75D$MA1601.1|E2F1$MA0024.2	15.6	58.4	109.4	-0.5	0.69	2.04	21	13	8	0.366	0.769
ATF6$MA1466.1|CREB3L1$MA0839.1|CREB3L4$MA1474.1|CREB3$MA0638.1	29.0	92.0	145.78	-1.31	-0.08	0.85	18	8	10	-0.211	-0.362
TGIF1$MA0796.1|TGIF2LX$MA1571.1|TGIF2$MA0797.1|TGIF2LY$MA1572.1|PKNOX1$MA0782.1|PKNOX2$MA0783.1	1.5	21.67	53.33	-2.4	-1.06	0.02	11	2	9	-1.315	-1.261
TEAD1$MA0090.3|TEAD2$MA1121.1|TEAD1$MA0090.2|TEAD4$MA0809.2|TEAD4$MA0809.1|TEAD3$MA0808.1|TEAD1$MA0090.1	26.43	84.36	137.14	-1.12	-0.02	1.03	19	7	12	-0.113	-0.099
TFCP2$MA0145.3|GRHL1$MA0647.1|Dmbx1$MA0883.1	0.0	26.33	57.67	-0.16	0.54	1.84	12	8	4	0.307	0.459
PAX1$MA0779.1|PAX5$MA0014.2|PAX9$MA0781.1	67.67	160.0	249.4	-1.26	-0.22	0.81	30	12	18	-0.64	-0.177
DMRT3$MA0610.1|FOXC1$MA0032.1|DMRTC2$MA1479.1|DMRTA2$MA1478.1	5.25	37.75	77.5	-0.4	0.51	1.86	11	7	4	0.455	0.795
IRF6$MA1509.1|Nkx2-5(var.2)$MA0503.1|RUNX1$MA0002.2|RUNX1$MA0002.1|RUNX3$MA0684.1|RUNX2$MA0511.1|RUNX2$MA0511.2	2.14	29.71	63.0	-1.11	-0.14	0.71	11	4	7	-0.344	-0.626
PRDM1$MA0508.1|STAT1::STAT2$MA0517.1|STAT1$MA0137.1	14.97	61.83	106.33	-0.71	0.02	0.68	22	12	10	0.361	0.211
PPARA::RXRA$MA1148.1|Pparg::Rxra$MA0065.2|RXRB$MA0855.1|Rxra$MA0512.2|RXRG$MA0856.1|PPARG::RXRA$MA0065.1|THRB$MA1574.1|NR1H2::RXRA$MA0115.1|NR2C2$MA0504.1|PPARD$MA1550.1|Nr2f6$MA0677.1|NR2F1(var.2)$MA1537.1	14.25	64.38	109.93	-1.13	-0.04	0.95	23	13	10	0.453	0.373
NR1D1$MA1531.1|NR1D2$MA1532.1	9.45	54.0	98.0	-1.41	0.27	0.74	15	8	7	0.036	-0.638
CUX1$MA0754.1|CUX2$MA0755.1	0.0	0.0	21.5	-1.52	0.0	0.0	8	3	5	-0.741	-0.675
RARB(var.3)$MA1552.1|RARG(var.3)$MA1553.1|RXRG(var.2)$MA1556.1|RXRB(var.2)$MA1555.1	15.25	57.75	111.5	-0.26	0.67	2.06	18	12	6	0.516	0.749
Zfx$MA0146.2|Zfx$MA0146.1	18.0	70.5	109.5	-1.01	0.03	1.14	16	10	6	0.301	-0.507
Nkx3-2$MA0122.3	19.0	68.0	120.0	-1.31	-0.16	0.6	17	8	9	-0.179	-0.127
MEF2A$MA0052.3|MEF2B$MA0660.1|MEF2D$MA0773.1|MEF2A$MA0052.1	0.0	8.5	37.5	-0.08	0.38	1.78	10	7	3	0.337	0.98
VDR$MA0693.2	0.0	0.0	15.0	0.0	0.0	1.8	7	6	1	0.505	0.855
IRF8$MA0652.1|IRF4$MA1419.1|IRF7$MA0772.1	0.0	29.0	58.0	-1.71	-0.43	0.39	12	5	7	-0.916	-0.801
NR3C1$MA0113.2|Ar$MA0007.1|NR3C2$MA0727.1|NR3C1$MA0113.3|Ar$MA0007.3	39.1	105.8	169.82	-1.25	-0.08	0.88	22	10	12	-0.647	-0.177
ZBTB26$MA1579.1|Smad4$MA1153.1|SMAD5$MA1557.1|SMAD3$MA0795.1	0.0	8.75	25.5	-0.11	0.14	0.5	14	10	4	0.075	0.462
MEF2A$MA0052.2|MEF2A$MA0052.4|MEF2C$MA0497.1	0.97	39.33	79.67	-0.28	0.43	1.89	14	9	5	0.48	0.363
HNF4G$MA0484.2|HNF4A$MA0114.4|NR4A1$MA1112.2	3.0	43.0	81.0	-0.54	0.27	1.45	15	9	6	0.172	0.284
EBF1$MA0154.3|EBF3$MA1637.1|Ebf2$MA1604.1|EBF1$MA0154.2|EBF1$MA0154.1|EBF1$MA0154.4	20.33	70.08	128.43	-1.95	-0.5	0.31	21	7	14	-0.791	-0.708
Tcfcp2l1$MA0145.1|Tcfcp2l1$MA0145.2	46.5	130.5	198.0	-0.75	0.08	1.23	23	13	10	0.182	-0.062
ZNF317$MA1593.1|MAFF$MA0495.1|MAFG$MA0659.2|NRL$MA0842.2|MAFF$MA0495.3|MAFK$MA0496.1|NRL$MA0842.1|Mafb$MA0117.2|Mafb$MA0117.1	17.0	59.22	107.0	-1.18	-0.17	0.82	11	3	8	-0.476	-0.45
Rarg$MA0859.1|TFAP2A(var.3)$MA0872.1|TFAP2C(var.3)$MA0815.1|Nr2f6(var.2)$MA0728.1|TFAP2B(var.3)$MA0813.1|Rarb$MA0857.1|RARA$MA0729.1	0.71	20.86	45.14	-0.89	-0.05	0.59	10	7	3	0.777	0.922
LEF1$MA0768.1|Tcf7$MA0769.1|TCF7L2$MA0523.1|TCF7$MA0769.2|TCF7L1$MA1421.1	0.0	21.4	55.2	-1.62	-0.39	0.25	15	4	11	-0.605	-0.675
HSF1$MA0486.1|HSF4$MA0771.1|HSF1$MA0486.2|HSF2$MA0770.1	0.0	20.25	52.75	-0.9	0.02	0.57	12	6	6	0.076	-0.131
NR2F6(var.3)$MA1539.1|NR2F1(var.3)$MA1538.1|NR1H4::RXRA$MA1146.1|NR4A2::RXRA$MA1147.1	11.75	63.0	104.5	-1.4	-0.18	0.73	15	5	10	-0.131	0.021
ESR1$MA0112.3|ESR1$MA0112.1|ESR2$MA0258.2|ESR2$MA0258.1	45.5	121.25	189.02	-0.96	0.08	1.09	20	13	7	0.678	0.407
Wt1$MA1627.1|Znf281$MA1630.1	9.0	51.0	89.0	-0.88	0.06	1.05	17	9	8	0.073	0.329
RORB$MA1150.1|RORA$MA0071.1|RORC$MA1151.1	20.33	73.83	126.7	-0.6	0.29	1.52	21	14	7	0.378	0.295
Pax4$MA0068.1	117.0	247.5	358.0	-0.59	0.26	1.58	33	17	16	0.221	0.09
RFX2$MA0600.1|RFX1$MA0509.2|RFX3$MA0798.2|RFX4$MA0799.1|RFX3$MA0798.1|Rfx1$MA0509.1|RFX2$MA0600.2|RFX5$MA0510.2	4.12	29.69	69.78	-1.62	-0.47	0.06	20	5	15	-0.615	-0.32
IRF1$MA0050.1	0.0	0.0	35.0	0.0	0.0	1.69	9	6	3	1.348	1.058
TP53$MA0106.3|TP63$MA0525.1|TP53$MA0106.1|TP53$MA0106.2|TP73$MA0861.1|TP63$MA0525.2	22.83	82.17	134.17	-1.16	-0.11	0.89	14	5	9	-0.46	-0.795
E2F3$MA0469.3|E2F4$MA0470.2|E2F2$MA0864.2|INSM1$MA0155.1|E2F1$MA0024.3	16.4	63.2	108.02	-0.7	0.17	1.23	12	6	6	0.267	0.478
NFYC$MA1644.1|NFYA$MA0060.3|NFYA$MA0060.1|NFYB$MA0502.1	3.25	36.88	78.5	-2.16	-0.76	0.25	16	4	12	-0.298	-0.64
CTCFL$MA1102.1|CTCF$MA0139.1|Zic2$MA1629.1|Zic1::Zic2$MA1628.1	17.25	70.25	123.78	-0.54	0.26	1.58	17	9	8	0.072	0.433
Sox1$MA0870.1|Sox11$MA0869.1|SOX21$MA0866.1|SOX4$MA0867.1	0.0	15.88	43.88	-0.51	0.0	0.47	12	7	5	0.29	0.12
E2F7$MA0758.1|E2F8$MA0865.1	0.0	23.5	53.5	-0.13	0.7	2.02	11	8	3	1.016	0.963
MAF$MA1520.1|MAFA$MA1521.1|MAFG$MA0659.1|MAFK$MA0496.2|MAFF$MA0495.2	22.8	69.4	140.0	-2.76	-1.19	0.07	21	6	15	-1.162	-0.967
ZNF410$MA0752.1	0.0	0.0	27.0	-0.43	0.0	0.02	7	3	4	-0.335	0.011
REST$MA0138.2|REST$MA0138.1	9.5	46.75	103.0	0.13	1.3	3.07	21	15	6	0.552	0.758
Plagl1$MA1615.1	16.0	57.0	111.0	-0.35	0.45	1.81	17	10	7	0.298	0.363
YY2$MA0748.2	23.0	74.0	135.0	-0.5	0.4	1.84	19	11	8	0.056	0.165
SREBF1$MA0595.1|SREBF2$MA0596.1	0.0	41.0	72.5	-1.29	-0.14	0.68	12	6	6	-0.015	-0.162
Myb$MA0100.1|MYB$MA0100.3	0.0	28.0	57.5	-1.64	-0.28	0.4	10	2	8	-0.496	-0.372
RFX7$MA1554.1	0.0	11.0	31.0	-2.38	-1.3	0.0	11	3	8	-0.977	-0.88
HNF1A$MA0046.2|HNF1B$MA0153.2	0.0	26.5	55.0	-0.43	0.36	1.56	12	6	6	0.354	0.502
En1$MA0027.1	0.0	0.0	30.0	-2.04	0.0	0.0	9	2	7	-0.848	-0.681
TBX19$MA0804.1|TBXT$MA0009.2	16.0	64.0	121.5	-0.1	0.81	2.44	23	17	6	0.519	0.607
HNF4G$MA0484.1|HNF4A$MA0114.2|HNF4A$MA0114.1	0.0	31.33	60.33	-0.28	0.46	1.81	13	9	4	0.472	0.534
SRF$MA0083.1|SRF$MA0083.2|SRF$MA0083.3	0.0	22.67	57.33	-0.51	0.11	1.13	13	7	6	0.295	0.369
SOX8$MA0868.1	0.0	0.0	42.0	-0.62	0.0	0.68	9	4	5	-1.46	0.055
Nr1h3::Rxra$MA0494.1	21.0	71.0	122.0	-1.61	-0.28	0.56	18	7	11	-0.224	-0.062
E2F3$MA0469.1	41.0	117.0	182.0	-0.8	-0.12	1.23	22	10	12	-0.092	0.204
GLI2$MA0734.2|GLI3$MA1491.1	26.0	77.0	142.0	-0.36	0.66	2.13	20	12	8	0.747	0.65
GCM2$MA0767.1|ZFP57$MA1583.1|GCM1$MA0646.1	8.33	42.33	89.0	-2.69	-1.12	-0.04	19	4	15	-0.377	-0.658
Crx$MA0467.1	0.0	0.0	29.0	0.0	0.0	0.0	8	3	5	-0.351	-0.269
ZIC1$MA0696.1|ZIC3$MA0697.1|ZIC5$MA1584.1|ZIC4$MA0751.1	17.0	58.5	102.5	-0.67	0.76	1.91	15	11	4	1.075	1.206
TCFL5$MA0632.2	9.0	51.0	101.0	0.0	0.42	1.9	16	12	4	0.256	0.117
SIX1$MA1118.1|SIX2$MA1119.1	32.0	89.75	140.25	-0.53	0.48	1.74	13	9	4	1.782	1.218
Hnf4a$MA0114.3|IRF5$MA1420.1|NR1I3$MA1534.1	2.0	26.17	53.33	-0.52	0.38	1.91	16	11	5	0.19	0.695
REL$MA0101.1|NFKB1$MA0105.3|RELA$MA0107.1	2.0	43.0	82.67	-1.03	-0.05	1.09	15	7	8	-0.37	-0.159
Prdm15$MA1616.1	15.0	61.5	122.0	-0.27	0.53	2.04	18	11	7	0.36	0.273
GRHL2$MA1105.1	0.0	20.0	45.0	-0.24	0.35	1.56	10	6	4	0.135	0.132
FOXH1$MA0479.1	0.0	17.0	40.0	-1.81	-0.55	0.19	10	4	6	-0.692	-0.852
Sox2$MA0143.2|Sox2$MA0143.1	0.0	40.0	88.0	-2.01	-0.59	0.19	15	5	10	-0.191	-0.613
GFI1$MA0038.2|Gfi1$MA0038.1|Gfi1b$MA0483.1	0.0	20.33	44.67	-1.73	-0.61	0.31	10	3	7	-0.684	-1.298
POU4F1$MA0790.1|POU4F3$MA0791.1	14.0	61.0	107.5	-0.66	0.15	1.52	16	9	7	0.067	0.019
NFAT5$MA0606.1|NFATC2$MA0152.1	0.0	14.0	50.0	-0.76	-0.09	0.8	11	5	6	-0.2	-0.317
Nr2e3$MA0164.1	0.0	0.0	19.0	0.0	0.0	0.0	6	4	2	1.096	-0.061
ZKSCAN1$MA1585.1	0.0	34.0	77.0	0.0	0.85	2.45	15	11	4	0.238	0.599
HNF4A(var.2)$MA1494.1	0.0	47.0	85.0	-0.71	0.14	1.22	14	7	7	0.016	0.302
NFKB1$MA0105.1|NFKB2$MA0778.1	11.0	59.5	103.5	-1.36	-0.14	0.74	13	6	7	-0.022	-0.297
SPI1$MA0080.4	0.0	0.0	32.0	0.0	0.0	0.0	8	4	4	-0.003	0.285
AR$MA0007.2	11.0	48.0	102.0	-1.96	-0.52	0.3	16	6	10	-0.102	-0.483
NR2C1$MA1535.1|NR2C2(var.2)$MA1536.1	0.0	9.5	38.0	0.0	0.2	0.78	10	7	3	0.217	0.222
MYF6$MA0667.1|MSC$MA0665.1	0.0	30.25	62.0	-1.68	-0.28	0.35	10	3	7	-1.064	-0.604
ZNF684$MA1600.1	45.0	119.0	201.0	-0.41	0.43	1.88	24	14	10	0.484	0.265
GLIS1$MA0735.1|GLIS3$MA0737.1	11.0	66.0	116.0	-0.64	0.22	1.51	19	11	8	0.499	0.272
PAX3(var.2)$MA1546.1	28.0	82.0	130.0	-1.48	-0.22	0.51	19	8	11	-0.195	-0.117
ZNF263$MA0528.2	19.0	65.0	132.0	-0.13	0.64	2.34	19	13	6	0.964	0.581
FOXD2$MA0847.1	0.0	0.0	33.0	-1.04	0.0	0.0	8	3	5	-0.683	-0.243
EWSR1-FLI1$MA0149.1	0.0	0.0	38.0	-1.34	0.0	0.23	9	4	5	-1.402	-0.813
Tcf21$MA0832.1|OSR2$MA1646.1	0.0	28.0	60.0	-1.68	-0.43	0.22	11	4	7	-0.293	-0.661
TFAP2A$MA0003.1	0.0	0.0	30.1	-1.34	0.0	0.0	8	2	6	-0.382	-0.407
RARA::RXRA$MA0159.1	37.0	109.0	184.0	-0.56	0.24	1.64	22	14	8	0.098	0.202
PLAGL2$MA1548.1	0.0	19.0	51.0	-0.22	0.67	2.06	11	7	4	1.672	0.863
FOXP3$MA0850.1	0.0	31.0	56.0	-0.71	0.07	1.22	11	7	4	0.337	0.122
NFYB$MA0502.2	19.0	71.0	119.0	-0.8	0.1	1.26	17	9	8	0.033	0.158
ZNF140$MA1589.1	35.0	109.0	175.0	-0.83	-0.09	1.24	21	10	11	-0.013	0.171
KLF17$MA1514.1	0.0	28.0	66.0	0.0	0.91	2.48	14	11	3	1.081	0.928
ZBTB12$MA1649.1	0.0	17.0	46.0	0.0	1.07	2.59	12	9	3	0.424	0.55
GRHL2$MA1105.2	0.0	22.0	51.0	0.0	0.74	2.12	12	9	3	0.214	0.578
Spz1$MA0111.1	0.0	18.5	51.0	-2.84	-1.23	0.0	13	2	11	-0.47	-0.792
CREB1$MA0018.1	0.0	30.0	59.0	-1.53	-0.32	0.46	12	5	7	-0.305	-0.576
PRDM1$MA0508.3	0.0	38.0	66.0	-1.13	0.03	0.86	12	6	6	0.028	0.078
IRF1$MA0050.2	26.0	81.5	156.0	-0.35	0.62	2.22	21	12	9	0.763	0.261
PPARG$MA0066.1	21.0	73.5	139.0	-0.11	0.62	2.19	20	13	7	0.745	0.525
NR2F1$MA0017.1	0.0	27.0	47.0	-0.78	-0.02	0.81	10	4	6	-0.563	-0.014
FOS::JUN$MA0099.2	0.0	0.0	27.0	-0.3	0.0	0.14	7	3	4	-0.099	0.148
HLTF$MA0109.1	17.0	61.0	104.0	-1.31	-0.14	0.79	16	7	9	-0.139	-0.25
ZNF449$MA1656.1	0.0	36.0	66.0	-0.81	-0.09	1.06	12	5	7	-0.145	0.151
ZNF528$MA1597.1	22.0	72.0	133.0	-1.78	-0.45	0.3	19	7	12	-0.437	-0.431
ZNF460$MA1596.1	9.0	53.0	100.0	-1.64	-0.36	0.42	16	7	9	-0.631	-0.592
FERD3L$MA1485.1	0.0	13.0	37.0	-3.54	-2.35	-0.76	16	3	13	-1.357	-1.451
PLAG1$MA0163.1	0.0	33.5	76.0	-0.24	0.63	2.05	14	9	5	2.12	1.02
FOXL1$MA0033.1	0.0	22.0	50.0	0.0	0.48	1.82	11	8	3	0.991	0.574
NR2F1$MA0017.2	0.0	43.0	78.0	-0.83	-0.06	1.07	13	6	7	-0.246	0.086
IRF3$MA1418.1	28.0	83.0	139.0	-1.28	0.2	0.7	19	10	9	0.637	-0.272
Klf4$MA0039.1	0.0	0.0	24.0	-2.23	0.0	0.0	9	2	7	-0.293	-0.65
ZNF263$MA0528.1	45.0	116.0	181.1	-0.66	0.13	1.19	22	11	11	0.037	0.083
RBPJ$MA1116.1	0.0	46.5	96.0	-1.59	-0.35	0.54	15	7	8	-0.068	-0.522
Pax5$MA0014.1	41.0	113.0	181.1	-1.35	-0.18	0.64	22	11	11	-0.114	-0.205
BCL6$MA0463.2	24.0	76.0	127.1	-1.28	0.17	0.75	18	10	8	0.011	-0.267
NFKB1$MA0105.4	14.0	52.0	103.0	-1.66	-0.39	0.51	16	8	8	-0.25	-0.546
Atoh1$MA0461.1	0.0	49.0	82.0	-0.74	-0.08	1.26	14	7	7	-0.148	0.292
NFIC$MA0161.2	0.0	13.0	34.0	-0.03	0.86	2.04	10	7	3	0.67	1.052
ZNF354C$MA0130.1	0.0	8.0	25.0	0.0	1.33	2.37	10	7	3	0.949	1.113
ZEB1$MA0103.1	0.0	26.5	48.0	-0.81	0.04	0.86	10	5	5	0.242	-0.262
znf143$MA0088.1	38.0	111.0	181.0	-0.83	-0.21	1.49	22	10	12	-0.066	0.09
GLIS2$MA0736.1	22.0	70.0	126.0	-0.56	0.3	1.62	18	10	8	0.309	0.124
ZNF24$MA1124.1	0.0	17.0	42.0	-1.69	-0.55	0.16	10	4	6	-0.166	-0.742
ZNF652$MA1657.1	15.0	56.0	101.0	-1.67	-0.27	0.54	16	7	9	-0.108	-0.16
E2F1$MA0024.1	0.0	0.0	27.0	0.0	0.0	0.0	7	3	4	-0.836	-0.095
RARA::RXRG$MA1149.1	41.0	107.0	188.0	-0.21	0.66	2.25	24	15	9	0.151	0.429
NFYA$MA0060.2	32.0	95.0	167.1	-2.02	-0.51	0.23	22	8	14	-0.172	-0.281
Rarg(var.2)$MA0860.1	0.0	0.0	39.0	-0.22	0.0	1.29	9	5	4	0.066	0.537
NR3C1$MA0113.1	8.0	38.0	86.0	0.14	1.41	3.02	18	13	5	0.77	0.999
ZBTB33$MA0527.1	38.0	115.0	184.0	-1.49	-0.15	0.76	22	9	13	-0.358	-0.125
THAP11$MA1573.1	0.0	57.0	92.0	-1.2	-0.06	0.86	15	6	9	-0.151	0.069
ZNF341$MA1655.1	0.0	31.0	57.0	-1.07	-0.07	0.75	11	5	6	-0.012	-0.33
ELK1$MA0028.1	0.0	31.0	55.0	-0.75	0.07	1.2	11	6	5	0.132	0.045
Foxa2$MA0047.1	4.0	37.0	86.0	-2.43	-0.96	0.24	16	6	10	-0.884	-0.449
MZF1$MA0056.2	0.0	49.0	85.0	-1.28	-0.08	0.74	14	6	8	-0.173	0.08
Arid5a$MA0602.1	0.0	31.0	68.0	-0.51	0.51	1.68	13	7	6	0.054	0.822
Stat6$MA0520.1	14.0	57.0	118.0	0.19	1.38	3.1	21	16	5	0.58	0.669
RORA(var.2)$MA0072.1	14.0	65.5	104.5	-1.26	0.05	0.9	16	9	7	0.228	-0.045
POU4F2$MA0683.1	0.0	14.0	37.0	-0.14	1.04	2.2	11	7	4	0.552	0.692
THRB(var.3)$MA1576.1	40.0	103.0	193.0	-2.27	-0.75	0.56	24	11	13	-0.392	-0.548
PAX4$MA0068.2	0.0	0.0	7.0	0.0	0.0	0.0	7	6	1	0.907	0.769
LIN54$MA0619.1	0.0	0.0	27.0	-0.06	0.0	0.24	7	4	3	0.555	0.194
THAP1$MA0597.1	0.0	0.0	33.0	-0.77	0.0	0.14	8	3	5	-0.225	-0.015
TFDP1$MA1122.1	17.0	58.0	108.0	-0.49	0.42	1.66	17	9	8	0.173	0.368
HNF1B$MA0153.1	9.0	47.0	94.0	-0.3	0.56	1.89	16	10	6	0.351	0.76
ESR1$MA0112.2	110.0	235.0	328.0	-1.28	-0.1	0.83	31	15	16	-0.132	-0.056
SOX18$MA1563.1	0.0	0.0	0.0	0.0	0.0	0.0	5	0	5	-0.735	-1.034
GLI2$MA0734.1	0.0	58.0	91.1	-1.17	-0.04	0.94	15	7	8	-0.116	-0.183
SMAD2::SMAD3::SMAD4$MA0513.1	0.0	24.0	56.0	-1.56	-0.37	0.22	11	4	7	-0.769	-0.583
Rhox11$MA0629.1	0.0	26.0	51.0	-0.54	-0.06	0.81	10	5	5	-0.112	0.387
NRF1$MA0506.1	0.0	3.0	12.0	0.0	1.9	2.97	10	9	1	0.801	0.844
ZNF135$MA1587.1	22.0	84.0	123.0	-1.11	-0.02	0.95	18	9	9	-0.131	0.037
Stat2$MA1623.1	0.0	0.0	34.0	-1.8	0.0	0.0	9	2	7	-0.888	-0.626
ZSCAN4$MA1155.1	35.0	104.5	156.0	-1.0	-0.01	1.01	20	9	11	-0.049	0.149
NFKB1$MA0105.2	0.0	32.0	63.0	-1.34	-0.23	0.55	12	6	6	-0.167	-0.246
Six3$MA0631.1	44.0	116.0	177.0	-0.77	0.13	1.34	22	11	11	0.067	0.124
Dmrt1$MA1603.1	0.0	35.0	74.0	-0.26	0.57	1.91	14	9	5	0.286	0.652
NR1I2$MA1533.1	19.0	66.0	122.0	-2.09	-0.61	0.22	19	7	12	-0.503	-0.301
MZF1$MA0056.1	0.0	24.0	51.0	-1.49	0.37	0.57	11	6	5	0.396	-0.551
Foxd3$MA0041.1	0.0	0.0	41.0	-0.77	0.0	0.55	9	5	4	0.274	-0.11
HNF1A$MA0046.1	0.0	0.0	27.0	0.0	0.0	0.0	7	4	3	0.411	0.347
CTCFL$MA1102.2	0.0	25.0	59.0	0.0	1.07	2.47	14	10	4	0.27	0.402
RUNX3$MA0684.2	0.0	32.0	68.0	0.0	0.46	2.13	13	10	3	0.138	0.063
IRF9$MA0653.1	0.0	20.0	50.0	-1.91	-0.61	0.22	11	4	7	-1.41	-0.83
MTF1$MA0863.1	5.0	31.0	73.0	0.0	1.25	2.72	16	11	5	1.429	1.042
NR4A1$MA1112.1	0.0	0.0	32.0	-0.27	0.0	1.14	8	4	4	0.138	0.257
MSGN1$MA1524.1	0.0	36.0	76.0	-1.69	-0.52	0.54	14	7	7	-0.045	-0.375
BACH2(var.2)$MA1470.1	0.0	18.0	45.0	0.0	0.48	2.15	10	8	2	0.914	0.518
ZSCAN29$MA1602.1	16.0	61.0	99.0	-0.75	0.14	1.45	16	10	6	0.152	0.079
MZF1(var.2)$MA0057.1	0.0	0.0	40.0	-1.22	0.0	0.0	9	3	6	-0.048	0.077
ZNF143$MA0088.2	9.0	41.0	90.0	-0.22	1.03	2.49	17	11	6	0.78	0.911
ZNF274$MA1592.1	53.0	142.0	217.0	-0.84	0.09	1.27	24	13	11	0.161	-0.072
Nr2e1$MA0676.1	0.0	0.0	40.0	-1.45	0.0	0.03	9	3	6	-0.949	-0.577
IRF2$MA0051.1	28.0	83.0	135.0	-0.65	0.2	1.41	19	11	8	0.048	0.154
PROX1$MA0794.1	30.0	95.0	147.0	-0.94	0.0	1.01	19	10	9	0.176	-0.077
HLF$MA0043.3	0.0	35.0	71.0	-2.23	-0.57	0.04	14	4	10	-0.197	-0.233
OSR1$MA1542.1	0.0	34.0	71.0	-1.98	-0.61	0.18	14	5	9	-0.383	-0.629
RFX5$MA0510.1	19.0	72.0	135.0	-2.13	-0.45	-0.01	19	5	14	-0.217	-0.106
HINFP$MA0131.2	0.0	55.0	98.0	-0.88	0.11	1.16	15	8	7	0.043	0.173
PRDM1$MA0508.2	0.0	59.0	93.0	-1.11	-0.02	1.02	15	6	9	-0.424	0.179
ZNF16$MA1654.1	75.0	178.0	255.0	-1.32	-0.1	0.77	27	13	14	-0.113	-0.12
ZNF136$MA1588.1	0.0	11.0	34.1	0.0	2.04	3.11	14	10	4	0.823	1.399
HMBOX1$MA0895.1	0.0	22.0	46.0	-1.26	-0.24	0.37	10	4	6	-0.452	-0.221
Esrra$MA0592.2	0.0	0.0	32.0	-1.08	0.0	0.04	8	3	5	-0.467	-0.263
PAX6$MA0069.1	52.0	138.0	230.0	0.0	0.47	2.15	26	17	9	0.502	0.218
ZKSCAN5$MA1652.1	12.0	58.0	102.0	-0.66	0.22	1.4	16	9	7	0.158	0.269
THRB(var.2)$MA1575.1	0.0	55.0	100.0	-1.21	-0.11	0.76	15	7	8	-0.19	-0.186
ZNF682$MA1599.1	19.0	63.0	118.0	-1.49	-0.28	0.52	17	8	9	-0.136	-0.205
GSC2$MA0891.1	0.0	0.0	28.0	-1.9	0.0	0.01	9	3	6	-0.703	-0.388
HINFP$MA0131.1	0.0	43.5	78.5	-0.64	-0.24	1.34	14	7	7	-0.015	0.449
Znf423$MA0116.1	26.0	86.5	146.0	-0.37	0.31	1.84	20	13	7	0.478	0.094
GATA1::TAL1$MA0140.2	46.0	123.0	212.0	-0.22	0.54	2.05	25	16	9	0.279	0.164
Ddit3::Cebpa$MA0019.1	0.0	48.0	90.0	-1.66	-0.3	0.49	15	5	10	-0.505	-0.109
ZNF282$MA1154.1	35.0	103.0	161.0	-1.04	-0.03	0.87	20	9	11	-0.045	-0.135
MEIS1(var.2)$MA1639.1	0.0	21.0	55.0	-2.45	-1.06	0.0	13	4	9	-0.524	-0.579
MSANTD3$MA1523.1	0.0	32.0	56.0	-0.91	0.03	0.83	11	6	5	0.094	-0.161
NR6A1$MA1541.1	46.0	125.0	200.0	-0.72	0.16	1.42	23	13	10	0.302	0.006
RELB$MA1117.1	28.0	93.0	145.0	-0.94	-0.03	1.01	19	9	10	-0.082	0.065
RREB1$MA0073.1	0.0	36.5	75.0	-1.92	-0.5	0.35	14	5	9	-1.09	-0.572
