Merged motif (Total sequences: 1955)	5% stats	Median stats	95% stats	5% p-val	Median p-val	95% p-val	All mutation	Pos mutation	Neg mutation	Median score difference	Mean score difference
ARNT::HIF1A$MA0259.1|MAX$MA0058.1|MAX$MA0058.3|TCFL5$MA0632.2|Mycn$MA0104.3|MXI1$MA1108.1|MAX::MYC$MA0059.1|MYC$MA0147.3|HES7$MA0822.1|MNT$MA0825.1|MYCN$MA0104.4|Tcfl5$MA0632.1|ARNT2$MA1464.1|BHLHE40$MA0464.2|SOHLH2$MA1560.1|USF2$MA0526.1|BHLHE41$MA0636.1|HES6$MA1493.1|Bhlhe40$MA0464.1|TFEB$MA0692.1|Arntl$MA0603.1|HES1$MA1099.2|HES5$MA0821.1|Npas2$MA0626.1|SREBF1(var.2)$MA0829.2|USF1$MA0093.1|Mycn$MA0104.2|SREBF2(var.2)$MA0828.1|Arnt$MA0004.1|USF1$MA0093.3|TFE3$MA0831.1|TFEC$MA0871.1|MITF$MA0620.3|MLXIPL$MA0664.1|Srebf1(var.2)$MA0829.1|USF2$MA0526.2|HIF1A$MA1106.1|HEY1$MA0823.1|TFEC$MA0871.2|CLOCK$MA0819.1|USF1$MA0093.2|Mycn$MA0104.1|Myc$MA0147.1|HES2$MA0616.2|HEY2$MA0649.1|MITF$MA0620.2|TFE3$MA0831.2|Mlxip$MA0622.1|Mitf$MA0620.1|Hes1$MA1099.1|USF2$MA0526.3|MLX$MA0663.1	19551.68	24424.67	28392.22	-0.85	0.19	1.39	310	180	130	0.158	0.167
Rarb(var.2)$MA0858.1|RARA(var.2)$MA0730.1	21139.55	26307.25	30440.85	-1.32	-0.17	0.75	309	144	165	-0.041	-0.115
KLF3$MA1516.1|SP4$MA0685.1|KLF4$MA0039.3|KLF11$MA1512.1|SP8$MA0747.1|KLF4$MA0039.4|Klf1$MA0493.1|SP9$MA1564.1|KLF9$MA1107.1|KLF10$MA1511.1|KLF9$MA1107.2|Klf12$MA0742.1|KLF16$MA0741.1|SP3$MA0746.2|KLF14$MA0740.1|KLF6$MA1517.1|SP3$MA0746.1|KLF5$MA0599.1|KLF2$MA1515.1|SP1$MA0079.4|Klf4$MA0039.2	27348.58	33619.74	38357.43	-1.07	-0.01	1.13	338	166	172	-0.037	-0.186
GATA5$MA0766.1|GATA3$MA0037.3|GATA6$MA1104.2|Gata1$MA0035.3|Gata1$MA0035.2|GATA3$MA0037.2|Gata4$MA0482.1|GATA2$MA0036.2|GATA5$MA0766.2|GATA2$MA0036.3|GATA6$MA1104.1|GATA4$MA0482.2	17183.26	21671.17	25343.62	-1.63	-0.29	0.69	228	111	117	-0.073	-0.143
JUN::FOS$MA0099.1|BATF::JUN$MA0462.1|JUN(var.2)$MA0489.1|FOSL1::JUND$MA1142.1|FOS::JUN$MA0099.2|FOSL1$MA0477.1|FOS$MA0476.1|JUNB$MA0490.2|JUND$MA0491.2|FOSL1::JUNB$MA1137.1|JUND$MA0491.1|FOSL1$MA0477.2|BACH1$MA1633.1|Smad2::Smad3$MA1622.1|FOS::JUN$MA0099.3|NFE2L1$MA0089.2|BATF$MA1634.1|JUNB$MA0490.1|BATF::JUN$MA0462.2|MAF::NFE2$MA0501.1|FOSL2::JUN$MA1130.1|JDP2$MA0655.1|BATF3$MA0835.2|JUN::JUNB$MA1132.1|BACH2$MA1101.1|FOS::JUNB$MA1134.1|FOSL1::JUN$MA1128.1|FOSL2::JUNB$MA1138.1|FOSL2::JUND$MA1144.1|FOSB::JUNB$MA1135.1|NFE2$MA0841.1|FOS::JUND$MA1141.1|FOSL2$MA0478.1|Nfe2l2$MA0150.2|MAFK$MA0496.3|Bach1::Mafk$MA0591.1|NFE2L2$MA0150.1|BACH2$MA1101.2	19950.63	24587.47	29697.99	1.05	3.44	6.52	231	146	85	0.604	0.72
CEBPG$MA0838.1|CEBPB$MA0466.2|CEBPD$MA0836.1|CEBPE$MA0837.1|Cebpa$MA0102.1|CEBPA$MA0102.2	16001.45	20215.08	23990.5	-1.73	-0.31	0.6	306	146	160	-0.054	-0.092
TBP$MA0108.2|TBP$MA0108.1	35804.85	43067.5	49146.65	-1.61	-0.32	0.45	424	202	222	-0.031	-0.039
MEIS1$MA0498.2|MEIS3$MA0775.1|MEIS2$MA0774.1	10157.67	13259.67	15831.5	-0.71	0.02	1.52	209	100	109	-0.018	0.124
ASCL1$MA1100.1|NHLH1$MA0048.1|Ascl2$MA0816.1|Atoh1$MA0461.2|HAND2$MA1638.1|NEUROG1$MA0623.2|ASCL1$MA1100.2|TCF3$MA0522.2|MYF6$MA0667.1|BHLHA15(var.2)$MA1472.1|NEUROD2$MA0668.1|Ptf1a$MA1618.1|NEUROG2$MA0669.1|OLIG3$MA0827.1|TAL1::TCF3$MA0091.1|FIGLA$MA0820.1|Myod1$MA0499.1|NHLH1$MA0048.2|SNAI2$MA0745.1|OLIG2$MA0678.1|TCF4$MA0830.1|TFAP4(var.2)$MA1570.1|TCF3$MA0522.3|TCF12(var.2)$MA1648.1|ZEB1$MA0103.2|Tcf21$MA0832.1|TFAP4$MA0691.1|MYOG$MA0500.2|Ptf1a(var.2)$MA1619.1|TCF21(var.2)$MA1568.1|SNAI1$MA1558.1|Tcf12$MA0521.1|Neurog1$MA0623.1|SNAI2$MA0745.2|TWIST1$MA1123.1|Myog$MA0500.1|Ptf1a(var.3)$MA1620.1|ATOH7$MA1468.1|ATOH1(var.2)$MA1467.1|ZBTB18$MA0698.1|Rbpjl$MA1621.1|ASCL1(var.2)$MA1631.1|BHLHE22$MA0818.1|TWIST1$MA1123.2|BHLHE23$MA0817.1|Tcf3$MA0522.1|Twist2$MA0633.1|MYF5$MA1641.1|OLIG1$MA0826.1|BHLHE22(var.2)$MA1635.1|SNAI3$MA1559.1|MYOD1$MA0499.2|MSC$MA0665.1|ZEB1$MA0103.1|TCF4$MA0830.2|ZEB1$MA0103.3|Bhlha15$MA0607.1|NEUROG2(var.2)$MA1642.1|NEUROD1$MA1109.1	17451.8	21870.9	25750.96	-0.88	0.19	1.54	343	189	154	0.115	0.208
TFAP2C(var.2)$MA0814.2|TFAP2A$MA0003.4|TFAP2B$MA0811.1|TFAP2C$MA0524.2|TFAP2C$MA0524.1|TFAP2A$MA0003.2|TFAP2B(var.2)$MA0812.1|TFAP2C(var.2)$MA0814.1|TFAP2E$MA1569.1|TFAP2A$MA0003.3|TFAP2A(var.2)$MA0810.1	17971.7	22578.41	26518.26	-0.84	0.16	1.52	335	169	166	0.048	0.084
BARX1$MA0875.1|Dlx3$MA0880.1|DLX6$MA0882.1|Dlx4$MA0881.1|HESX1$MA0894.1|NOTO$MA0710.1|BSX$MA0876.1|Prrx2$MA0075.2|Nobox$MA0125.1|MSX2$MA0708.1|GBX1$MA0889.1|ISX$MA0654.1|LHX2$MA0700.2|LHX1$MA1518.1|MSX1$MA0666.1|ESX1$MA0644.1|DRGX$MA1481.1|GSX1$MA0892.1|RAX2$MA0717.1|UNCX$MA0721.1|Dlx2$MA0885.1|Msx3$MA0709.1|HOXA2$MA0900.2|PRRX1$MA0716.1|HOXA7$MA1498.1|Shox2$MA0720.1|PRRX2$MA0075.3|MEOX1$MA0661.1|GBX2$MA0890.1|SHOX$MA0630.1|GSX2$MA0893.2|EMX2$MA0886.1|HOXC8$MA1505.1|Prrx2$MA0075.1|DLX5$MA1476.1|LHX5$MA1519.1|ALX3$MA0634.1|NKX6-2$MA0675.1|LHX9$MA0701.2|EN2$MA0642.1|HOXB8$MA1502.1|TLX2$MA1577.1|Lhx8$MA0705.1|GSX2$MA0893.1|VAX2$MA0723.1|RAX$MA0718.1|HOXD3$MA0912.2|Pdx1$MA0132.1|POU6F1$MA0628.1|VAX1$MA0722.1|LMX1B$MA0703.2|PAX4$MA0068.2|HOXB3$MA0903.1|HOXA6$MA1497.1|LBX2$MA0699.1|Arid3b$MA0601.1|HOXD8$MA0910.2|MEOX2$MA0706.1|LHX2$MA0700.1|PDX1$MA0132.2|NKX6-1$MA0674.1|HOXD4$MA1507.1|HOXB7$MA1501.1|EN1$MA0027.2|HOXB5$MA0904.2|Dlx1$MA0879.1|MNX1$MA0707.1|MIXL1$MA0662.1|Lhx4$MA0704.1|LHX9$MA0701.1|VSX2$MA0726.1|ARGFX$MA1463.1|HOXB6$MA1500.1|HOXB2$MA0902.2|Alx1$MA0854.1|HOXA5$MA0158.2|EVX2$MA0888.1|VSX1$MA0725.1|EMX1$MA0612.1|LMX1A$MA0702.2|EVX1$MA0887.1|HOXA2$MA0900.1|HOXA4$MA1496.1|LMX1B$MA0703.1|LMX1A$MA0702.1|EMX1$MA0612.2|LHX6$MA0658.1|HOXC4$MA1504.1|HOXB2$MA0902.1|mix-a$MA0621.1|Alx4$MA0853.1|HOXB4$MA1499.1|LBX1$MA0618.1|HOXA1$MA1495.1	10497.49	13562.97	16394.74	-1.87	-0.4	0.7	209	89	120	-0.219	-0.334
Foxj2$MA0614.1|FOXG1$MA0613.1|FOXP1$MA0481.2|FOXP2$MA0593.1|FOXA3$MA1683.1|FOXA2$MA0047.3|FOXK2$MA1103.2|FOXP1$MA0481.3|FOXK1$MA0852.2|Foxo1$MA0480.1|FOXO3$MA0157.2|FOXD2$MA0847.1|Foxl2$MA1607.1|Foxf1$MA1606.1|FOXA1$MA0148.4|FOXO4$MA0848.1|FOXO6$MA0849.1|FOXL1$MA0033.2|FOXP3$MA0850.1|FOXP1$MA0481.1|FOXD1$MA0031.1|FOXK2$MA1103.1|FOXI1$MA0042.2|FOXN3$MA1489.1	14668.12	18419.38	21865.5	-1.23	0.02	1.29	214	90	124	-0.235	-0.313
TBX2$MA0688.1|TBX6$MA1567.1|TBX3$MA1566.1|TBX18$MA1565.1|TBX21$MA0690.1|TBX4$MA0806.1|TBX5$MA0807.1|TBX20$MA0689.1|TBR1$MA0802.1|EOMES$MA0800.1|MGA$MA0801.1|TBX1$MA0805.1|TBX15$MA0803.1	18907.62	23545.12	27790.23	-0.4	0.42	1.99	345	182	163	0.093	0.143
Hoxb5$MA0904.1|Hoxd3$MA0912.1	39209.45	47033.5	53274.25	-1.76	-0.31	0.42	454	207	247	-0.101	-0.058
ZBTB7A$MA0750.1|ZBTB7B$MA0694.1|ZBTB7C$MA0695.1	29335.9	35842.67	40800.2	-0.9	0.29	1.61	376	193	183	0.094	0.136
FOXF2$MA0030.1|FOXB1$MA0845.1|FOXD2$MA0847.2|FOXA1$MA0148.1|FOXA1$MA0148.2|Foxj3$MA0851.1|FOXA1$MA0148.3|Foxa2$MA0047.2|FOXC2$MA0846.1|Foxk1$MA0852.1|FOXC1$MA0032.2	26308.32	32368.05	37254.83	-1.2	-0.01	1.22	359	162	197	-0.192	-0.145
Spi1$MA0080.3|SPIB$MA0081.2|ETS1$MA0098.3|FLI1$MA0475.2|EHF$MA0598.3|ELK4$MA0076.2|SPI1$MA0080.5|ETV6$MA0645.1|ELF2$MA1483.1|Gabpa$MA0062.2|ERG$MA0474.2|FLI1$MA0475.1|ETS2$MA1484.1|ELF4$MA0641.1|ERF$MA0760.1|FEV$MA0156.2|GABPA$MA0062.3|ETV3$MA0763.1|ETV2$MA0762.1|ELF1$MA0473.1|ETV1$MA0761.2|ETV4$MA0764.1|ELF1$MA0473.3|ELF1$MA0473.2|ETV1$MA0761.1|ELK3$MA0759.1|ELK1$MA0028.2|ETV5$MA0765.1|ELF3$MA0640.2|ELF5$MA0136.2|Ets1$MA0098.2|Erg$MA0474.1|ETV5$MA0765.2|EHF$MA0598.2|IKZF1$MA1508.1|ELK4$MA0076.1|SPI1$MA0080.2|ELF3$MA0640.1|ZBTB7A$MA0750.2|FEV$MA0156.1|GABPA$MA0062.1|EHF$MA0598.1|ETV4$MA0764.2|ELF5$MA0136.1|ETS1$MA0098.1	25576.7	31135.58	37160.8	12.02	17.12	22.91	556	391	165	1.044	0.987
NFIC$MA0161.2|NFIC$MA0161.1|NFIA$MA0670.1|NFIX$MA0671.1	10397.5	13551.75	16064.5	-1.46	-0.24	0.7	278	128	150	-0.039	-0.048
THAP11$MA1573.1	51279.0	60285.0	67653.2	-1.65	-0.33	0.16	500	232	268	-0.026	-0.03
BARHL2$MA0635.1|BARHL1$MA0877.2	13443.9	17255.0	20886.0	-2.46	-0.7	0.32	287	125	162	-0.12	-0.089
Nr5a2$MA0505.1|ESRRA$MA0592.1|ESRRA$MA0592.3|Esrra$MA0592.2|NR5A1$MA1540.1|Esrrb$MA0141.1|Esrrb$MA0141.2|ESRRB$MA0141.3|Esrrg$MA0643.1	20092.11	24937.83	29526.61	-2.92	-0.94	0.25	415	176	239	-0.215	-0.334
ZNF135$MA1587.1	28257.2	34710.0	39081.3	0.01	0.1	1.19	375	204	171	0.11	-0.094
NFIC(var.2)$MA1527.1|NFIB$MA1643.1|NFIX(var.2)$MA1528.1|NFIC::TLX1$MA0119.1	24918.9	30577.25	36248.68	-2.81	-0.9	-0.0	335	147	188	-0.16	-0.147
E2F1$MA0024.2|E2F6$MA0471.1|E2F6$MA0471.2|E2F3$MA0469.1|E2F4$MA0470.1|TFDP1$MA1122.1	25758.08	31486.17	36810.78	-2.16	-0.56	0.37	308	133	175	-0.153	-0.203
XBP1$MA0844.1|CREB3$MA0638.1|CREB3L4$MA1474.1|CREB3L1$MA0839.1|ATF6$MA1466.1	35228.92	42108.9	48609.42	-2.22	-0.63	0.23	444	204	240	-0.108	-0.131
HMBOX1$MA0895.1	14331.7	18392.0	22586.4	0.69	2.38	5.23	301	181	120	0.236	0.176
ONECUT2$MA0756.1|ONECUT1$MA0679.1|ONECUT3$MA0757.1|ONECUT1$MA0679.2	25623.35	31265.88	37677.28	-4.15	-1.76	-0.06	383	162	221	-0.22	-0.208
IRF1$MA0050.2|IRF9$MA0653.1|IRF8$MA0652.1|IRF3$MA1418.1|IRF4$MA1419.1|IRF1$MA0050.1|STAT1$MA0137.1|IRF5$MA1420.1|STAT1::STAT2$MA0517.1|IRF2$MA0051.1|IRF7$MA0772.1	30818.35	37011.09	43976.11	11.77	16.74	22.54	655	438	217	0.58	0.788
Egr1$MA0162.1|EGR2$MA0472.2|EGR1$MA0162.2|EGR2$MA0472.1|EGR1$MA0162.4|EGR3$MA0732.1|EGR4$MA0733.1|EGR1$MA0162.3	29740.44	36162.62	41575.94	-0.41	0.62	2.34	357	203	154	0.308	0.335
TGIF2$MA0797.1|TGIF2LY$MA1572.1|PKNOX2$MA0783.1|TGIF2LX$MA1571.1|PKNOX1$MA0782.1|TGIF1$MA0796.1	14269.43	17961.83	21759.42	-0.13	0.75	2.5	299	166	133	0.129	0.201
TEAD3$MA0808.1|TEAD1$MA0090.3|TEAD4$MA0809.2|TEAD1$MA0090.2|TEAD4$MA0809.1|TEAD2$MA1121.1|TEAD1$MA0090.1	22310.71	27277.93	32653.16	-3.87	-1.57	0.11	269	119	150	-0.351	-0.338
TFCP2$MA0145.3|GRHL1$MA0647.1	20934.15	26064.0	30655.9	-0.64	0.5	2.0	332	180	152	0.125	0.174
PAX9$MA0781.1|PAX1$MA0779.1	26278.0	31793.5	38064.55	1.08	3.0	5.98	358	203	155	0.386	0.418
RUNX2$MA0511.2|RUNX1$MA0002.2|RUNX3$MA0684.1|RUNX1$MA0002.1|RUNX3$MA0684.2|RUNX2$MA0511.1	17114.37	21372.92	26070.47	3.67	6.74	10.69	325	215	110	0.645	0.766
CEBPG(var.2)$MA1636.1|CEBPA$MA0102.3|ATF4$MA0833.2|CEBPB$MA0466.1|CEBPA$MA0102.4|ATF4$MA0833.1|CEBPD$MA0836.2	27082.31	32967.64	38251.79	-0.37	0.58	2.15	422	234	188	0.16	0.149
THRB$MA1574.1|NR2C2$MA0504.1|RXRG$MA0856.1|PPARG::RXRA$MA0065.1|PPARD$MA1550.1|RXRB$MA0855.1|Rxra$MA0512.2|Nr2f6$MA0677.1|NR2F1(var.2)$MA1537.1	25607.1	31364.17	36429.27	-0.68	0.27	1.56	420	223	197	0.086	0.093
Stat5a::Stat5b$MA0519.1|Stat5b$MA1625.1|STAT3$MA0144.2|Stat5a$MA1624.1|Stat4$MA0518.1|STAT1$MA0137.3|Stat3$MA0144.1|STAT1$MA0137.2	19816.04	24613.38	29144.59	-3.13	-1.13	0.47	260	110	150	-0.363	-0.356
NR1D1$MA1531.1|NR1D2$MA1532.1	35127.8	42019.0	49205.8	0.08	1.04	3.03	413	230	183	0.051	0.213
CUX1$MA0754.1|CUX2$MA0755.1	13179.3	16519.25	20652.15	-4.85	-2.3	-0.55	277	118	159	-0.208	-0.291
RELB$MA1117.1	27323.4	33422.5	39318.0	-0.42	0.71	2.46	380	197	183	0.058	0.128
FOXE1$MA1487.1	25600.7	30901.0	36720.4	-2.77	-0.87	0.22	368	173	195	-0.091	-0.151
RARG(var.3)$MA1553.1|RARB(var.3)$MA1552.1|RXRB(var.2)$MA1555.1|RXRG(var.2)$MA1556.1	31988.8	38274.0	44746.6	-0.75	1.05	3.09	426	223	203	0.092	0.213
Zfx$MA0146.1|Zfx$MA0146.2	18513.7	23787.0	27379.2	-1.06	-0.02	0.89	308	151	157	-0.044	-0.02
Nkx3-2$MA0122.1|Nkx3-1$MA0124.2|NKX2-8$MA0673.1|Nkx3-2$MA0122.3|ISL2$MA0914.1|NKX3-2$MA0122.2|NKX2-3$MA0672.1	18088.91	22604.43	26374.9	-0.63	0.47	1.8	271	162	109	0.279	0.233
MEF2A$MA0052.1|MEF2B$MA0660.1|MEF2D$MA0773.1|MEF2A$MA0052.4|MEF2A$MA0052.3|MEF2C$MA0497.1|MEF2A$MA0052.2	23409.34	28563.0	34000.74	-0.58	1.32	3.41	265	148	117	0.427	0.429
FOSL1::JUND(var.2)$MA1143.1|ATF2$MA1632.1|CREM$MA0609.2|CREB1$MA0018.3|Gmeb1$MA0615.1|ATF3$MA0605.2|CREB1$MA0018.4|JUNB(var.2)$MA1140.2|FOSB::JUN$MA1127.1|CREB3L4(var.2)$MA1475.1|JUN::JUNB(var.2)$MA1133.1|JUNB(var.2)$MA1140.1|FOSL2::JUN(var.2)$MA1131.1|Creb5$MA0840.1|FOSL1::JUN(var.2)$MA1129.1|FOSB::JUNB(var.2)$MA1136.1|JUND(var.2)$MA0492.1|Atf3$MA0605.1|JDP2(var.2)$MA0656.1|JUN$MA0488.1|ATF7$MA0834.1|FOS::JUN(var.2)$MA1126.1|FOSL2::JUND(var.2)$MA1145.1|GMEB2$MA0862.1|Crem$MA0609.1|FOSL2::JUNB(var.2)$MA1139.1|CREB1$MA0018.2|Atf1$MA0604.1	25108.34	30520.11	36095.03	-0.26	1.06	3.09	349	206	143	0.147	0.24
NR4A2$MA0160.1	7910.1	10361.0	13059.2	-2.18	-0.6	-0.01	213	94	119	-0.327	-0.113
SOX8$MA0868.2|SOX9$MA0077.1|SOX10$MA0442.2|Sox6$MA0515.1|SOX13$MA1120.1|SOX15$MA1152.1|Sox17$MA0078.1|Sox3$MA0514.1|SOX2$MA0143.4|SOX4$MA0867.2|Sox2$MA0143.3|SOX10$MA0442.1	13376.48	16922.75	20737.36	-3.48	-1.35	-0.11	298	115	183	-0.293	-0.193
PKNOX1$MA0782.2|PBX3$MA1114.1|PBX2$MA1113.1	36056.27	43300.5	50619.2	-0.11	1.65	4.02	445	237	208	0.038	0.258
Hmx2$MA0897.1|Hmx3$MA0898.1|Hmx1$MA0896.1	43857.97	52208.83	59625.37	-1.84	-0.41	0.34	457	218	239	-0.093	-0.08
PBX1$MA0070.1|Hoxa9$MA0594.1|MEIS2(var.2)$MA1640.1|Hoxc9$MA0485.1|PBX2$MA1113.2|MEIS1(var.2)$MA1639.1	22573.15	27787.42	33126.9	-3.35	-1.19	0.03	330	148	182	-0.226	-0.255
OTX2$MA0712.2|PITX2$MA1547.1|OTX1$MA0711.1|GSC2$MA0891.1|GSC$MA0648.1|Pitx1$MA0682.1|PITX1$MA0682.2|PITX3$MA0714.1|OTX2$MA0712.1	9299.78	12001.17	15095.21	-5.6	-2.75	-0.9	333	136	197	-0.163	-0.304
ZNF382$MA1594.1	41293.2	48818.5	56132.7	-0.52	0.67	2.4	457	234	223	0.075	0.143
SMAD5$MA1557.1|SMAD3$MA0795.1	10226.4	13271.5	16542.75	-3.69	-1.41	0.36	267	121	146	-0.152	-0.263
DMRTA2$MA1478.1|DMRTC2$MA1479.1|DMRT3$MA0610.1	23526.57	29008.5	34323.1	-0.34	0.7	2.43	399	220	179	0.145	0.165
FOXL1$MA0033.1	9740.4	13024.0	15354.7	-1.2	-0.05	0.84	229	114	115	-0.006	-0.019
HNF4A$MA0114.4|HNF4G$MA0484.2	22992.0	28169.0	33143.6	-1.98	-0.02	0.6	339	165	174	-0.03	-0.067
EBF1$MA0154.2|EBF1$MA0154.4	19902.1	24642.0	28653.9	-0.57	0.39	1.81	249	127	122	0.07	0.18
Tcfcp2l1$MA0145.1|Tcfcp2l1$MA0145.2	30097.3	36465.5	42520.95	-0.2	0.58	2.28	394	209	185	0.12	0.051
TFAP2B(var.3)$MA0813.1|TFAP2C(var.3)$MA0815.1|TFAP2A(var.3)$MA0872.1	11375.33	14851.67	17582.2	-0.78	0.09	1.42	259	130	129	0.016	0.118
HOXB13$MA0901.2|HOXA13$MA0650.2|HOXD13$MA0909.2|HOXA10$MA0899.1|Hoxd9$MA0913.1|HOXD13$MA0909.1|HOXB13$MA0901.1|CDX2$MA0465.1|HOXD9$MA0913.2|CDX2$MA0465.2|CDX1$MA0878.1|CDX1$MA0878.2|CDX4$MA1473.1|HOXA13$MA0650.1	16264.71	20521.57	24397.56	-2.03	-0.48	0.52	376	174	202	-0.151	-0.2
NR4A1$MA1112.2|NR2F2$MA1111.1|NR4A1$MA1112.1	16745.2	20929.17	25218.37	-3.0	-1.09	0.1	328	150	178	-0.085	-0.169
HOXC12$MA0906.1|HOXD11$MA0908.1|HOXC10$MA0905.1|HOXC11$MA0651.1|HOXB9$MA1503.1|HOXD12$MA0873.1|Hoxa11$MA0911.1|HOXC9$MA0485.2|HOXD10$MA1506.1	15842.14	20238.06	23481.99	-0.74	0.12	1.29	305	162	143	0.046	0.033
TCF7$MA0769.2|TCF7L2$MA0523.1|Tcf7$MA0769.1|LEF1$MA0768.1|TCF7L1$MA1421.1	23289.06	28495.4	33952.8	-3.49	-1.39	-0.12	288	124	164	-0.149	-0.232
Nkx2-5(var.2)$MA0503.1|NKX2-5$MA0063.2|NKX2-2$MA1645.1	20320.6	24908.5	29956.3	-0.05	1.01	2.97	304	171	133	0.282	0.219
HSF1$MA0486.1|HSF1$MA0486.2|HSF2$MA0770.1|HSF4$MA0771.1	25303.8	31225.75	35661.57	-0.72	0.11	1.35	407	213	194	0.046	0.043
SCRT1$MA0743.2|SCRT2$MA0744.2|SCRT1$MA0743.1|SCRT2$MA0744.1	31732.9	38122.0	44406.08	-0.09	0.84	2.66	441	240	201	0.08	0.128
NR1H4::RXRA$MA1146.1|NR4A2::RXRA$MA1147.1|NR2F6(var.3)$MA1539.1|NR2F1(var.3)$MA1538.1	34699.6	41945.0	48240.18	-0.53	0.44	2.04	486	254	232	0.089	0.145
MAZ$MA1522.1|SP2$MA0516.1|SP1$MA0079.3|ZNF148$MA1653.1|SP1$MA0079.2	20235.08	25154.2	29688.7	-2.0	-0.33	0.62	293	142	151	-0.071	-0.207
PAX7$MA0680.1|PAX3$MA0780.1	8764.75	11456.5	14187.15	-2.84	-0.92	0.38	232	108	124	-0.073	-0.241
ESR1$MA0112.2|ESR2$MA0258.2|ESR2$MA0258.1	50574.2	59827.33	66969.33	-1.1	-0.02	1.05	563	279	284	-0.036	-0.056
Znf281$MA1630.1|Wt1$MA1627.1	25165.8	30953.5	35356.85	-1.08	-0.04	0.94	308	151	157	-0.043	-0.048
RORA(var.2)$MA0072.1|RORB$MA1150.1|RORC$MA1151.1	22925.1	28378.67	33178.33	-0.48	0.5	2.07	356	189	167	0.131	0.174
HLF$MA0043.3|NFIL3$MA0025.2	24201.2	29544.0	35218.55	0.34	1.5	3.67	386	216	170	0.101	0.264
RFX1$MA0509.2|RFX3$MA0798.2	28807.35	35068.25	41434.55	-3.24	-1.14	-0.02	389	172	217	-0.113	-0.121
RXRA::VDR$MA0074.1	20683.9	25718.5	30574.9	-0.35	0.56	2.35	332	175	157	0.081	0.099
TP73$MA0861.1|TP63$MA0525.1	47600.3	56273.0	64009.95	-0.42	0.66	2.35	419	214	205	0.018	0.145
Sox5$MA0087.1	3014.5	4197.0	5682.3	-5.27	-2.69	-0.76	153	59	94	-0.135	-0.542
E2F2$MA0864.2|E2F4$MA0470.2|E2F1$MA0024.3	32125.77	38895.5	45327.4	-3.0	-1.06	0.02	508	228	280	-0.089	-0.161
NFYC$MA1644.1|NFYA$MA0060.3|NFYA$MA0060.1|NFYB$MA0502.1	24709.42	30296.0	35422.0	-2.36	-0.28	0.62	318	145	173	-0.112	-0.155
RFX3$MA0798.1|RFX4$MA0799.1|RFX2$MA0600.1|RFX2$MA0600.2|Rfx1$MA0509.1|RFX5$MA0510.2	30746.27	37046.08	42746.38	-1.81	-0.39	0.46	416	190	226	-0.099	-0.09
SPI1$MA0080.4|SPIC$MA0687.1	32516.05	38976.0	46264.75	11.13	16.22	21.78	500	341	159	0.878	1.035
NR1I2$MA1533.1|Vdr$MA0693.1	29651.75	36180.75	41902.0	-1.14	0.14	1.46	447	233	214	0.07	0.085
NFATC1$MA0624.1|NFATC3$MA0625.1|NFATC4$MA1525.1	27910.43	34146.5	39899.6	-2.3	-0.63	0.24	378	172	206	-0.124	-0.078
Zic2$MA1629.1|Zic1::Zic2$MA1628.1	20529.7	25767.75	29835.8	-0.66	0.34	1.72	354	185	169	0.042	0.128
SOX4$MA0867.1|Sox11$MA0869.1|SOX21$MA0866.1|Sox1$MA0870.1	21767.98	26809.25	31489.43	-0.4	0.39	1.82	295	154	141	0.076	0.15
VEZF1$MA1578.1|ZNF740$MA0753.1|ZNF740$MA0753.2	16329.93	20437.5	24806.87	-3.04	-1.05	0.16	316	145	171	-0.123	-0.185
E2F7$MA0758.1|E2F8$MA0865.1	14576.6	18512.25	21691.35	-3.03	-1.24	0.11	260	113	147	-0.425	-0.383
PAX5$MA0014.3	27000.5	32839.0	38774.8	-0.15	0.79	2.75	378	201	177	0.05	0.117
MAFA$MA1521.1|MAFK$MA0496.2|MAFF$MA0495.2|MAFG$MA0659.1|MAF$MA1520.1	49789.42	58222.1	66788.34	-0.57	0.8	2.64	411	214	197	0.063	0.146
ZNF410$MA0752.1	23456.8	28947.0	34225.4	-1.88	-0.4	0.51	349	172	177	-0.007	-0.103
PLAG1$MA0163.1	12927.3	16383.0	19766.7	-0.42	0.37	1.86	263	137	126	0.187	0.086
REST$MA0138.2|REST$MA0138.1	29887.15	36432.25	41517.1	-1.4	-0.08	0.76	403	200	203	-0.016	-0.074
Myc$MA0147.2|MXI1$MA1108.2|MAX$MA0058.2	16948.47	21507.0	24872.23	-0.76	0.09	1.24	307	165	142	0.127	0.065
YY2$MA0748.1|YY2$MA0748.2	26575.6	32179.0	38487.45	-3.72	-1.4	0.18	385	180	205	-0.036	-0.23
SREBF2$MA0596.1|SREBF1$MA0595.1	14973.25	18945.75	22459.35	-1.05	0.0	1.09	276	149	127	0.158	0.03
CTCFL$MA1102.1|CTCFL$MA1102.2	20782.6	25926.75	30635.9	-0.36	0.32	1.97	333	180	153	0.054	0.151
ZNF354C$MA0130.1	8004.6	10377.5	12889.6	-0.51	0.93	2.89	217	114	103	0.198	0.21
Pax2$MA0067.1	12057.2	15097.0	19004.0	0.66	2.48	5.24	275	163	112	0.23	0.221
ZBTB12$MA1649.1	21384.9	26563.5	30145.6	-0.34	0.13	1.34	329	179	150	0.034	-0.025
RFX7$MA1554.1	17236.6	22111.5	25377.5	-1.12	0.08	0.74	299	150	149	0.004	-0.033
DPRX$MA1480.1	10675.3	13982.0	16878.7	-0.93	-0.35	1.79	243	117	126	-0.074	0.108
HNF1A$MA0046.1|HNF1A$MA0046.2|HNF1B$MA0153.2	17053.8	21218.67	25956.27	0.96	2.92	5.85	354	218	136	0.498	0.409
Rarg$MA0859.1|Rarb$MA0857.1|Nr2f6(var.2)$MA0728.1|RARA$MA0729.1	18661.25	23579.12	27355.02	-1.49	-0.2	0.63	354	171	183	-0.016	-0.101
POU2F2$MA0507.1|POU3F1$MA0786.1|Pou2f3$MA0627.1|POU3F2$MA0787.1|POU1F1$MA0784.1|POU3F3$MA0788.1|POU5F1B$MA0792.1|POU3F4$MA0789.1|POU5F1$MA1115.1|POU2F3$MA0627.2|POU2F1$MA0785.1	22733.45	27798.41	33476.22	0.17	1.93	4.49	389	219	170	0.27	0.338
TBX19$MA0804.1|TBXT$MA0009.2	34916.85	41595.5	48752.05	-0.12	0.85	2.79	485	263	222	0.096	0.115
E2F3$MA0469.2|E2F2$MA0864.1	18453.75	22934.25	27554.85	-2.3	-0.62	0.16	334	149	185	-0.268	-0.158
HNF4G$MA0484.1|HNF4A$MA0114.2|HNF4A$MA0114.1	30333.03	36986.67	42158.3	-0.78	0.11	1.35	411	210	201	0.011	0.05
Ahr::Arnt$MA0006.1	6543.8	8879.5	10977.6	-0.38	0.41	1.82	195	105	90	0.257	0.133
MAFG$MA0659.2|NRL$MA0842.2|MAFK$MA0496.1|MAFF$MA0495.1|Mafb$MA0117.2|NRL$MA0842.1|MAFF$MA0495.3	29231.86	35642.79	40567.94	-0.93	0.04	1.25	393	202	191	0.049	0.132
PHOX2B$MA0681.2|PHOX2A$MA0713.1|Phox2b$MA0681.1|PROP1$MA0715.1	19827.03	24708.25	28972.08	-1.18	-0.04	0.99	392	183	209	-0.111	-0.154
Nr1h3::Rxra$MA0494.1	70528.1	83332.0	90626.4	-1.2	-0.06	0.85	579	287	292	-0.013	-0.017
NR2F1$MA0017.2	21307.9	26343.5	31527.3	-3.12	-0.99	0.03	342	157	185	-0.145	-0.147
GLI2$MA0734.1	24582.8	30030.5	35851.1	-0.23	1.18	3.23	367	195	172	0.082	0.184
NFIL3$MA0025.1|TEF$MA0843.1|HLF$MA0043.2|DBP$MA0639.1	20066.12	24993.12	29419.82	-2.01	-0.45	0.27	276	131	145	-0.135	-0.118
GLI2$MA0734.2|GLI3$MA1491.1	34014.4	41311.75	47884.45	-2.24	-0.6	0.33	403	193	210	-0.075	-0.11
Gata1$MA0035.1|GATA2$MA0036.1	3881.55	5496.75	7309.5	-4.5	-1.96	-0.46	186	74	112	-0.174	-0.25
ZFP57$MA1583.1	28123.5	34564.5	39656.0	-1.34	-0.21	0.64	377	186	191	-0.03	-0.101
TP53$MA0106.1|TP53$MA0106.3	17805.0	22280.0	25799.45	-0.59	0.24	1.72	262	140	122	0.266	0.15
ZIC1$MA0696.1|ZIC3$MA0697.1|ZIC4$MA0751.1|ZIC5$MA1584.1	22419.7	27346.75	32672.48	-0.08	1.2	3.32	322	173	149	0.146	0.285
NR3C1$MA0113.3|NR3C2$MA0727.1|Ar$MA0007.3	26140.57	31641.0	37676.77	-3.88	-1.55	0.02	376	161	215	-0.127	-0.187
RELA$MA0107.1|REL$MA0101.1|NFKB1$MA0105.3|NFKB2$MA0778.1|NFKB1$MA0105.1|NFKB1$MA0105.2|NFKB1$MA0105.4	16713.79	20784.5	25268.23	-0.01	1.8	4.13	332	190	142	0.329	0.449
GLIS2$MA0736.1	21271.2	26869.5	30171.2	-0.88	-0.02	1.13	328	161	167	-0.057	0.033
GRHL2$MA1105.1	34128.8	41562.0	46565.8	-1.21	-0.13	0.77	411	204	207	-0.003	0.038
ZKSCAN5$MA1652.1	32340.6	38931.0	46141.3	3.98	7.29	11.63	468	288	180	0.176	0.559
Sox2$MA0143.2|Sox2$MA0143.1	33394.55	40285.75	47311.6	-2.87	-0.98	0.4	419	200	219	-0.039	-0.131
Gfi1b$MA0483.1|GFI1$MA0038.2	19633.25	24708.25	28569.15	-0.44	0.58	2.14	289	159	130	0.139	0.199
Nkx2-5$MA0063.1	6106.6	8180.5	10399.4	-2.27	-0.62	-0.01	190	84	106	-0.121	-0.11
POU4F3$MA0791.1|POU4F1$MA0790.1|POU4F2$MA0683.1	30672.47	37278.5	42544.3	-0.68	0.08	1.57	419	216	203	0.029	0.086
NFATC2$MA0152.1|NFAT5$MA0606.1	15133.45	18918.5	23159.7	-5.01	-2.36	-0.65	259	113	146	-0.252	-0.348
OVOL2$MA1545.1|OVOL1$MA1544.1	37445.45	44661.25	52246.8	0.45	1.97	4.39	456	251	205	0.134	0.24
KLF15$MA1513.1	11307.3	14480.5	17711.3	-3.64	-1.39	-0.22	260	111	149	-0.24	-0.248
Nr2e3$MA0164.1	3059.3	4342.0	5900.1	-0.24	0.87	2.8	142	78	64	0.194	0.231
NR3C1$MA0113.1	46253.6	55299.0	61302.2	-0.98	0.03	0.94	471	237	234	0.042	-0.012
EBF1$MA0154.3|EBF1$MA0154.1|Ebf2$MA1604.1|EBF3$MA1637.1	18892.03	23689.38	27544.1	-1.39	-0.23	0.78	328	148	180	-0.105	-0.136
SPI1$MA0080.1	8415.2	11017.0	14095.6	5.14	8.59	12.83	274	178	96	0.422	0.657
Pax5$MA0014.1	62216.6	72185.0	83125.4	0.42	1.95	4.66	573	318	255	0.237	0.161
SOX14$MA1562.1	15375.7	19374.5	23878.1	-5.04	-2.44	-0.68	309	126	183	-0.248	-0.248
SRY$MA0084.1	8933.0	11763.0	14372.4	-2.87	-0.97	-0.07	231	95	136	-0.161	-0.204
SOX12$MA1561.1	20864.4	25854.0	30137.8	-1.48	-0.19	0.65	326	160	166	-0.016	-0.06
SMAD2::SMAD3::SMAD4$MA0513.1	29647.1	35944.5	41741.5	-0.37	0.48	2.01	390	201	189	0.014	0.081
ZBTB26$MA1579.1	29890.0	36040.5	42678.6	-2.54	-0.88	0.91	397	198	199	-0.004	-0.151
Isl1$MA1608.1	12347.3	15803.5	19598.0	-4.97	-2.12	-0.57	278	117	161	-0.116	-0.279
DUXA$MA0884.1|DUX4$MA0468.1	22133.95	27192.0	32059.6	-2.12	-0.56	0.64	362	180	182	-0.024	-0.157
NR2C2(var.2)$MA1536.1|NR2C1$MA1535.1	13276.45	16987.5	20080.1	-0.99	0.02	1.03	234	123	111	0.036	0.07
ZNF317$MA1593.1	19928.7	25042.5	29228.8	-0.35	0.35	1.86	324	174	150	0.096	0.009
CREB1$MA0018.1	25828.2	32035.0	36209.6	-0.82	-0.09	1.21	360	178	182	-0.041	0.039
CTCF$MA0139.1	48846.5	57663.5	66785.8	-0.52	0.97	3.0	501	258	243	0.104	0.169
GLIS1$MA0735.1|GLIS3$MA0737.1	18541.15	23309.5	26760.45	-1.58	-0.23	0.64	251	120	131	-0.028	-0.126
GATA1::TAL1$MA0140.2	48362.0	58031.5	64136.1	-0.79	0.08	1.14	484	243	241	0.004	0.035
BACH2(var.2)$MA1470.1	24770.6	30112.5	36268.1	0.58	2.14	4.63	378	212	166	0.237	0.291
RFX5$MA0510.1	32536.6	39740.0	44947.8	-1.32	-0.13	0.63	402	194	208	-0.066	0.004
MZF1$MA0056.1	5551.6	7511.5	9591.6	-0.78	0.78	2.74	184	93	91	0.07	0.273
THRB(var.3)$MA1576.1	39214.1	46077.0	52884.9	-1.66	-0.26	0.5	436	208	228	-0.142	-0.043
NR3C1$MA0113.2	33958.8	41062.0	47723.2	-0.36	0.46	2.02	416	218	198	0.118	0.094
Dux$MA0611.1	7689.2	10164.0	12972.8	-3.65	-1.35	-0.19	219	91	128	-0.238	-0.207
BARX2$MA1471.1	18489.8	23275.0	27894.7	-2.17	-0.5	0.45	315	153	162	-0.086	-0.072
Atoh1$MA0461.1	6528.9	8904.5	11043.4	-0.41	0.25	1.6	193	104	89	0.267	0.067
POU6F2$MA0793.1|POU6F1(var.2)$MA1549.1	12719.5	16011.5	19603.3	-0.28	1.06	3.06	258	144	114	0.202	0.237
Barhl1$MA0877.1	10625.8	13608.0	17026.0	-4.53	-2.01	-0.42	258	113	145	-0.086	-0.161
GCM2$MA0767.1|GCM1$MA0646.1	25652.2	31509.0	36503.9	-0.48	0.32	1.68	358	187	171	0.1	0.087
HINFP$MA0131.1	25634.4	31666.5	37991.1	1.75	4.21	7.56	405	245	160	0.444	0.416
HIC2$MA0738.1|Hic1$MA0739.1	13546.2	17192.5	20842.3	-2.34	-0.68	0.34	302	134	168	-0.104	-0.146
ELK1$MA0028.1	23072.2	27925.5	33713.9	4.9	8.31	12.68	409	265	144	0.39	0.484
Bcl6$MA0463.1	23041.4	28288.5	33081.6	-2.63	-0.76	0.8	351	174	177	-0.041	-0.129
KLF17$MA1514.1	35885.9	42979.5	48174.0	-0.59	0.21	1.37	420	212	208	0.021	0.034
ZNF136$MA1588.1	26196.0	32169.0	38174.4	-3.36	-1.14	0.52	379	181	198	-0.063	-0.208
ZBTB6$MA1581.1	18569.2	22740.5	28015.0	-3.26	-1.29	0.43	322	152	170	-0.114	-0.151
BCL6$MA0463.2	43642.2	52359.0	58745.3	-0.66	0.12	1.24	461	238	223	0.047	0.024
ZNF143$MA0088.2	30551.5	37394.0	42536.5	-1.68	-0.25	0.58	393	196	197	-0.014	-0.06
ZSCAN4$MA1155.1	34199.6	40978.0	47712.2	-0.06	1.11	3.24	426	229	197	0.043	0.163
ZNF263$MA0528.1	69851.2	81647.0	89580.8	-1.03	0.05	0.99	573	294	279	0.021	-0.01
ZNF140$MA1589.1	52297.9	61326.0	70246.8	-3.21	-1.07	0.0	518	240	278	-0.067	-0.153
Ar$MA0007.1	80772.5	93222.5	102843.6	-0.73	-0.27	1.81	619	305	314	-0.06	0.061
GRHL2$MA1105.2	15356.4	19362.5	23829.5	0.38	2.0	4.49	305	170	135	0.094	0.258
PLAGL2$MA1548.1	9106.7	11900.0	14776.2	-2.59	-0.77	-0.03	230	101	129	-0.238	-0.078
Smad4$MA1153.1	5539.4	7463.5	9515.3	-4.32	-1.83	-0.4	193	76	117	-0.509	-0.3
PRDM4$MA1647.1	18150.4	22193.0	26905.6	2.77	5.62	9.09	353	219	134	0.271	0.455
HNF1B$MA0153.1	11119.1	14363.5	18278.4	1.74	4.04	7.31	280	163	117	0.337	0.471
GATA3$MA0037.1	4935.9	6817.0	8924.1	-3.89	-1.47	-0.2	182	74	108	-0.187	-0.177
PAX3(var.2)$MA1546.1	51002.8	60078.0	68066.8	-0.51	0.28	1.53	498	261	237	0.08	0.044
Hoxd8$MA0910.1	30459.2	36849.0	42897.3	-3.14	-1.07	-0.08	404	180	224	-0.169	-0.074
HNF4A(var.2)$MA1494.1	24388.7	30204.5	34185.2	-1.1	-0.07	0.85	349	172	177	-0.042	-0.003
RARA::RXRA$MA0159.1	41882.5	50283.0	56486.8	-0.75	0.09	1.14	451	233	218	0.083	0.02
NFYA$MA0060.2	41939.4	49391.0	57160.1	-2.4	0.69	0.93	460	231	229	0.003	-0.118
Myb$MA0100.2	13148.0	16765.5	20497.1	0.72	2.37	5.12	288	175	113	0.334	0.303
Dmbx1$MA0883.1	42649.6	50055.0	58712.5	-3.75	-1.44	-0.2	474	211	263	-0.102	-0.174
ZNF652$MA1657.1	18543.7	23200.0	27628.2	0.1	0.95	3.01	321	181	140	0.097	0.142
VENTX$MA0724.1	10152.6	12853.5	16155.9	-4.37	-1.99	-0.47	251	108	143	-0.256	-0.285
MZF1(var.2)$MA0057.1	18414.9	22853.0	27279.1	-2.42	-0.68	0.04	315	144	171	-0.144	-0.104
Stat2$MA1623.1	23184.9	28527.5	34081.8	9.17	13.53	19.13	442	294	148	0.555	0.725
SIX2$MA1119.1	40743.3	48017.0	56121.0	2.85	5.74	9.56	504	298	206	0.228	0.343
MAFG::NFE2L1$MA0089.1	3856.5	5472.5	7156.6	0.91	2.73	5.45	173	107	66	0.331	0.384
ZNF684$MA1600.1	44980.1	53228.0	60474.0	-1.79	-0.37	0.34	471	225	246	-0.049	-0.079
SOX8$MA0868.1	13653.1	17015.5	20380.2	-0.5	0.26	1.46	266	141	125	0.06	0.065
Hes2$MA0616.1	34458.1	41492.0	46849.0	-1.52	-0.22	0.65	413	205	208	-0.009	-0.027
NR1H4$MA1110.1	17333.6	21618.5	25972.5	-0.05	0.94	2.93	310	168	142	0.105	0.118
E2F1$MA0024.1	12005.8	15348.5	18199.6	-1.35	-0.21	0.62	252	125	127	-0.144	-0.107
RORA$MA0071.1	14450.3	18351.5	21815.2	-1.77	-0.3	0.49	277	133	144	-0.079	-0.055
Tbxt$MA0009.1	14606.3	18459.5	22408.3	0.04	0.77	2.6	285	159	126	0.307	0.142
ZNF528$MA1597.1	36228.4	43406.0	50600.4	-0.21	0.59	2.14	430	227	203	0.045	0.108
NKX3-1$MA0124.1	3342.0	4804.0	6173.6	-0.32	0.56	2.31	146	79	67	0.07	0.211
SRF$MA0083.3	17588.1	21665.5	26087.8	-4.67	-2.24	-0.57	324	135	189	-0.183	-0.302
ZNF263$MA0528.2	22725.6	28296.0	32313.3	-1.33	0.15	0.69	340	171	169	0.009	-0.056
FOXO3$MA0157.1	9374.6	12704.5	14701.4	-0.95	0.0	0.96	225	111	114	-0.056	-0.015
Znf423$MA0116.1	20183.1	24675.5	29702.0	0.61	2.17	4.72	344	195	149	0.216	0.313
Foxa2$MA0047.1	22613.9	28418.5	31964.6	-1.02	-0.05	0.89	338	162	176	-0.065	0.016
Myb$MA0100.1	9028.6	11750.0	14617.7	1.25	3.38	6.48	251	147	104	0.244	0.387
PPARG$MA0066.1	47080.7	55742.0	64064.4	-0.71	0.68	2.34	488	246	242	0.023	0.127
Prdm15$MA1616.1	46040.0	55754.0	61465.6	-1.18	-0.07	0.86	474	232	242	-0.017	-0.028
SRF$MA0083.2	51103.7	60968.0	67700.2	-1.15	-0.08	0.85	496	241	255	-0.058	0.019
OSR2$MA1646.1	20009.3	24838.5	30132.1	0.12	1.95	4.54	343	188	155	0.109	0.22
NKX6-3$MA1530.1	11131.9	14808.5	17389.0	-0.83	-0.09	1.24	245	122	123	-0.004	0.038
NRF1$MA0506.1	14915.5	18926.5	22646.0	-0.46	0.4	2.01	283	146	137	0.079	0.133
PAX6$MA0069.1	31500.3	37682.5	44433.4	2.91	5.79	9.73	451	280	171	0.388	0.404
ZBTB33$MA0527.1	29345.5	35677.0	41738.7	-3.05	-1.1	0.54	398	191	207	-0.104	-0.17
Klf4$MA0039.1	19543.9	24286.5	29315.1	-3.02	-1.01	0.65	329	159	170	-0.092	-0.124
RARA::RXRG$MA1149.1	52298.7	61208.5	70749.0	-0.4	0.79	2.68	513	265	248	0.053	0.081
MYBL2$MA0777.1	27027.2	33365.5	39219.8	-0.42	1.4	3.71	389	205	184	0.107	0.178
PROX1$MA0794.1	17303.1	21474.5	25373.2	-1.87	-0.45	0.34	302	142	160	-0.014	-0.061
NR1I3$MA1534.1	10907.8	14185.5	16662.7	-0.67	0.1	1.29	240	126	114	0.055	0.04
Mecom$MA0029.1	20373.6	25711.5	31100.6	-3.82	-1.5	-0.21	344	148	196	-0.244	-0.234
ZBTB32$MA1580.1	14493.5	18007.5	22033.6	-0.41	0.81	2.76	282	147	135	0.038	0.175
CENPB$MA0637.1	47109.5	55857.0	62845.4	-0.5	0.35	1.71	482	246	236	0.053	0.077
SIX1$MA1118.1	19016.8	23645.0	29094.0	1.03	2.96	6.01	344	200	144	0.308	0.307
Arid5a$MA0602.1	33083.7	40512.5	45971.9	-0.79	0.1	1.23	405	204	201	0.015	-0.01
ZBED1$MA0749.1	16919.0	20792.5	25611.9	-3.66	-1.35	0.37	309	144	165	-0.069	-0.243
Ddit3::Cebpa$MA0019.1	30285.9	36709.0	43049.2	-1.93	0.38	0.64	392	196	196	0.003	-0.067
MYBL1$MA0776.1	28184.1	34642.5	39446.3	-0.7	-0.15	1.27	376	188	188	-0.001	0.047
NHLH2$MA1529.1	29251.2	36629.5	41325.4	-0.73	0.13	1.36	386	197	189	0.003	0.023
Hand1::Tcf3$MA0092.1	16309.2	20744.0	23754.5	-0.76	0.09	1.24	290	147	143	0.053	0.002
VDR$MA0693.2	7485.6	9775.5	12477.2	0.14	1.35	3.6	215	125	90	0.161	0.22
NFYB$MA0502.2	24222.6	29482.5	34218.8	-1.92	-0.44	0.38	353	168	185	-0.031	-0.061
Pax4$MA0068.1	181381.0	200983.5	221403.5	-4.2	-1.75	-0.33	939	437	502	-0.11	-0.101
MSGN1$MA1524.1	30278.1	37841.5	42044.3	-1.1	-0.01	0.9	389	191	198	-0.016	-0.004
MSANTD3$MA1523.1	17979.7	22478.0	26590.7	-0.47	0.29	1.83	306	161	145	0.109	0.038
FERD3L$MA1485.1	20355.9	25302.5	29590.6	-0.45	0.42	2.01	327	169	158	0.043	0.113
Six3$MA0631.1	52593.8	61640.0	69694.5	-0.75	-0.49	2.15	509	252	257	-0.029	0.066
NR1H2::RXRA$MA0115.1	9980.4	13098.5	15946.9	-1.62	-0.33	0.52	235	110	125	-0.273	-0.071
Rxra$MA0512.1	12794.8	16603.0	19907.3	-0.62	0.16	1.3	261	137	124	0.055	0.034
Gfi1$MA0038.1	15239.4	18846.0	22526.2	-0.46	0.38	1.71	282	146	136	0.088	0.028
PRDM1$MA0508.1	35657.2	42633.0	50700.5	5.42	9.21	14.09	500	314	186	0.448	0.528
INSM1$MA0155.1	23557.6	29455.0	33463.4	-1.24	-0.12	0.79	346	172	174	-0.02	-0.049
HOXC13$MA0907.1	15585.8	19850.5	22920.0	-1.16	-0.11	0.75	284	138	146	-0.017	-0.008
HOXA9$MA0594.2	21746.8	26875.5	31609.9	-0.38	0.43	1.95	337	175	162	0.026	0.036
Spz1$MA0111.1	23895.4	29801.5	34233.1	-0.93	0.12	1.33	348	181	167	0.083	0.027
ESR1$MA0112.3	17871.9	22767.5	26208.0	-1.21	-0.1	0.58	304	141	163	-0.075	0.0
KLF13$MA0657.1	58530.8	68968.5	78486.2	-2.23	-0.58	0.57	540	268	272	-0.023	-0.106
Mafb$MA0117.1	9231.2	11984.0	14684.2	-1.97	-0.41	0.38	226	108	118	-0.064	-0.089
MZF1$MA0056.2	30370.2	37071.0	42413.1	-1.31	-0.16	0.65	389	191	198	-0.017	-0.006
ZNF16$MA1654.1	47799.8	55981.0	64608.0	-2.67	-0.85	0.57	492	239	253	-0.086	-0.105
Meis1$MA0498.1	34970.2	41985.5	49670.2	-0.21	1.66	4.0	438	234	204	0.111	0.166
ZNF682$MA1599.1	34164.0	41545.5	47613.0	-0.51	0.29	1.62	415	212	203	0.024	0.009
TP63$MA0525.2	20289.3	25542.0	29328.7	-0.82	0.07	1.13	321	168	153	0.038	0.005
ZBTB14$MA1650.1	21917.8	27447.5	31336.6	-0.84	0.08	1.2	333	167	166	0.005	0.021
TP53$MA0106.2	34698.5	42055.0	48023.8	-0.73	-0.11	1.36	413	205	208	-0.028	0.032
Tal1::Gata1$MA0140.1	48514.3	56627.5	64925.8	-2.41	-0.69	0.32	492	237	255	-0.047	-0.033
NR2F1$MA0017.1	22074.4	27242.5	32617.7	0.31	1.61	4.1	355	195	160	0.203	0.244
Pou5f1::Sox2$MA0142.1	36149.0	43248.0	50119.4	-0.21	0.52	2.05	428	226	202	0.066	0.07
SOX18$MA1563.1	15058.0	19331.0	22212.2	-1.19	-0.1	0.77	280	138	142	-0.02	-0.02
IRF6$MA1509.1	17748.2	22428.0	27555.1	9.24	13.85	19.2	401	268	133	0.815	0.834
Dmrt1$MA1603.1	25948.3	31866.0	37029.4	-1.87	-0.4	0.38	366	175	191	-0.103	-0.063
TFAP2A$MA0003.1	6729.0	8944.0	11420.3	-3.28	-1.24	0.04	205	91	114	-0.169	-0.156
Creb3l2$MA0608.1	16187.3	20586.5	24257.0	-1.62	-0.29	0.64	293	143	150	-0.065	-0.077
Crx$MA0467.1	14761.6	18479.0	22287.1	-3.37	-1.09	0.11	289	133	156	-0.175	-0.142
Foxd3$MA0041.1	18056.5	22311.5	26946.8	-3.74	-1.47	-0.15	321	142	179	-0.151	-0.215
LIN54$MA0619.1	10386.1	13342.0	16345.6	-0.18	0.83	2.76	244	132	112	0.142	0.162
ZSCAN29$MA1602.1	14601.0	18319.0	22087.4	-2.54	-0.7	0.31	283	134	149	-0.063	-0.155
znf143$MA0088.1	66660.4	77822.5	86366.9	-1.53	-0.2	0.6	564	271	293	-0.093	-0.061
HLF$MA0043.1	24357.0	29928.0	34838.5	-0.4	0.31	1.71	353	186	167	0.15	0.046
YY1$MA0095.2	29126.7	35231.5	40923.0	-2.07	-0.47	0.23	386	180	206	-0.12	-0.105
ZNF460$MA1596.1	21179.5	26326.0	30272.0	-1.28	-0.15	0.73	328	162	166	-0.04	-0.055
THRB(var.2)$MA1575.1	31520.3	38038.0	43202.5	-0.28	0.19	1.45	395	213	182	0.03	-0.02
GATA1$MA0035.4	18952.0	23521.5	27110.3	-1.85	-0.34	0.44	314	148	166	-0.061	-0.035
RHOXF1$MA0719.1	6781.7	9022.0	11573.3	-6.56	-3.49	-1.39	223	87	136	-0.229	-0.338
ZFP42$MA1651.1	85098.0	100513.0	108384.9	-0.99	-0.01	1.11	634	310	324	-0.009	-0.01
FOXC1$MA0032.1	9553.0	12358.5	14738.0	-0.31	0.25	1.52	227	123	104	0.108	-0.055
RBPJ$MA1116.1	26477.6	32007.0	37555.2	-2.05	-0.41	0.5	367	180	187	-0.014	-0.117
AR$MA0007.2	36735.4	44073.0	51272.6	-0.18	0.63	2.16	434	231	203	0.046	0.114
PAX5$MA0014.2	56140.3	65443.5	76390.4	1.7	4.17	7.77	569	318	251	0.245	0.287
MTF1$MA0863.1	19113.7	24176.0	28433.4	-0.42	0.28	1.64	317	165	152	0.069	0.067
RREB1$MA0073.1	27084.2	33720.5	38024.4	-1.32	0.11	0.97	370	187	183	0.088	-0.048
Hnf4a$MA0114.3	28609.8	35082.5	39576.9	-1.27	0.1	0.74	377	189	188	0.005	-0.03
FOXH1$MA0479.1	20346.7	24856.0	29965.2	-0.04	1.03	3.01	333	181	152	0.045	0.149
ZNF341$MA1655.1	20139.3	25167.0	30505.1	0.74	2.47	5.05	350	210	140	0.153	0.199
Foxq1$MA0040.1	11984.7	15327.0	18915.4	-3.24	-1.09	0.14	264	121	143	-0.211	-0.177
ZKSCAN1$MA1585.1	13242.7	16916.0	20357.6	-0.57	0.36	1.7	267	136	131	0.031	0.098
Rarg(var.2)$MA0860.1	21185.5	26351.5	31672.8	-4.13	-1.67	0.02	350	159	191	-0.047	-0.276
Arid3a$MA0151.1	3371.3	4853.5	6488.6	-3.16	-1.11	-0.05	152	65	87	-0.628	-0.332
BCL6B$MA0731.1	10276.1	13730.0	16282.1	-1.24	-0.14	0.72	237	115	122	-0.035	-0.039
Rhox11$MA0629.1	46092.5	55232.5	61931.9	-0.64	0.14	1.44	474	240	234	0.02	0.014
MYB$MA0100.3	14696.4	18221.5	22068.1	1.86	4.27	7.62	314	196	118	0.092	0.366
Nr2e1$MA0676.1	16397.0	20216.0	24624.6	0.09	1.18	3.32	303	171	132	0.142	0.183
PRDM1$MA0508.2	19349.3	23855.0	29001.6	2.6	5.5	9.22	364	215	149	0.345	0.499
SRF$MA0083.1	20092.2	24985.5	29161.9	-1.35	-0.17	0.61	320	155	165	-0.21	-0.043
Arx$MA0874.1	30536.2	38052.0	42774.8	-1.13	-0.08	0.81	392	196	196	-0.007	-0.019
ZNF282$MA1154.1	44644.9	53566.5	60705.0	-1.84	-0.3	0.46	471	232	239	-0.013	-0.065
OSR1$MA1542.1	17262.4	21565.0	25680.6	-0.58	0.25	1.54	299	156	143	0.097	0.042
HINFP$MA0131.2	30745.3	37208.0	43970.8	0.78	2.72	5.6	424	241	183	0.271	0.257
Plagl1$MA1615.1	19704.5	24300.5	29123.6	-0.32	0.92	2.84	328	173	155	0.067	0.18
EWSR1-FLI1$MA0149.1	5043.6	6866.5	8673.8	-1.85	-0.42	0.32	172	80	92	-0.197	-0.205
ZNF75D$MA1601.1	22195.3	27413.0	31909.8	-1.74	-0.36	0.0	339	155	184	-0.086	-0.011
ZNF274$MA1592.1	56310.8	66717.0	74343.6	-1.29	-0.11	0.69	520	252	268	-0.022	-0.012
ZNF384$MA1125.1	11304.6	14643.5	18223.3	-6.67	-3.39	-1.33	278	110	168	-0.316	-0.422
PPARA::RXRA$MA1148.1	58519.4	67993.5	76802.7	-1.95	-0.47	0.6	534	265	269	-0.006	-0.073
ZNF449$MA1656.1	29166.8	35890.0	40580.8	-0.84	0.09	1.22	381	194	187	0.024	0.004
FOXI1$MA0042.1	19925.0	24622.5	28522.2	-0.71	0.14	1.5	317	162	155	0.051	-0.004
Stat6$MA0520.1	29897.1	36401.0	42506.9	-0.19	0.63	2.32	395	210	185	0.144	0.051
SP2$MA0516.2	32976.9	39311.0	45611.3	-2.95	-0.87	0.11	414	192	222	-0.095	-0.132
Pparg::Rxra$MA0065.2	41842.1	49400.0	56131.0	-1.88	-0.42	0.11	455	212	243	-0.075	-0.032
En1$MA0027.1	20286.6	25867.5	29140.8	-0.97	-0.03	1.02	322	159	163	-0.02	0.005
HLTF$MA0109.1	16093.6	20225.0	24871.4	-5.08	-2.29	-0.59	314	130	184	-0.159	-0.187
SPIB$MA0081.1	7611.5	10049.5	13069.3	8.43	12.92	17.72	285	195	90	0.861	0.894
ESR1$MA0112.1	33260.8	40245.5	46549.7	-0.01	0.27	1.63	408	220	188	0.161	0.042
E2F3$MA0469.3	10346.9	13419.5	17091.6	-3.87	-1.64	-0.25	253	107	146	-0.206	-0.254
NR6A1$MA1541.1	53035.5	62515.5	70776.0	-1.6	-0.24	0.54	507	247	260	-0.046	-0.03
HOXA5$MA0158.1	10037.1	13354.5	15808.4	-1.21	0.15	0.78	234	120	114	0.085	-0.104
SP1$MA0079.1	14349.8	18278.0	22372.6	-2.74	-0.88	0.21	285	134	151	-0.147	-0.153
PRDM1$MA0508.3	24337.6	29533.0	35567.2	-1.19	1.79	4.09	371	192	179	0.059	0.28
YY1$MA0095.1	3028.5	4392.5	5990.6	-9.71	-6.08	-3.09	175	60	115	-0.831	-0.739
Lhx3$MA0135.1	17249.9	21988.0	25343.0	-1.28	-0.11	0.63	299	142	157	-0.121	-0.015
THAP1$MA0597.1	15777.8	20215.0	24068.7	-2.36	-0.64	0.37	296	140	156	-0.053	-0.104
SPDEF$MA0686.1	29876.4	36002.0	42854.7	4.6	8.12	12.73	457	287	170	0.484	0.552
ZNF24$MA1124.1	28399.1	34901.0	39623.4	-0.79	-0.14	1.31	377	185	192	-0.04	0.051
